merchant_id,product_id,user_id,transaction_id,amount,timestamp,location,payment_method,category,age,annual_income,city,customer_segment,preferred_categories,registration_date,product_name,product_category,price,rating,stock,catalog_merchant_id,merchant_name,merchant_category,region,commission_rate,hour,day_of_week,month,is_weekend,day_period,is_working_hours,transaction_ts,transaction_date,epoch_seconds,age_group,catalog_merchant_mismatch,transaction_rank,user_transaction_count,rolling_amount_7d,active_days_7d,is_active,days_since_previous,seconds_since_previous,hours_since_previous,historical_average_amount,excess_percent,suspicion_flags,is_suspicious
M00243,P05952,U00015,TX0100628,1414.21,20240303150712,Rennes,CARD,Electronics,59,70771.19,Rennes,Premium,"[""Electronics"",""Books"",""Clothing""]",20240608,Pro Camera 5952,Electronics,1528.87,3.3,1055,M00243,GadgetShop 243,Electronics,Pays de la Loire,0.0487,15,Dimanche,Mars,1,Afternoon,1,2024-03-03T15:07:12.000Z,2024-03-03,1709478432,Âge Moyen,0,1,29,1414.21,1,0,,,,,,0,0
M00166,P03200,U00015,TX0053730,1661.82,20240307192532,Rennes,CARD,Electronics,59,70771.19,Rennes,Premium,"[""Electronics"",""Books"",""Clothing""]",20240608,Classic Smart TV 3200,Electronics,1721.17,2.9,123,M00166,TechStore 166,Electronics,Ile-de-France,0.0503,19,Jeudi,Mars,0,Evening,0,2024-03-07T19:25:32.000Z,2024-03-07,1709839532,Âge Moyen,0,2,29,3076.03,2,0,4,361100,100.31,1414.210000,17.51,0,0
M00544,P02934,U00015,TX0136570,1345.26,20240309002013,Rennes,CARD,Automotive,59,70771.19,Rennes,Premium,"[""Electronics"",""Books"",""Clothing""]",20240608,Classic Tyre Set 2934,Automotive,1359.54,3.5,471,M00544,AutoCenter 544,Automotive,Occitanie,0.0282,0,Samedi,Mars,1,Night,0,2024-03-09T00:20:13.000Z,2024-03-09,1709943613,Âge Moyen,0,3,29,4421.29,3,0,2,104081,28.91,1538.015000,-12.53,1,0
M00450,P04038,U00015,TX0077962,276.58,20240310201053,Rennes,CARD,Clothing,59,70771.19,Rennes,Premium,"[""Electronics"",""Books"",""Clothing""]",20240608,Essential Dress 4038,Clothing,248.85,3.8,167,M00450,TrendyWear 450,Clothing,Pays de la Loire,0.0277,20,Dimanche,Mars,1,Evening,0,2024-03-10T20:10:53.000Z,2024-03-10,1710101453,Âge Moyen,0,4,29,3283.66,3,0,1,157840,43.84,1473.763333,-81.23,0,0
M00107,P02045,U00015,TX0098043,39.13,20240509182054,Rennes,CARD,Books,59,70771.19,Rennes,Premium,"[""Electronics"",""Books"",""Clothing""]",20240608,Elite Comic Book 2045,Books,36.97,3.3,1187,M00107,BookHaven 107,Books,Ile-de-France,0.0288,18,Jeudi,Mai,0,Evening,0,2024-05-09T18:20:54.000Z,2024-05-09,1715278854,Âge Moyen,0,5,29,39.13,1,0,60,5177401,1438.17,1174.467500,-96.67,0,0
M00269,P01305,U00015,TX0020398,110.39,20240512195212,Rennes,CARD,Clothing,59,70771.19,Rennes,Premium,"[""Electronics"",""Books"",""Clothing""]",20240608,Pro Dress 1305,Clothing,120.55,2.9,850,M00269,FashionStore 269,Clothing,Grand Est,0.035,19,Dimanche,Mai,1,Evening,0,2024-05-12T19:52:12.000Z,2024-05-12,1715543532,Âge Moyen,0,6,29,149.52,2,0,3,264678,73.52,947.400000,-88.35,0,0
M00033,P03642,U00015,TX0132591,2059.03,20240523192149,Rennes,CARD,Electronics,59,70771.19,Rennes,Premium,"[""Electronics"",""Books"",""Clothing""]",20240608,Essential Camera 3642,Electronics,2143.68,4.0,243,M00033,DigitalHub 33,Electronics,,0.0715,19,Jeudi,Mai,0,Evening,0,2024-05-23T19:21:49.000Z,2024-05-23,1716492109,Âge Moyen,0,7,29,2059.03,1,0,11,948577,263.49,807.898333,154.86,0,0
M00514,P05619,U00015,TX0021968,148.37,20240524141453,Rennes,BANK_TRANSFER,Health,59,70771.19,Rennes,Premium,"[""Electronics"",""Books"",""Clothing""]",20240608,Elite Massage Gun 5619,Health,145.5,4.6,852,M00514,WellnessStore 514,Health,Pays de la Loire,0.0147,14,Vendredi,Mai,0,Afternoon,1,2024-05-24T14:14:53.000Z,2024-05-24,1716560093,Âge Moyen,0,8,29,2207.40,2,0,1,67984,18.88,986.631429,-84.96,0,0
M00060,P05834,U00015,TX0123027,235.27,20240528201724,Rennes,BANK_TRANSFER,Toys,59,70771.19,Rennes,Premium,"[""Electronics"",""Books"",""Clothing""]",20240608,Pro Action Figure 5834,Toys,105.76,3.8,120,M00060,KidsWorld 60,Toys,,0.0361,20,Mardi,Mai,0,Evening,0,2024-05-28T20:17:24.000Z,2024-05-28,1716927444,Âge Moyen,0,9,29,2442.67,3,0,4,367351,102.04,881.848750,-73.32,0,0
M00461,P04109,U00015,TX0114370,340.30,20240529074508,Rennes,CARD,Sports,59,70771.19,Rennes,Premium,"[""Electronics"",""Books"",""Clothing""]",20240608,Elite Tennis Racket 4109,Sports,162.56,2.1,455,M00461,SportHub 461,Sports,Ile-de-France,0.0411,7,Mercredi,Mai,0,Morning,0,2024-05-29T07:45:08.000Z,2024-05-29,1716968708,Âge Moyen,0,10,29,2782.97,4,0,1,41264,11.46,810.006667,-57.99,0,0
M00051,P03312,U00015,TX0000247,64.91,20240710092846,Rennes,CARD,Toys,59,70771.19,Rennes,Premium,"[""Electronics"",""Books"",""Clothing""]",20240608,Pro Doll 3312,Toys,65.08,2.2,37,M00051,ToyLand 51,Toys,Grand Est,0.0783,9,Mercredi,Juillet,0,Morning,1,2024-07-10T09:28:46.000Z,2024-07-10,1720603726,Âge Moyen,0,11,29,64.91,1,0,42,3635018,1009.73,763.036000,-91.49,0,0
M00210,P03964,U00015,TX0023602,8.97,20240713161514,Rennes,CARD,Books,59,70771.19,Rennes,Premium,"[""Electronics"",""Books"",""Clothing""]",20240608,Standard Novel 3964,Books,9.39,1.9,1171,M00210,BookCorner 210,Books,Pays de la Loire,0.0407,16,Samedi,Juillet,1,Afternoon,1,2024-07-13T16:15:14.000Z,2024-07-13,1720887314,Âge Moyen,0,12,29,73.88,2,0,3,283588,78.77,699.570000,-98.72,0,0
M00580,P05415,U00015,TX0089684,40.43,20240719183718,Marseille,CARD,Clothing,59,70771.19,Rennes,Premium,"[""Electronics"",""Books"",""Clothing""]",20240608,Classic T-Shirt 5415,Clothing,39.97,2.3,959,M00580,StyleShop 580,Clothing,Grand Est,0.0631,18,Vendredi,Juillet,0,Evening,0,2024-07-19T18:37:18.000Z,2024-07-19,1721414238,Âge Moyen,0,13,29,49.40,2,0,6,526924,146.37,642.020000,-93.70,0,0
M00525,P00231,U00015,TX0012645,1282.69,20240720085749,Rennes,CARD,Automotive,59,70771.19,Rennes,Premium,"[""Electronics"",""Books"",""Clothing""]",20240608,Standard Dash Cam 231,Automotive,1182.08,4.4,469,M00525,AutoShop 525,Automotive,Bretagne,0.0879,8,Samedi,Juillet,1,Morning,0,2024-07-20T08:57:49.000Z,2024-07-20,1721465869,Âge Moyen,0,14,29,1332.09,3,0,1,51631,14.34,595.743846,115.31,0,0
M00074,P05597,U00015,TX0050551,137.11,20240721004929,Rennes,CARD,Clothing,59,70771.19,Rennes,Premium,"[""Electronics"",""Books"",""Clothing""]",20240608,Classic Jeans 5597,Clothing,148.77,2.3,223,M00074,StyleShop 74,Clothing,Occitanie,0.0512,0,Dimanche,Juillet,1,Night,0,2024-07-21T00:49:29.000Z,2024-07-21,1721522969,Âge Moyen,0,15,29,1460.23,3,0,1,57100,15.86,644.811429,-78.74,1,0
M00087,P00395,U00015,TX0080580,1041.08,20240731172356,Rennes,CARD,Electronics,59,70771.19,Rennes,Premium,"[""Electronics"",""Books"",""Clothing""]",20240608,Premium Tablet 395,Electronics,1100.22,3.5,141,M00087,GadgetShop 87,Electronics,Nouvelle-Aquitaine,0.0295,17,Mercredi,Juillet,0,Afternoon,1,2024-07-31T17:23:56.000Z,2024-07-31,1722446636,Âge Moyen,0,16,29,1041.08,1,0,10,923667,256.57,610.964667,70.40,0,0
M00084,P00580,U00015,TX0065304,571.75,20240912083747,Toulouse,CARD,Electronics,59,70771.19,Rennes,Premium,"[""Electronics"",""Books"",""Clothing""]",20240608,Standard Tablet 580,Electronics,612.89,3.9,844,M00084,ElectroWorld 84,Electronics,Nouvelle-Aquitaine,0.0795,8,Jeudi,Septembre,0,Morning,0,2024-09-12T08:37:47.000Z,2024-09-12,1726130267,Âge Moyen,0,17,29,571.75,1,0,43,3683631,1023.23,637.846875,-10.36,0,0
M00214,P02684,U00015,TX0099452,178.11,20240928190205,Rennes,CARD,Books,59,70771.19,Rennes,Premium,"[""Electronics"",""Books"",""Clothing""]",20240608,Classic Novel 2684,Books,59.69,3.2,774,M00214,ReadMore 214,Books,Ile-de-France,0.0528,19,Samedi,Septembre,1,Evening,0,2024-09-28T19:02:05.000Z,2024-09-28,1727550125,Âge Moyen,0,18,29,178.11,1,0,16,1419858,394.41,633.958824,-71.91,0,0
M00480,P01228,U00015,TX0036188,459.08,20241204092628,Rennes,CARD,Clothing,59,70771.19,Rennes,Premium,"[""Electronics"",""Books"",""Clothing""]",20240608,Essential Sneakers 1228,Clothing,233.61,4.2,841,M00480,ClothingHub 480,Clothing,Occitanie,0.0722,9,Mercredi,Décembre,0,Morning,1,2024-12-04T09:26:28.000Z,2024-12-04,1733304388,Âge Moyen,0,19,29,459.08,1,0,67,5754263,1598.41,608.633889,-24.57,0,0
M00539,P04053,U00015,TX0012577,1477.23,20241206101808,Rennes,BANK_TRANSFER,Automotive,59,70771.19,Rennes,Premium,"[""Electronics"",""Books"",""Clothing""]",20240608,Essential Oil Filter 4053,Automotive,1334.29,4.3,818,M00539,AutoShop 539,Automotive,Ile-de-France,0.0499,10,Vendredi,Décembre,0,Morning,1,2024-12-06T10:18:08.000Z,2024-12-06,1733480288,Âge Moyen,0,20,29,1936.31,2,0,2,175900,48.86,600.762632,145.89,0,0
M00580,P01592,U00015,TX0097151,39.89,20241207091551,Rennes,CARD,Clothing,59,70771.19,Rennes,Premium,"[""Electronics"",""Books"",""Clothing""]",20240608,Pro T-Shirt 1592,Clothing,40.9,2.4,945,M00580,StyleShop 580,Clothing,Grand Est,0.0631,9,Samedi,Décembre,1,Morning,1,2024-12-07T09:15:51.000Z,2024-12-07,1733562951,Âge Moyen,0,21,29,1976.20,3,0,1,82663,22.96,644.586000,-93.81,0,0
M00258,P04005,U00015,TX0029176,1805.26,20241211212547,Lille,CARD,Electronics,59,70771.19,Rennes,Premium,"[""Electronics"",""Books"",""Clothing""]",20240608,Classic Smart TV 4005,Electronics,1965.85,4.4,639,M00258,DigitalHub 258,Electronics,Provence-Alpes-Côte d'Azur,0.0181,21,Mercredi,Décembre,0,Evening,0,2024-12-11T21:25:47.000Z,2024-12-11,1733952347,Âge Moyen,0,22,29,3322.38,3,0,4,389396,108.17,615.790952,193.16,0,0
M00033,P03817,U00015,TX0011988,631.23,20241212131448,Rennes,CARD,Electronics,59,70771.19,Rennes,Premium,"[""Electronics"",""Books"",""Clothing""]",20240608,Premium Camera 3817,Electronics,660.49,3.1,852,M00033,DigitalHub 33,Electronics,,0.0715,13,Jeudi,Décembre,0,Afternoon,1,2024-12-12T13:14:48.000Z,2024-12-12,1734009288,Âge Moyen,0,23,29,3953.61,4,0,1,56941,15.82,669.857727,-5.77,0,0
M00149,P01307,U00015,TX0102545,1452.94,20241215134916,Strasbourg,CARD,Electronics,59,70771.19,Rennes,Premium,"[""Electronics"",""Books"",""Clothing""]",20240608,Pro Tablet 1307,Electronics,1489.68,2.8,811,M00149,DigitalHub 149,Electronics,Normandie,0.0608,13,Dimanche,Décembre,1,Afternoon,1,2024-12-15T13:49:16.000Z,2024-12-15,1734270556,Âge Moyen,0,24,29,3889.43,3,0,3,261268,72.57,668.178261,117.45,0,0
M00037,P02389,U00015,TX0089206,66.17,20250326133103,Rennes,CARD,Books,59,70771.19,Rennes,Premium,"[""Electronics"",""Books"",""Clothing""]",20240608,Pro Novel 2389,Books,63.97,3.3,45,M00037,ReadMore 37,Books,Auvergne-Rhône-Alpes,0.0929,13,Mercredi,Mars,0,Afternoon,1,2025-03-26T13:31:03.000Z,2025-03-26,1742995863,Âge Moyen,0,25,29,66.17,1,0,101,8725307,2423.7,700.876667,-90.56,0,0
M00074,P02431,U00015,TX0118797,72.08,20251203183428,Rennes,CASH,Clothing,59,70771.19,Rennes,Premium,"[""Electronics"",""Books"",""Clothing""]",20240608,Pro Dress 2431,Clothing,74.34,3.8,506,M00074,StyleShop 74,Clothing,Occitanie,0.0512,18,Mercredi,Décembre,0,Evening,0,2025-12-03T18:34:28.000Z,2025-12-03,1764786868,Âge Moyen,0,26,29,72.08,1,0,252,21791005,6053.06,675.488400,-89.33,0,0
M00214,P01861,U00015,TX0118370,17.31,20251212210837,Rennes,CARD,Books,59,70771.19,Rennes,Premium,"[""Electronics"",""Books"",""Clothing""]",20240608,Classic Textbook 1861,Books,18.59,3.7,539,M00214,ReadMore 214,Books,Ile-de-France,0.0528,21,Vendredi,Décembre,0,Evening,0,2025-12-12T21:08:37.000Z,2025-12-12,1765573717,Âge Moyen,0,27,29,17.31,1,0,9,786849,218.57,652.280385,-97.35,0,0
M00391,P02220,U00015,TX0039225,114.53,20251224024155,Rennes,BANK_TRANSFER,Books,59,70771.19,Rennes,Premium,"[""Electronics"",""Books"",""Clothing""]",20240608,Standard Biography 2220,Books,54.37,5.0,945,M00391,BookHaven 391,Books,Ile-de-France,0.0789,2,Mercredi,Décembre,0,Night,0,2025-12-24T02:41:55.000Z,2025-12-24,1766544115,Âge Moyen,0,28,29,114.53,1,0,12,970398,269.56,628.762963,-81.78,1,0
M00147,P02673,U00015,TX0034101,19.61,20251228160254,Rennes,CARD,Books,59,70771.19,Rennes,Premium,"[""Electronics"",""Books"",""Clothing""]",20240608,Premium Cookbook 2673,Books,21.25,3.6,541,M00147,ReadMore 147,Books,Nouvelle-Aquitaine,0.0843,16,Dimanche,Décembre,1,Afternoon,1,2025-12-28T16:02:54.000Z,2025-12-28,1766937774,Âge Moyen,0,29,29,134.14,2,0,4,393659,109.35,610.397500,-96.79,0,0
M00470,P02116,U00016,TX0059886,433.97,20250102034459,Lille,CRYPTO,Food,36,71147.74,Nantes,Premium,"[""Sports""]",20240326,Standard Chocolate Box 2116,Food,55.09,4.8,862,M00470,GourmetShop 470,Food,Nouvelle-Aquitaine,0.0886,3,Jeudi,Janvier,0,Night,0,2025-01-02T03:44:59.000Z,2025-01-02,1735789499,Adulte,0,1,7,433.97,1,0,,,,,,2,1
M00470,P02116,U00016,TX0010379,60.89,20250102214155,Nantes,BANK_TRANSFER,Food,36,71147.74,Nantes,Premium,"[""Sports""]",20240326,Standard Chocolate Box 2116,Food,55.09,4.8,862,M00470,GourmetShop 470,Food,Nouvelle-Aquitaine,0.0886,21,Jeudi,Janvier,0,Evening,0,2025-01-02T21:41:55.000Z,2025-01-02,1735854115,Adulte,0,2,7,494.86,1,0,0,64616,17.95,433.970000,-85.97,0,0
M00082,P00023,U00016,TX0026300,184.78,20250103092159,Nantes,PAYPAL,Sports,36,71147.74,Nantes,Premium,"[""Sports""]",20240326,Classic Backpack 23,Sports,189.85,2.7,931,M00082,ActiveWear 82,Sports,Normandie,0.0366,9,Vendredi,Janvier,0,Morning,1,2025-01-03T09:21:59.000Z,2025-01-03,1735896119,Adulte,0,3,7,679.64,2,0,1,42004,11.67,247.430000,-25.32,0,0
M00098,P04286,U00016,TX0132108,73.06,20250106045433,Nantes,PAYPAL,Food,36,71147.74,Nantes,Premium,"[""Sports""]",20240326,Essential Cheese Platter 4286,Food,66.9,4.7,71,M00098,GourmetShop 98,Food,Nouvelle-Aquitaine,0.0206,4,Lundi,Janvier,0,Night,0,2025-01-06T04:54:33.000Z,2025-01-06,1736139273,Adulte,0,4,7,752.70,3,0,3,243154,67.54,226.546667,-67.75,1,0
M00482,P05539,U00016,TX0059382,238.21,20250109074736,Nantes,BANK_TRANSFER,Sports,36,71147.74,Nantes,Premium,"[""Sports""]",20240326,Pro Tennis Racket 5539,Sports,221.03,4.1,603,M00482,SportZone 482,Sports,Nouvelle-Aquitaine,0.0241,7,Jeudi,Janvier,0,Morning,0,2025-01-09T07:47:36.000Z,2025-01-09,1736408856,Adulte,0,5,7,556.94,4,0,3,269583,74.88,188.175000,26.59,0,0
M00267,P03907,U00016,TX0078828,906.18,20250124150908,Nantes,PAYPAL,Sports,36,71147.74,Nantes,Premium,"[""Sports""]",20240326,Elite Bicycle Helmet 3907,Sports,494.11,3.4,91,M00267,SportZone 267,Sports,Ile-de-France,0.0694,15,Vendredi,Janvier,0,Afternoon,1,2025-01-24T15:09:08.000Z,2025-01-24,1737731348,Adulte,0,6,7,906.18,1,0,15,1322492,367.36,198.182000,357.25,1,0
M00469,P05984,U00016,TX0041901,319.28,20250127132959,Nantes,PAYPAL,Sports,36,71147.74,Nantes,Premium,"[""Sports""]",20240326,Essential Running Shoes 5984,Sports,286.51,2.7,884,M00469,SportZone 469,Sports,Ile-de-France,0.0655,13,Lundi,Janvier,0,Afternoon,1,2025-01-27T13:29:59.000Z,2025-01-27,1737984599,Adulte,0,7,7,1225.46,2,0,3,253251,70.35,316.181667,0.98,0,0
M00124,P03258,U00026,TX0064408,197.01,20240719174557,Grenoble,CARD,Health,31,48657.89,Grenoble,Standard,"[""Health"",""Food"",""Toys""]",20240914,Elite Blood Monitor 3258,Health,198.69,3.4,616,M00124,WellnessStore 124,Health,Grand Est,0.0871,17,Vendredi,Juillet,0,Afternoon,1,2024-07-19T17:45:57.000Z,2024-07-19,1721411157,Adulte,0,1,3,197.01,1,0,,,,,,0,0
M00055,P05760,U00026,TX0102700,7.61,20240927224013,Grenoble,CARD,Books,31,48657.89,Grenoble,Standard,"[""Health"",""Food"",""Toys""]",20240914,Classic Comic Book 5760,Books,8.32,3.1,219,M00055,BookCorner 55,Books,Auvergne-Rhône-Alpes,0.0184,22,Vendredi,Septembre,0,Night,0,2024-09-27T22:40:13.000Z,2024-09-27,1727476813,Adulte,0,2,3,7.61,1,0,70,6065656,1684.9,197.010000,-96.14,1,0
M00113,P04613,U00026,TX0125232,200.65,20240928073158,Grenoble,CASH,Health,31,48657.89,Grenoble,Standard,"[""Health"",""Food"",""Toys""]",20240914,Pro Blood Monitor 4613,Health,184.35,4.1,708,M00113,HealthHub 113,Health,Nouvelle-Aquitaine,0.0646,7,Samedi,Septembre,1,Morning,0,2024-09-28T07:31:58.000Z,2024-09-28,1727508718,Adulte,0,3,3,208.26,2,0,1,31905,8.86,102.310000,96.12,0,0
M00539,P00275,U00037,TX0065411,1199.43,20250302183433,Marseille,CASH,Automotive,45,42165.03,Marseille,Premium,"[""Sports"",""Electronics"",""Automotive""]",20250421,Premium Car Parts 275,Automotive,1112.53,3.5,180,M00539,AutoShop 539,Automotive,Ile-de-France,0.0499,18,Dimanche,Mars,1,Evening,0,2025-03-02T18:34:33.000Z,2025-03-02,1740940473,Âge Moyen,0,1,25,1199.43,1,0,,,,,,0,0
M00054,P03877,U00037,TX0036428,1116.10,20250302202002,Marseille,CARD,Electronics,45,42165.03,Marseille,Premium,"[""Sports"",""Electronics"",""Automotive""]",20250421,Essential Headphones 3877,Electronics,1065.91,2.9,207,M00054,ElectroWorld 54,Electronics,Nouvelle-Aquitaine,0.0114,20,Dimanche,Mars,1,Evening,0,2025-03-02T20:20:02.000Z,2025-03-02,1740946802,Âge Moyen,0,2,25,2315.53,1,0,0,6329,1.76,1199.430000,-6.95,0,0
M00417,P05391,U00037,TX0113393,313.86,20250310222944,Marseille,CARD,Sports,45,42165.03,Marseille,Premium,"[""Sports"",""Electronics"",""Automotive""]",20250421,Standard Dumbbells 5391,Sports,316.01,1.5,613,M00417,SportHub 417,Sports,Bretagne,0.0194,22,Lundi,Mars,0,Night,0,2025-03-10T22:29:44.000Z,2025-03-10,1741645784,Âge Moyen,0,3,25,313.86,1,0,8,698982,194.16,1157.765000,-72.89,1,0
M00248,P03298,U00037,TX0111387,295.94,20250321213147,Marseille,CARD,Clothing,45,42165.03,Marseille,Premium,"[""Sports"",""Electronics"",""Automotive""]",20250421,Classic T-Shirt 3298,Clothing,310.29,2.9,675,M00248,ClothingHub 248,Clothing,Auvergne-Rhône-Alpes,0.0373,21,Vendredi,Mars,0,Evening,0,2025-03-21T21:31:47.000Z,2025-03-21,1742592707,Âge Moyen,0,4,25,295.94,1,0,11,946923,263.03,876.463333,-66.23,0,0
M00196,P00355,U00037,TX0019530,849.30,20250322033902,Marseille,CARD,Automotive,45,42165.03,Marseille,Premium,"[""Sports"",""Electronics"",""Automotive""]",20250421,Classic Car Battery 355,Automotive,880.77,3.6,586,M00196,MotorHub 196,Automotive,Auvergne-Rhône-Alpes,0.0558,3,Samedi,Mars,1,Night,0,2025-03-22T03:39:02.000Z,2025-03-22,1742614742,Âge Moyen,0,5,25,1145.24,2,0,1,22035,6.12,731.332500,16.13,1,0
M00017,P05423,U00037,TX0110501,18.70,20250326170448,Montpellier,CARD,Beauty,45,42165.03,Marseille,Premium,"[""Sports"",""Electronics"",""Automotive""]",20250421,Pro Shampoo 5423,Beauty,20.48,1.9,596,M00017,BeautyCorner 17,Beauty,Occitanie,0.0365,17,Mercredi,Mars,0,Afternoon,1,2025-03-26T17:04:48.000Z,2025-03-26,1743008688,Âge Moyen,0,6,25,1163.94,3,0,4,393946,109.43,754.926000,-97.52,0,0
M00583,P05101,U00037,TX0057321,184.54,20250411185646,Marseille,CARD,Sports,45,42165.03,Marseille,Premium,"[""Sports"",""Electronics"",""Automotive""]",20250421,Elite Bicycle Helmet 5101,Sports,169.9,4.1,620,M00583,ActiveWear 583,Sports,Bretagne,0.0363,18,Vendredi,Avril,0,Evening,0,2025-04-11T18:56:46.000Z,2025-04-11,1744397806,Âge Moyen,0,7,25,184.54,1,0,16,1389118,385.87,632.221667,-70.81,0,0
M00112,P03854,U00037,TX0018803,1436.17,20250412185825,Marseille,CARD,Electronics,45,42165.03,Marseille,Premium,"[""Sports"",""Electronics"",""Automotive""]",20250421,Pro Camera 3854,Electronics,1461.1,3.5,580,M00112,TechStore 112,Electronics,Provence-Alpes-Côte d'Azur,0.099,18,Samedi,Avril,1,Evening,0,2025-04-12T18:58:25.000Z,2025-04-12,1744484305,Âge Moyen,0,8,25,1620.71,2,0,1,86499,24.03,568.267143,152.73,0,0
M00160,P05134,U00037,TX0078728,1299.36,20250414162243,Marseille,CARD,Automotive,45,42165.03,Marseille,Premium,"[""Sports"",""Electronics"",""Automotive""]",20250421,Classic Oil Filter 5134,Automotive,1432.66,4.2,391,M00160,AutoCenter 160,Automotive,Ile-de-France,0.0642,16,Lundi,Avril,0,Afternoon,1,2025-04-14T16:22:43.000Z,2025-04-14,1744647763,Âge Moyen,0,9,25,2920.07,3,0,2,163458,45.41,676.755000,92.00,0,0
M00195,P05874,U00037,TX0015337,171.17,20250418154550,Marseille,CARD,Sports,45,42165.03,Marseille,Premium,"[""Sports"",""Electronics"",""Automotive""]",20250421,Classic Dumbbells 5874,Sports,81.45,2.8,214,M00195,SportHub 195,Sports,Hauts-de-France,0.044,15,Vendredi,Avril,0,Afternoon,1,2025-04-18T15:45:50.000Z,2025-04-18,1744991150,Âge Moyen,0,10,25,3091.24,4,0,4,343387,95.39,745.933333,-77.05,0,0
M00411,P00104,U00037,TX0088432,465.42,20250425220120,Marseille,CARD,Sports,45,42165.03,Marseille,Premium,"[""Sports"",""Electronics"",""Automotive""]",20250421,Elite Backpack 104,Sports,452.16,4.3,992,M00411,SportZone 411,Sports,Grand Est,0.0322,22,Vendredi,Avril,0,Night,0,2025-04-25T22:01:20.000Z,2025-04-25,1745618480,Âge Moyen,0,11,25,465.42,1,0,7,627330,174.26,688.457000,-32.40,1,0
M00324,P05256,U00037,TX0116760,15.49,20250506154341,Marseille,CARD,Food,45,42165.03,Marseille,Premium,"[""Sports"",""Electronics"",""Automotive""]",20250421,Elite Coffee Pack 5256,Food,5.19,2.1,404,M00324,FoodMart 324,Food,Grand Est,0.0257,15,Mardi,Mai,0,Afternoon,1,2025-05-06T15:43:41.000Z,2025-05-06,1746546221,Âge Moyen,0,12,25,15.49,1,0,11,927741,257.71,668.180909,-97.68,0,0
M00502,P03992,U00037,TX0016117,618.59,20250511183022,Marseille,CARD,Automotive,45,42165.03,Marseille,Premium,"[""Sports"",""Electronics"",""Automotive""]",20250421,Elite Tyre Set 3992,Automotive,615.81,2.2,1186,M00502,CarParts 502,Automotive,Bretagne,0.0543,18,Dimanche,Mai,1,Evening,0,2025-05-11T18:30:22.000Z,2025-05-11,1746988222,Âge Moyen,0,13,25,634.08,2,0,5,442001,122.78,613.790000,0.78,0,0
M00231,P00082,U00037,TX0070143,2966.86,20250519112119,Nice,CARD,Electronics,45,42165.03,Marseille,Premium,"[""Sports"",""Electronics"",""Automotive""]",20250421,Essential Tablet 82,Electronics,1443.93,4.5,330,M00231,GadgetShop 231,Electronics,Bretagne,0.0814,11,Lundi,Mai,0,Morning,1,2025-05-19T11:21:19.000Z,2025-05-19,1747653679,Âge Moyen,0,14,25,2966.86,1,0,8,665457,184.85,614.159231,383.08,1,0
M00160,P04991,U00037,TX0018413,2808.83,20250527121646,Marseille,PAYPAL,Automotive,45,42165.03,Marseille,Premium,"[""Sports"",""Electronics"",""Automotive""]",20250421,Pro Tyre Set 4991,Automotive,1451.19,4.6,557,M00160,AutoCenter 160,Automotive,Ile-de-France,0.0642,12,Mardi,Mai,0,Afternoon,1,2025-05-27T12:16:46.000Z,2025-05-27,1748348206,Âge Moyen,0,15,25,2808.83,1,0,8,694527,192.92,782.209286,259.09,0,0
M00348,P03612,U00037,TX0038881,50.34,20250527192741,Marseille,CARD,Food,45,42165.03,Marseille,Premium,"[""Sports"",""Electronics"",""Automotive""]",20250421,Essential Pasta Box 3612,Food,51.69,3.4,194,M00348,GourmetShop 348,Food,Auvergne-Rhône-Alpes,0.0669,19,Mardi,Mai,0,Evening,0,2025-05-27T19:27:41.000Z,2025-05-27,1748374061,Âge Moyen,0,16,25,2859.17,1,0,0,25855,7.18,917.317333,-94.51,0,0
M00557,P02558,U00037,TX0101827,1605.75,20250607125010,Marseille,CASH,Electronics,45,42165.03,Marseille,Premium,"[""Sports"",""Electronics"",""Automotive""]",20250421,Standard Smart TV 2558,Electronics,731.73,3.4,680,M00557,GadgetShop 557,Electronics,Normandie,0.067,12,Samedi,Juin,1,Afternoon,1,2025-06-07T12:50:10.000Z,2025-06-07,1749300610,Âge Moyen,0,17,25,1605.75,1,0,11,926549,257.37,863.131250,86.04,0,0
M00070,P03372,U00037,TX0042577,127.00,20250612153908,Marseille,PAYPAL,Beauty,45,42165.03,Marseille,Premium,"[""Sports"",""Electronics"",""Automotive""]",20250421,Standard Lipstick 3372,Beauty,126.66,4.6,716,M00070,GlowShop 70,Beauty,Grand Est,0.0779,15,Jeudi,Juin,0,Afternoon,1,2025-06-12T15:39:08.000Z,2025-06-12,1749742748,Âge Moyen,0,18,25,1732.75,2,0,5,442138,122.82,906.814706,-85.99,0,0
M00084,P00377,U00037,TX0117772,1734.58,20251204185410,Marseille,CARD,Electronics,45,42165.03,Marseille,Premium,"[""Sports"",""Electronics"",""Automotive""]",20250421,Classic Laptop 377,Electronics,1608.99,4.2,481,M00084,ElectroWorld 84,Electronics,Nouvelle-Aquitaine,0.0795,18,Jeudi,Décembre,0,Evening,0,2025-12-04T18:54:10.000Z,2025-12-04,1764874450,Âge Moyen,0,19,25,1734.58,1,0,175,15131702,4203.25,863.491667,100.88,0,0
M00275,P04177,U00037,TX0125510,506.84,20251205082139,Marseille,CARD,Sports,45,42165.03,Marseille,Premium,"[""Sports"",""Electronics"",""Automotive""]",20250421,Standard Yoga Mat 4177,Sports,467.56,3.9,269,M00275,FitnessShop 275,Sports,Provence-Alpes-Côte d'Azur,0.0981,8,Vendredi,Décembre,0,Morning,0,2025-12-05T08:21:39.000Z,2025-12-05,1764922899,Âge Moyen,0,20,25,2241.42,2,0,1,48449,13.46,909.338421,-44.26,0,0
M00308,P03963,U00037,TX0018400,104.38,20251210103906,Marseille,CARD,Toys,45,42165.03,Marseille,Premium,"[""Sports"",""Electronics"",""Automotive""]",20250421,Essential Doll 3963,Toys,99.06,4.5,667,M00308,PlayShop 308,Toys,Auvergne-Rhône-Alpes,0.059,10,Mercredi,Décembre,0,Morning,1,2025-12-10T10:39:06.000Z,2025-12-10,1765363146,Âge Moyen,0,21,25,2345.80,3,0,5,440247,122.29,889.213500,-88.26,0,0
M00461,P01461,U00037,TX0080692,889.27,20251211124500,Marseille,CARD,Sports,45,42165.03,Marseille,Premium,"[""Sports"",""Electronics"",""Automotive""]",20250421,Standard Yoga Mat 1461,Sports,321.96,3.7,606,M00461,SportHub 461,Sports,Ile-de-France,0.0411,12,Jeudi,Décembre,0,Afternoon,1,2025-12-11T12:45:00.000Z,2025-12-11,1765457100,Âge Moyen,0,22,25,3235.07,4,0,1,93954,26.1,851.840476,4.39,0,0
M00191,P00091,U00037,TX0093386,1030.67,20251216143604,Toulouse,CARD,Automotive,45,42165.03,Marseille,Premium,"[""Sports"",""Electronics"",""Automotive""]",20250421,Pro Car Parts 91,Automotive,947.3,4.9,891,M00191,MotorHub 191,Automotive,Ile-de-France,0.0593,14,Mardi,Décembre,0,Afternoon,1,2025-12-16T14:36:04.000Z,2025-12-16,1765895764,Âge Moyen,0,23,25,2024.32,3,0,5,438664,121.85,853.541818,20.75,0,0
M00122,P04750,U00037,TX0097389,1618.36,20251221221423,Marseille,CARD,Electronics,45,42165.03,Marseille,Premium,"[""Sports"",""Electronics"",""Automotive""]",20250421,Elite Laptop 4750,Electronics,1767.79,2.8,1183,M00122,ElectroWorld 122,Electronics,Auvergne-Rhône-Alpes,0.0557,22,Dimanche,Décembre,1,Night,0,2025-12-21T22:14:23.000Z,2025-12-21,1766355263,Âge Moyen,0,24,25,2649.03,2,0,5,459499,127.64,861.243043,87.91,1,0
M00383,P04344,U00037,TX0089565,209.74,20251230131650,Marseille,CASH,Sports,45,42165.03,Marseille,Premium,"[""Sports"",""Electronics"",""Automotive""]",20250421,Premium Dumbbells 4344,Sports,103.93,3.7,384,M00383,ActiveWear 383,Sports,Ile-de-France,0.0728,13,Mardi,Décembre,0,Afternoon,1,2025-12-30T13:16:50.000Z,2025-12-30,1767100610,Âge Moyen,0,25,25,209.74,1,0,9,745347,207.04,892.789583,-76.51,0,0
M00402,P01205,U00039,TX0074867,32.64,20241014195254,Lille,PAYPAL,Books,44,15376.43,Lille,Budget,"[""Electronics"",""Home & Garden"",""Sports"",""Health""]",20240415,Elite Atlas 1205,Books,32.38,3.0,590,M00402,ReadMore 402,Books,Nouvelle-Aquitaine,0.0951,19,Lundi,Octobre,0,Evening,0,2024-10-14T19:52:54.000Z,2024-10-14,1728935574,Adulte,0,1,11,32.64,1,0,,,,,,0,0
M00402,P05978,U00039,TX0113148,82.22,20241014195645,Lille,CRYPTO,Books,44,15376.43,Lille,Budget,"[""Electronics"",""Home & Garden"",""Sports"",""Health""]",20240415,Essential Toy Car 5978,Toys,142.57,4.7,870,M00333,ReadMore 402,Books,Nouvelle-Aquitaine,0.0951,19,Lundi,Octobre,0,Evening,0,2024-10-14T19:56:45.000Z,2024-10-14,1728935805,Adulte,1,2,11,114.86,1,0,0,231,0.06,32.640000,151.90,2,1
M00460,P03639,U00039,TX0117780,323.57,20241017092109,Lille,PAYPAL,Home & Garden,44,15376.43,Lille,Budget,"[""Electronics"",""Home & Garden"",""Sports"",""Health""]",20240415,Classic Plant Pot 3639,Home & Garden,310.16,3.5,738,M00460,DecorShop 460,Home & Garden,Pays de la Loire,0.0458,9,Jeudi,Octobre,0,Morning,1,2024-10-17T09:21:09.000Z,2024-10-17,1729156869,Adulte,0,3,11,438.43,2,0,3,221064,61.41,57.430000,463.42,1,0
M00368,P04295,U00039,TX0119566,500.37,20241028143600,Lille,PAYPAL,Sports,44,15376.43,Lille,Budget,"[""Electronics"",""Home & Garden"",""Sports"",""Health""]",20240415,Essential Yoga Mat 4295,Sports,264.87,2.1,976,M00368,SportHub 368,Sports,Auvergne-Rhône-Alpes,0.0548,14,Lundi,Octobre,0,Afternoon,1,2024-10-28T14:36:00.000Z,2024-10-28,1730126160,Adulte,0,4,11,500.37,1,0,11,969291,269.25,146.143333,242.38,0,0
M00010,P05493,U00039,TX0056668,43.68,20241108171312,Lille,CARD,Health,44,15376.43,Lille,Budget,"[""Electronics"",""Home & Garden"",""Sports"",""Health""]",20240415,Standard Vitamins 5493,Health,47.06,2.9,343,M00010,HealthShop 10,Health,Occitanie,0.0775,17,Vendredi,Novembre,0,Afternoon,1,2024-11-08T17:13:12.000Z,2024-11-08,1731085992,Adulte,0,5,11,43.68,1,0,11,959832,266.62,234.700000,-81.39,0,0
M00164,P00897,U00039,TX0003104,121.20,20241225105638,Lille,CARD,Clothing,44,15376.43,Lille,Budget,"[""Electronics"",""Home & Garden"",""Sports"",""Health""]",20240415,Essential Dress 897,Clothing,116.47,2.7,707,M00164,TrendyWear 164,Clothing,Provence-Alpes-Côte d'Azur,0.0252,10,Mercredi,Décembre,0,Morning,1,2024-12-25T10:56:38.000Z,2024-12-25,1735124198,Adulte,0,6,11,121.20,1,0,47,4038206,1121.72,196.496000,-38.32,0,0
M00529,P05291,U00039,TX0042332,1989.66,20250101143844,Lille,CARD,Electronics,44,15376.43,Lille,Budget,"[""Electronics"",""Home & Garden"",""Sports"",""Health""]",20240415,Elite Laptop 5291,Electronics,1833.74,3.6,737,M00529,GadgetShop 529,Electronics,Ile-de-France,0.0812,14,Mercredi,Janvier,0,Afternoon,1,2025-01-01T14:38:44.000Z,2025-01-01,1735742324,Adulte,0,7,11,1989.66,1,0,7,618126,171.7,183.946667,981.65,1,0
M00550,P00830,U00039,TX0119341,182.41,20250103073703,Lille,PAYPAL,Health,44,15376.43,Lille,Budget,"[""Electronics"",""Home & Garden"",""Sports"",""Health""]",20240415,Classic First Aid Kit 830,Health,201.98,2.5,914,M00550,VitalShop 550,Health,Ile-de-France,0.0313,7,Vendredi,Janvier,0,Morning,0,2025-01-03T07:37:03.000Z,2025-01-03,1735889823,Adulte,0,8,11,2172.07,2,0,2,147499,40.97,441.905714,-58.72,0,0
M00421,P00294,U00039,TX0128279,13.03,20250405073905,Lille,PAYPAL,Food,44,15376.43,Lille,Budget,"[""Electronics"",""Home & Garden"",""Sports"",""Health""]",20240415,Standard Chocolate Box 294,Food,11.67,3.3,706,M00421,FreshMarket 421,Food,Nouvelle-Aquitaine,0.017,7,Samedi,Avril,1,Morning,0,2025-04-05T07:39:05.000Z,2025-04-05,1743838745,Adulte,0,9,11,13.03,1,0,92,7948922,2208.03,409.468750,-96.82,0,0
M00495,P03552,U00039,TX0112216,231.17,20250405100210,Lille,PAYPAL,Toys,44,15376.43,Lille,Budget,"[""Electronics"",""Home & Garden"",""Sports"",""Health""]",20240415,Premium Doll 3552,Toys,117.94,3.6,1122,M00495,KidsWorld 495,Toys,Nouvelle-Aquitaine,0.044,10,Samedi,Avril,1,Morning,1,2025-04-05T10:02:10.000Z,2025-04-05,1743847330,Adulte,0,10,11,244.20,1,0,0,8585,2.38,365.420000,-36.74,0,0
M00285,P03707,U00039,TX0059258,373.58,20250424224946,Lille,CARD,Health,44,15376.43,Lille,Budget,"[""Electronics"",""Home & Garden"",""Sports"",""Health""]",20240415,Classic Vitamins 3707,Health,190.04,5.0,559,M00285,HealthHub 285,Health,Bretagne,0.0776,22,Jeudi,Avril,0,Night,0,2025-04-24T22:49:46.000Z,2025-04-24,1745534986,Adulte,0,11,11,373.58,1,0,19,1687656,468.79,351.995000,6.13,1,0
M00076,P00496,U00050,TX0068087,220.70,20250120195703,Rennes,CARD,Health,54,35877.92,Rennes,Standard,"[""Clothing"",""Health"",""Sports""]",20250503,,Health,211.86,4.7,201,M00076,HealthShop 76,Health,Pays de la Loire,0.0852,19,Lundi,Janvier,0,Evening,0,2025-01-20T19:57:03.000Z,2025-01-20,1737403023,Âge Moyen,0,1,11,220.70,1,0,,,,,,0,0
M00069,P03172,U00050,TX0073786,907.25,20250125065816,Rennes,CARD,Home & Garden,54,35877.92,Rennes,Standard,"[""Clothing"",""Health"",""Sports""]",20250503,Essential Rug 3172,Home & Garden,434.18,3.1,661,M00069,DecorShop 69,Home & Garden,Pays de la Loire,0.0598,6,Samedi,Janvier,1,Morning,0,2025-01-25T06:58:16.000Z,2025-01-25,1737788296,Âge Moyen,0,2,11,1127.95,2,0,5,385273,107.02,220.700000,311.08,1,0
M00569,P02501,U00050,TX0082996,191.00,20250129064349,Rennes,PAYPAL,Health,54,35877.92,Rennes,Standard,"[""Clothing"",""Health"",""Sports""]",20250503,Essential Massage Gun 2501,Health,201.0,4.4,995,M00569,VitalShop 569,Health,Ile-de-France,0.0949,6,Mercredi,Janvier,0,Morning,0,2025-01-29T06:43:49.000Z,2025-01-29,1738133029,Âge Moyen,0,3,11,1098.25,2,0,4,344733,95.76,563.975000,-66.13,0,0
M00596,P01940,U00050,TX0029139,186.00,20250201073126,Rennes,PAYPAL,Home & Garden,54,35877.92,Rennes,Standard,"[""Clothing"",""Health"",""Sports""]",20250503,Premium Cookware Set 1940,Home & Garden,176.52,2.3,778,M00596,HomeCenter 596,Home & Garden,Normandie,0.0151,7,Samedi,Février,1,Morning,0,2025-02-01T07:31:26.000Z,2025-02-01,1738395086,Âge Moyen,0,4,11,377.00,2,0,3,262057,72.79,439.650000,-57.69,0,0
M00218,P03770,U00050,TX0102369,33.47,20250212125611,Rennes,PAYPAL,Books,54,35877.92,Rennes,Standard,"[""Clothing"",""Health"",""Sports""]",20250503,Elite Cookbook 3770,Books,30.56,3.3,40,M00218,BookCorner 218,Books,Normandie,0.0168,12,Mercredi,Février,0,Afternoon,1,2025-02-12T12:56:11.000Z,2025-02-12,1739364971,Âge Moyen,0,5,11,33.47,1,0,11,969885,269.41,376.237500,-91.10,0,0
M00503,P03524,U00050,TX0057336,306.39,20250225223316,Rennes,PAYPAL,Clothing,54,35877.92,Rennes,Standard,"[""Clothing"",""Health"",""Sports""]",20250503,Elite Jacket 3524,Clothing,290.35,3.9,804,M00503,ClothingHub 503,Clothing,Occitanie,0.0787,22,Mardi,Février,0,Night,0,2025-02-25T22:33:16.000Z,2025-02-25,1740522796,Âge Moyen,0,6,11,306.39,1,0,13,1157825,321.62,307.684000,-0.42,1,0
M00035,P03671,U00050,TX0099084,319.93,20250301120155,Rennes,PAYPAL,Sports,54,35877.92,Rennes,Standard,"[""Clothing"",""Health"",""Sports""]",20250503,Pro Backpack 3671,Sports,310.78,5.0,567,M00035,ActiveWear 35,Sports,Hauts-de-France,0.0286,12,Samedi,Mars,1,Afternoon,1,2025-03-01T12:01:55.000Z,2025-03-01,1740830515,Âge Moyen,0,7,11,626.32,2,0,4,307719,85.48,307.468333,4.05,0,0
M00103,P01471,U00050,TX0127714,74.98,20250301192917,Rennes,PAYPAL,Health,54,35877.92,Rennes,Standard,"[""Clothing"",""Health"",""Sports""]",20250503,Essential First Aid Kit 1471,Health,78.39,2.5,854,M00103,WellnessStore 103,Health,Nouvelle-Aquitaine,0.0397,19,Samedi,Mars,1,Evening,0,2025-03-01T19:29:17.000Z,2025-03-01,1740857357,Âge Moyen,0,8,11,701.30,2,0,0,26842,7.46,309.248571,-75.75,0,0
M00384,P02833,U00050,TX0039072,193.15,20250310125749,Rennes,PAYPAL,Clothing,54,35877.92,Rennes,Standard,"[""Clothing"",""Health"",""Sports""]",20250503,Pro Jeans 2833,Clothing,213.39,4.3,406,M00384,StyleShop 384,Clothing,Ile-de-France,0.0874,12,Lundi,Mars,0,Afternoon,1,2025-03-10T12:57:49.000Z,2025-03-10,1741611469,Âge Moyen,0,9,11,193.15,1,0,9,754112,209.48,279.965000,-31.01,0,0
M00009,P00692,U00050,TX0025603,49.00,20250311221057,Reims,PAYPAL,Health,54,35877.92,Rennes,Standard,"[""Clothing"",""Health"",""Sports""]",20250503,Essential First Aid Kit 692,Health,48.26,2.3,677,M00009,VitalShop 9,Health,Nouvelle-Aquitaine,0.0627,22,Mardi,Mars,0,Night,0,2025-03-11T22:10:57.000Z,2025-03-11,1741731057,Âge Moyen,0,10,11,242.15,2,0,1,119588,33.22,270.318889,-81.87,1,0
M00270,P02011,U00050,TX0084930,165.14,20250314122823,Rennes,CARD,Clothing,54,35877.92,Rennes,Standard,"[""Clothing"",""Health"",""Sports""]",20250503,Premium Jeans 2011,Clothing,171.95,4.6,793,M00270,FashionStore 270,Clothing,Ile-de-France,0.0766,12,Vendredi,Mars,0,Afternoon,1,2025-03-14T12:28:23.000Z,2025-03-14,1741955303,Âge Moyen,0,11,11,407.29,3,0,3,224246,62.29,248.187000,-33.46,0,0
M00228,P04312,U00051,TX0001896,46.33,20240113163448,Angers,PAYPAL,Toys,21,68557.76,Angers,Premium,"[""Beauty"",""Automotive""]",20250818,Pro Building Blocks 4312,Toys,21.51,4.3,663,M00228,PlayShop 228,Toys,Nouvelle-Aquitaine,0.044,16,Samedi,Janvier,1,Afternoon,1,2024-01-13T16:34:48.000Z,2024-01-13,1705163688,Jeune,0,1,6,46.33,1,0,,,,,,0,0
M00339,P01922,U00051,TX0116563,2650.33,20240117114200,Angers,PAYPAL,Automotive,21,68557.76,Angers,Premium,"[""Beauty"",""Automotive""]",20250818,Premium Roof Rack 1922,Automotive,1262.91,4.9,950,M00339,CarParts 339,Automotive,Bretagne,0.036,11,Mercredi,Janvier,0,Morning,1,2024-01-17T11:42:00.000Z,2024-01-17,1705491720,Jeune,0,2,6,2696.66,2,0,4,328032,91.12,46.330000,5620.55,1,0
M00067,P00117,U00051,TX0078338,22.43,20240122150641,Angers,CASH,Beauty,21,68557.76,Angers,Premium,"[""Beauty"",""Automotive""]",20250818,Pro Lipstick 117,Beauty,24.46,3.1,1104,M00067,BeautyCorner 67,Beauty,Provence-Alpes-Côte d'Azur,0.0305,15,Lundi,Janvier,0,Afternoon,1,2024-01-22T15:06:41.000Z,2024-01-22,1705936001,Jeune,0,3,6,2672.76,2,0,5,444281,123.41,1348.330000,-98.34,0,0
M00405,P04080,U00051,TX0070165,87.92,20240125194605,Angers,PAYPAL,Beauty,21,68557.76,Angers,Premium,"[""Beauty"",""Automotive""]",20250818,,Beauty,96.76,3.5,698,M00405,BeautyWorld 405,Beauty,Nouvelle-Aquitaine,0.057,19,Jeudi,Janvier,0,Evening,0,2024-01-25T19:46:05.000Z,2024-01-25,1706211965,Jeune,0,4,6,110.35,2,0,3,275964,76.66,906.363333,-90.30,0,0
M00293,P05981,U00051,TX0029259,125.91,20240126091641,Angers,PAYPAL,Beauty,21,68557.76,Angers,Premium,"[""Beauty"",""Automotive""]",20250818,Standard Lipstick 5981,Beauty,115.31,2.1,493,M00293,BeautyCorner 293,Beauty,Grand Est,0.0725,9,Vendredi,Janvier,0,Morning,1,2024-01-26T09:16:41.000Z,2024-01-26,1706260601,Jeune,0,5,6,236.26,3,0,1,48636,13.51,701.752500,-82.06,0,0
M00339,P05844,U00051,TX0107157,1458.21,20240311110227,Angers,BANK_TRANSFER,Automotive,21,68557.76,Angers,Premium,"[""Beauty"",""Automotive""]",20250818,Classic Car Battery 5844,Automotive,1533.74,4.1,919,M00339,CarParts 339,Automotive,Bretagne,0.036,11,Lundi,Mars,0,Morning,1,2024-03-11T11:02:27.000Z,2024-03-11,1710154947,Jeune,0,6,6,1458.21,1,0,45,3894346,1081.76,586.584000,148.59,0,0
M00599,P00706,U00052,TX0133908,89.23,20241219184733,Paris,CASH,Food,43,17709.07,Paris,Budget,"[""Electronics"",""Food""]",20230912,Premium Cheese Platter 706,Food,85.02,4.4,602,M00599,GourmetShop 599,Food,Provence-Alpes-Côte d'Azur,0.0134,18,Jeudi,Décembre,0,Evening,0,2024-12-19T18:47:33.000Z,2024-12-19,1734634053,Adulte,0,1,5,89.23,1,0,,,,,,0,0
M00599,P01909,U00052,TX0127645,81.32,20250401184621,Paris,CARD,Food,43,17709.07,Paris,Budget,"[""Electronics"",""Food""]",20230912,Premium Coffee Pack 1909,Food,80.43,4.6,336,M00599,GourmetShop 599,Food,Provence-Alpes-Côte d'Azur,0.0134,18,Mardi,Avril,0,Evening,0,2025-04-01T18:46:21.000Z,2025-04-01,1743533181,Adulte,0,2,5,81.32,1,0,103,8899128,2471.98,89.230000,-8.86,0,0
M00351,P00172,U00052,TX0012330,1704.33,20250411165542,Paris,CASH,Electronics,43,17709.07,Paris,Budget,"[""Electronics"",""Food""]",20230912,Elite Laptop 172,Electronics,1799.54,4.1,336,M00351,GadgetShop 351,Electronics,Ile-de-France,0.0617,16,Vendredi,Avril,0,Afternoon,1,2025-04-11T16:55:42.000Z,2025-04-11,1744390542,Adulte,0,3,5,1704.33,1,0,10,857361,238.16,85.275000,1898.63,1,0
M00281,P03962,U00052,TX0037521,155.76,20250416062212,Paris,CASH,Beauty,43,17709.07,Paris,Budget,"[""Electronics"",""Food""]",20230912,Elite Nail Kit 3962,Beauty,77.8,2.6,434,M00281,BeautyCorner 281,Beauty,Nouvelle-Aquitaine,0.0208,6,Mercredi,Avril,0,Morning,0,2025-04-16T06:22:12.000Z,2025-04-16,1744784532,Adulte,0,4,5,1860.09,2,0,5,393990,109.44,624.960000,-75.08,0,0
M00294,P04383,U00052,TX0017162,49.88,20250416144459,Paris,PAYPAL,Books,43,17709.07,Paris,Budget,"[""Electronics"",""Food""]",20230912,Standard Atlas 4383,Books,49.57,3.2,139,M00294,ReadMore 294,Books,Pays de la Loire,0.0908,14,Mercredi,Avril,0,Afternoon,1,2025-04-16T14:44:59.000Z,2025-04-16,1744814699,Adulte,0,5,5,1909.97,2,0,0,30167,8.38,507.660000,-90.17,0,0
M00093,P03465,U00064,TX0090264,245.90,20240102181658,Angers,CARD,Health,38,48416.8,Angers,Standard,"[""Toys"",""Clothing""]",20241119,Classic Massage Gun 3465,Health,219.64,3.5,475,M00093,HealthHub 93,Health,Provence-Alpes-Côte d'Azur,0.0303,18,Mardi,Janvier,0,Evening,0,2024-01-02T18:16:58.000Z,2024-01-02,1704219418,Adulte,0,1,19,245.90,1,0,,,,,,0,0
M00104,P00106,U00064,TX0085773,105.48,20240120073629,Angers,CARD,Toys,38,48416.8,Angers,Standard,"[""Toys"",""Clothing""]",20241119,Elite Puzzle 106,Toys,99.81,3.9,1044,M00104,ToyLand 104,Toys,Auvergne-Rhône-Alpes,0.0732,7,Samedi,Janvier,1,Morning,0,2024-01-20T07:36:29.000Z,2024-01-20,1705736189,Adulte,0,2,19,105.48,1,0,18,1516771,421.33,245.900000,-57.10,0,0
M00270,P05330,U00064,TX0001094,126.53,20240120143456,Angers,CARD,Clothing,38,48416.8,Angers,Standard,"[""Toys"",""Clothing""]",20241119,Elite Scarf 5330,Clothing,128.12,3.4,153,M00270,FashionStore 270,Clothing,Ile-de-France,0.0766,14,Samedi,Janvier,1,Afternoon,1,2024-01-20T14:34:56.000Z,2024-01-20,1705761296,Adulte,0,3,19,232.01,1,0,0,25107,6.97,175.690000,-27.98,0,0
M00314,P05674,U00064,TX0093045,61.38,20240202162353,Angers,BANK_TRANSFER,Toys,38,48416.8,Angers,Standard,"[""Toys"",""Clothing""]",20241119,Premium Toy Car 5674,Toys,29.77,4.5,957,M00314,PlayShop 314,Toys,Occitanie,0.0253,16,Vendredi,Février,0,Afternoon,1,2024-02-02T16:23:53.000Z,2024-02-02,1706891033,Adulte,0,4,19,61.38,1,0,13,1129737,313.82,159.303333,-61.47,0,0
M00468,P03467,U00064,TX0000524,16.52,20240221195243,Angers,CARD,Clothing,38,48416.8,Angers,Standard,"[""Toys"",""Clothing""]",20241119,Premium Dress 3467,Clothing,17.86,2.6,118,M00468,StyleShop 468,Clothing,Ile-de-France,0.0993,19,Mercredi,Février,0,Evening,0,2024-02-21T19:52:43.000Z,2024-02-21,1708545163,Adulte,0,5,19,16.52,1,0,19,1654130,459.48,134.822500,-87.75,0,0
M00203,P03018,U00064,TX0041182,203.79,20240226094803,Angers,CARD,Sports,38,48416.8,Angers,Standard,"[""Toys"",""Clothing""]",20241119,Elite Running Shoes 3018,Sports,196.7,2.2,848,M00203,SportHub 203,Sports,Hauts-de-France,0.044,9,Lundi,Février,0,Morning,1,2024-02-26T09:48:03.000Z,2024-02-26,1708940883,Adulte,0,6,19,220.31,2,0,5,395720,109.92,111.162000,83.33,0,0
M00563,P05850,U00064,TX0049293,83.60,20240321182219,Angers,CASH,Toys,38,48416.8,Angers,Standard,"[""Toys"",""Clothing""]",20241119,Essential Board Game 5850,Toys,86.87,3.5,7,M00563,ToyLand 563,Toys,,0.0811,18,Jeudi,Mars,0,Evening,0,2024-03-21T18:22:19.000Z,2024-03-21,1711045339,Adulte,0,7,19,83.60,1,0,24,2104456,584.57,126.600000,-33.97,0,0
M00440,P02303,U00064,TX0085755,271.86,20240323200229,Angers,PAYPAL,Clothing,38,48416.8,Angers,Standard,"[""Toys"",""Clothing""]",20241119,Standard Dress 2303,Clothing,278.14,5.0,100,M00440,ClothingHub 440,Clothing,Ile-de-France,0.0534,20,Samedi,Mars,1,Evening,0,2024-03-23T20:02:29.000Z,2024-03-23,1711224149,Adulte,0,8,19,355.46,2,0,2,178810,49.67,120.457143,125.69,0,0
M00450,P03736,U00064,TX0073019,240.55,20240328131457,Angers,CARD,Clothing,38,48416.8,Angers,Standard,"[""Toys"",""Clothing""]",20241119,Premium Jeans 3736,Clothing,221.38,4.3,135,M00450,TrendyWear 450,Clothing,Pays de la Loire,0.0277,13,Jeudi,Mars,0,Afternoon,1,2024-03-28T13:14:57.000Z,2024-03-28,1711631697,Adulte,0,9,19,596.01,3,0,5,407548,113.21,139.382500,72.58,0,0
M00598,P02481,U00064,TX0021128,316.63,20240607151047,Angers,PAYPAL,Clothing,38,48416.8,Angers,Standard,"[""Toys"",""Clothing""]",20241119,Classic Sneakers 2481,Clothing,299.02,4.0,1018,M00598,TrendyWear 598,Clothing,Hauts-de-France,0.0127,15,Vendredi,Juin,0,Afternoon,1,2024-06-07T15:10:47.000Z,2024-06-07,1717773047,Adulte,0,10,19,316.63,1,0,71,6141350,1705.93,150.623333,110.21,0,0
M00208,P04153,U00064,TX0109951,114.82,20240613200245,Angers,CARD,Toys,38,48416.8,Angers,Standard,"[""Toys"",""Clothing""]",20241119,Elite Doll 4153,Toys,125.2,4.2,629,M00208,ToyLand 208,Toys,Auvergne-Rhône-Alpes,0.0103,20,Jeudi,Juin,0,Evening,0,2024-06-13T20:02:45.000Z,2024-06-13,1718308965,Adulte,0,11,19,431.45,2,0,6,535918,148.87,167.224000,-31.34,0,0
M00257,P00141,U00064,TX0078121,35.26,20240630155549,Angers,CARD,Toys,38,48416.8,Angers,Standard,"[""Toys"",""Clothing""]",20241119,Pro Puzzle 141,Toys,33.54,3.1,523,M00257,KidsWorld 257,Toys,Auvergne-Rhône-Alpes,0.0369,15,Dimanche,Juin,1,Afternoon,1,2024-06-30T15:55:49.000Z,2024-06-30,1719762949,Adulte,0,12,19,35.26,1,0,17,1453984,403.88,162.460000,-78.30,0,0
M00257,P04616,U00064,TX0057951,81.94,20240630155703,Angers,CASH,Toys,38,48416.8,Angers,Standard,"[""Toys"",""Clothing""]",20241119,Premium Atlas 4616,Books,31.11,5.0,401,M00002,KidsWorld 257,Toys,Auvergne-Rhône-Alpes,0.0369,15,Dimanche,Juin,1,Afternoon,1,2024-06-30T15:57:03.000Z,2024-06-30,1719763023,Adulte,1,13,19,117.20,1,0,0,74,0.02,151.860000,-46.04,1,0
M00585,P03593,U00064,TX0081854,79.65,20240704064527,Angers,CARD,Clothing,38,48416.8,Angers,Standard,"[""Toys"",""Clothing""]",20241119,Essential Scarf 3593,Clothing,77.13,1.3,126,M00585,StyleShop 585,Clothing,Ile-de-France,0.0194,6,Jeudi,Juillet,0,Morning,0,2024-07-04T06:45:27.000Z,2024-07-04,1720075527,Adulte,0,14,19,196.85,2,0,4,312504,86.81,146.481538,-45.62,0,0
M00172,P05788,U00064,TX0115955,210.75,20240712073127,Angers,CARD,Clothing,38,48416.8,Angers,Standard,"[""Toys"",""Clothing""]",20241119,Pro Jeans 5788,Clothing,77.93,2.9,1049,M00172,FashionStore 172,Clothing,Hauts-de-France,0.0305,7,Vendredi,Juillet,0,Morning,0,2024-07-12T07:31:27.000Z,2024-07-12,1720769487,Adulte,0,15,19,210.75,1,0,8,693960,192.77,141.707857,48.72,0,0
M00073,P02881,U00064,TX0135728,101.64,20241206213058,Angers,CARD,Toys,38,48416.8,Angers,Standard,"[""Toys"",""Clothing""]",20241119,Essential Board Game 2881,Toys,95.22,2.7,1064,M00073,ToyHub 73,Toys,Hauts-de-France,0.0348,21,Vendredi,Décembre,0,Evening,0,2024-12-06T21:30:58.000Z,2024-12-06,1733520658,Adulte,0,16,19,101.64,1,0,147,12751171,3541.99,146.310667,-30.53,0,0
M00439,P03164,U00064,TX0028261,135.65,20241215095932,Angers,PAYPAL,Toys,38,48416.8,Angers,Standard,"[""Toys"",""Clothing""]",20241119,Standard Toy Car 3164,Toys,133.23,4.3,466,M00439,ToyLand 439,Toys,Provence-Alpes-Côte d'Azur,0.0999,9,Dimanche,Décembre,1,Morning,1,2024-12-15T09:59:32.000Z,2024-12-15,1734256772,Adulte,0,17,19,135.65,1,0,9,736114,204.48,143.518750,-5.48,0,0
M00527,P05535,U00064,TX0029412,116.42,20241218210532,Angers,CARD,Toys,38,48416.8,Angers,Standard,"[""Toys"",""Clothing""]",20241119,Standard Action Figure 5535,Toys,114.42,5.0,1070,M00527,KidsWorld 527,Toys,Occitanie,0.032,21,Mercredi,Décembre,0,Evening,0,2024-12-18T21:05:32.000Z,2024-12-18,1734555932,Adulte,0,18,19,252.07,2,0,3,299160,83.1,143.055882,-18.62,0,0
M00278,P00607,U00064,TX0038569,593.80,20241227180609,Angers,PAYPAL,Clothing,38,48416.8,Angers,Standard,"[""Toys"",""Clothing""]",20241119,Essential Scarf 607,Clothing,284.13,4.4,913,M00278,StyleShop 278,Clothing,Occitanie,0.0509,18,Vendredi,Décembre,0,Evening,0,2024-12-27T18:06:09.000Z,2024-12-27,1735322769,Adulte,0,19,19,593.80,1,0,9,766837,213.01,141.576111,319.42,1,0
M00027,P04506,U00065,TX0062313,142.03,20240505171702,Toulouse,CRYPTO,Beauty,46,36645.7,Toulouse,Standard,"[""Beauty"",""Sports"",""Health""]",20250521,Standard Perfume 4506,Beauty,151.81,4.5,1108,M00027,GlowShop 27,Beauty,Ile-de-France,0.0382,17,Dimanche,Mai,1,Afternoon,1,2024-05-05T17:17:02.000Z,2024-05-05,1714929422,Âge Moyen,0,1,12,142.03,1,0,,,,,,1,0
M00494,P04807,U00065,TX0027248,10.69,20240506164146,Toulouse,CASH,Books,46,36645.7,Toulouse,Standard,"[""Beauty"",""Sports"",""Health""]",20250521,Essential Biography 4807,Books,10.48,3.8,733,M00494,ReadMore 494,Books,Occitanie,0.0946,16,Lundi,Mai,0,Afternoon,1,2024-05-06T16:41:46.000Z,2024-05-06,1715013706,Âge Moyen,0,2,12,152.72,2,0,1,84284,23.41,142.030000,-92.47,0,0
M00195,P04496,U00065,TX0091099,106.39,20240520140008,Toulouse,BANK_TRANSFER,Sports,46,36645.7,Toulouse,Standard,"[""Beauty"",""Sports"",""Health""]",20250521,Essential Yoga Mat 4496,Sports,95.29,3.6,1095,M00195,SportHub 195,Sports,Hauts-de-France,0.044,14,Lundi,Mai,0,Afternoon,1,2024-05-20T14:00:08.000Z,2024-05-20,1716213608,Âge Moyen,0,3,12,106.39,1,0,14,1199902,333.31,76.360000,39.33,0,0
M00361,P01772,U00065,TX0047593,22.04,20240529170909,Toulouse,BANK_TRANSFER,Health,46,36645.7,Toulouse,Standard,"[""Beauty"",""Sports"",""Health""]",20250521,Essential Vitamins 1772,Health,20.39,1.8,529,M00361,WellnessStore 361,Health,Grand Est,0.0901,17,Mercredi,Mai,0,Afternoon,1,2024-05-29T17:09:09.000Z,2024-05-29,1717002549,Âge Moyen,0,4,12,22.04,1,0,9,788941,219.15,86.370000,-74.48,0,0
M00579,P03870,U00065,TX0051350,148.84,20240608004102,Toulouse,BANK_TRANSFER,Beauty,46,36645.7,Toulouse,Standard,"[""Beauty"",""Sports"",""Health""]",20250521,Pro Shampoo 3870,Beauty,153.22,3.9,764,M00579,CosmeticHub 579,Beauty,Pays de la Loire,0.0656,0,Samedi,Juin,1,Night,0,2024-06-08T00:41:02.000Z,2024-06-08,1717807262,Âge Moyen,0,5,12,148.84,1,0,10,804713,223.53,70.287500,111.76,1,0
M00280,P03903,U00065,TX0120743,32.39,20240613190209,Toulouse,BANK_TRANSFER,Health,46,36645.7,Toulouse,Standard,"[""Beauty"",""Sports"",""Health""]",20250521,Elite Vitamins 3903,Health,35.07,4.0,269,M00280,HealthHub 280,Health,Provence-Alpes-Côte d'Azur,0.09,19,Jeudi,Juin,0,Evening,0,2024-06-13T19:02:09.000Z,2024-06-13,1718305329,Âge Moyen,0,6,12,181.23,2,0,5,498067,138.35,85.998000,-62.34,0,0
M00171,P01126,U00065,TX0038143,9.80,20240620021720,Toulouse,BANK_TRANSFER,Beauty,46,36645.7,Toulouse,Standard,"[""Beauty"",""Sports"",""Health""]",20250521,Premium Face Cream 1126,Beauty,10.62,3.1,112,M00171,CosmeticHub 171,Beauty,Grand Est,0.0625,2,Jeudi,Juin,0,Night,0,2024-06-20T02:17:20.000Z,2024-06-20,1718849840,Âge Moyen,0,7,12,42.19,2,0,7,544511,151.25,77.063333,-87.28,1,0
M00525,P04576,U00065,TX0117767,1014.66,20240622060205,Toulouse,CARD,Automotive,46,36645.7,Toulouse,Standard,"[""Beauty"",""Sports"",""Health""]",20250521,Classic Oil Filter 4576,Automotive,490.95,2.9,2,M00525,AutoShop 525,Automotive,Bretagne,0.0879,6,Samedi,Juin,1,Morning,0,2024-06-22T06:02:05.000Z,2024-06-22,1719036125,Âge Moyen,0,8,12,1024.46,2,0,2,186285,51.75,67.454286,1404.22,1,0
M00354,P01807,U00065,TX0098567,506.38,20240910115509,Toulouse,BANK_TRANSFER,Sports,46,36645.7,Toulouse,Standard,"[""Beauty"",""Sports"",""Health""]",20250521,Premium Yoga Mat 1807,Sports,512.49,4.4,91,M00354,ActiveWear 354,Sports,Hauts-de-France,0.0536,11,Mardi,Septembre,0,Morning,1,2024-09-10T11:55:09.000Z,2024-09-10,1725969309,Âge Moyen,0,9,12,506.38,1,0,80,6933184,1925.88,185.855000,172.46,0,0
M00399,P02406,U00065,TX0019658,153.33,20250222132051,Toulouse,BANK_TRANSFER,Beauty,46,36645.7,Toulouse,Standard,"[""Beauty"",""Sports"",""Health""]",20250521,Standard Shampoo 2406,Beauty,157.72,4.1,1078,M00399,BeautyWorld 399,Beauty,Hauts-de-France,0.0398,13,Samedi,Février,1,Afternoon,1,2025-02-22T13:20:51.000Z,2025-02-22,1740230451,Âge Moyen,0,10,12,153.33,1,0,165,14261142,3961.43,221.468889,-30.77,0,0
M00081,P03719,U00065,TX0110006,40.61,20250224105621,Toulouse,CARD,Toys,46,36645.7,Toulouse,Standard,"[""Beauty"",""Sports"",""Health""]",20250521,Essential Doll 3719,Toys,39.77,3.3,425,M00081,ToyHub 81,Toys,Auvergne-Rhône-Alpes,0.0137,10,Lundi,Février,0,Morning,1,2025-02-24T10:56:21.000Z,2025-02-24,1740394581,Âge Moyen,0,11,12,193.94,2,0,2,164130,45.59,214.655000,-81.08,0,0
M00578,P03845,U00065,TX0013113,79.30,20250227094529,Reims,PAYPAL,Home & Garden,46,36645.7,Toulouse,Standard,"[""Beauty"",""Sports"",""Health""]",20250521,Premium Lamp 3845,Home & Garden,75.52,2.6,199,M00578,HomeCenter 578,Home & Garden,Grand Est,0.054,9,Jeudi,Février,0,Morning,1,2025-02-27T09:45:29.000Z,2025-02-27,1740649529,Âge Moyen,0,12,12,273.24,3,0,3,254948,70.82,198.832727,-60.12,0,0
M00391,P02055,U00089,TX0081673,114.85,20250406044651,Saint-Etienne,CRYPTO,Books,26,46210.55,Paris,Standard,"[""Electronics"",""Food"",""Home & Garden"",""Books""]",20240329,Premium Comic Book 2055,Books,9.46,3.6,648,M00391,BookHaven 391,Books,Ile-de-France,0.0789,4,Dimanche,Avril,1,Night,0,2025-04-06T04:46:51.000Z,2025-04-06,1743914811,Adulte,0,1,9,114.85,1,0,,,,,,2,1
M00391,P02055,U00089,TX0038648,19.62,20250406215759,Paris,CARD,Books,26,46210.55,Paris,Standard,"[""Electronics"",""Food"",""Home & Garden"",""Books""]",20240329,Premium Comic Book 2055,Books,9.46,3.6,648,M00391,BookHaven 391,Books,Ile-de-France,0.0789,21,Dimanche,Avril,1,Evening,0,2025-04-06T21:57:59.000Z,2025-04-06,1743976679,Adulte,0,2,9,134.47,1,0,0,61868,17.19,114.850000,-82.92,0,0
M00144,P04697,U00089,TX0011807,128.14,20250424125625,Paris,CARD,Health,26,46210.55,Paris,Standard,"[""Electronics"",""Food"",""Home & Garden"",""Books""]",20240329,Classic Thermometer 4697,Health,115.44,4.4,247,M00144,HealthHub 144,Health,Occitanie,0.0224,12,Jeudi,Avril,0,Afternoon,1,2025-04-24T12:56:25.000Z,2025-04-24,1745499385,Adulte,0,3,9,128.14,1,0,18,1522706,422.97,67.235000,90.59,0,0
M00045,P05655,U00089,TX0058836,4.83,20250425112619,Paris,BANK_TRANSFER,Books,26,46210.55,Paris,Standard,"[""Electronics"",""Food"",""Home & Garden"",""Books""]",20240329,Premium Novel 5655,Books,5.2,1.0,745,M00045,BookCorner 45,Books,Ile-de-France,0.0184,11,Vendredi,Avril,0,Morning,1,2025-04-25T11:26:19.000Z,2025-04-25,1745580379,Adulte,0,4,9,132.97,2,0,1,80994,22.5,87.536667,-94.48,0,0
M00296,P01452,U00089,TX0110130,147.83,20250429100439,Paris,BANK_TRANSFER,Food,26,46210.55,Paris,Standard,"[""Electronics"",""Food"",""Home & Garden"",""Books""]",20240329,Elite Olive Oil 1452,Food,69.02,4.5,212,M00296,FoodMart 296,Food,Occitanie,0.0953,10,Mardi,Avril,0,Morning,1,2025-04-29T10:04:39.000Z,2025-04-29,1745921079,Adulte,0,5,9,280.80,3,0,4,340700,94.64,66.860000,121.10,0,0
M00082,P00023,U00089,TX0001087,170.94,20250501120141,Paris,BANK_TRANSFER,Sports,26,46210.55,Paris,Standard,"[""Electronics"",""Food"",""Home & Garden"",""Books""]",20240329,Classic Backpack 23,Sports,189.85,2.7,931,M00082,ActiveWear 82,Sports,Normandie,0.0366,12,Jeudi,Mai,0,Afternoon,1,2025-05-01T12:01:41.000Z,2025-05-01,1746100901,Adulte,0,6,9,451.74,4,0,2,179822,49.95,83.054000,105.82,0,0
M00484,P01015,U00089,TX0099128,285.94,20250525120352,Paris,PAYPAL,Home & Garden,26,46210.55,Paris,Standard,"[""Electronics"",""Food"",""Home & Garden"",""Books""]",20240329,Classic Plant Pot 1015,Home & Garden,270.0,4.3,652,M00484,DecorShop 484,Home & Garden,Auvergne-Rhône-Alpes,0.0304,12,Dimanche,Mai,1,Afternoon,1,2025-05-25T12:03:52.000Z,2025-05-25,1748174632,Adulte,0,7,9,285.94,1,0,24,2073731,576.04,97.701667,192.67,0,0
M00173,P04901,U00089,TX0022784,89.67,20250715193831,Paris,PAYPAL,Toys,26,46210.55,Paris,Standard,"[""Electronics"",""Food"",""Home & Garden"",""Books""]",20240329,Pro Building Blocks 4901,Toys,88.41,3.0,255,M00173,PlayShop 173,Toys,Auvergne-Rhône-Alpes,0.0114,19,Mardi,Juillet,0,Evening,0,2025-07-15T19:38:31.000Z,2025-07-15,1752608311,Adulte,0,8,9,89.67,1,0,51,4433679,1231.58,124.592857,-28.03,0,0
M00428,P03951,U00089,TX0007775,162.13,20250727093852,Paris,BANK_TRANSFER,Home & Garden,26,46210.55,Paris,Standard,"[""Electronics"",""Food"",""Home & Garden"",""Books""]",20240329,Pro Sofa 3951,Home & Garden,161.74,2.8,250,M00428,HomeCenter 428,Home & Garden,Nouvelle-Aquitaine,0.0486,9,Dimanche,Juillet,1,Morning,1,2025-07-27T09:38:52.000Z,2025-07-27,1753609132,Adulte,0,9,9,162.13,1,0,12,1000821,278.01,120.227500,34.85,0,0
M00310,P03805,U00093,TX0003904,550.62,20240108182108,Bordeaux,CARD,Home & Garden,56,29497.81,Bordeaux,Budget,"[""Electronics"",""Sports""]",20240821,Elite Garden Chair 3805,Home & Garden,600.92,4.7,272,M00310,GardenWorld 310,Home & Garden,Occitanie,0.0808,18,Lundi,Janvier,0,Evening,0,2024-01-08T18:21:08.000Z,2024-01-08,1704738068,Âge Moyen,0,1,2,550.62,1,0,,,,,,0,0
M00198,P05019,U00093,TX0021769,31.22,20240131154803,Bordeaux,CARD,Sports,56,29497.81,Bordeaux,Budget,"[""Electronics"",""Sports""]",20240821,Standard Yoga Mat 5019,Sports,33.16,2.1,868,M00198,ActiveWear 198,Sports,Bretagne,0.0673,15,Mercredi,Janvier,0,Afternoon,1,2024-01-31T15:48:03.000Z,2024-01-31,1706716083,Âge Moyen,0,2,2,31.22,1,0,23,1978015,549.45,550.620000,-94.33,0,0
M00072,P02891,U00107,TX0002903,1013.92,20250105214242,Paris,CASH,Electronics,39,24654.75,Paris,Budget,"[""Electronics""]",20240403,Premium Laptop 2891,Electronics,920.36,3.3,1156,M00072,TechStore 72,Electronics,Pays de la Loire,0.0935,21,Dimanche,Janvier,1,Evening,0,2025-01-05T21:42:42.000Z,2025-01-05,1736113362,Adulte,0,1,6,1013.92,1,0,,,,,,0,0
M00291,P00110,U00107,TX0044654,208.59,20250126120747,Paris,CARD,Electronics,39,24654.75,Paris,Budget,"[""Electronics""]",20240403,Standard Headphones 110,Electronics,201.38,2.1,312,M00291,TechStore 291,Electronics,Occitanie,0.0973,12,Dimanche,Janvier,1,Afternoon,1,2025-01-26T12:07:47.000Z,2025-01-26,1737893267,Adulte,0,2,6,208.59,1,0,21,1779905,494.42,1013.920000,-79.43,0,0
M00099,P01274,U00107,TX0082117,852.73,20250127091531,Paris,CRYPTO,Automotive,39,24654.75,Paris,Budget,"[""Electronics""]",20240403,Standard Car Battery 1274,Automotive,847.06,4.1,118,M00099,AutoCenter 99,Automotive,Ile-de-France,0.0664,9,Lundi,Janvier,0,Morning,1,2025-01-27T09:15:31.000Z,2025-01-27,1737969331,Adulte,0,3,6,1061.32,2,0,1,76064,21.13,611.255000,39.50,1,0
M00081,P01655,U00107,TX0024993,48.46,20250129055358,Paris,BANK_TRANSFER,Toys,39,24654.75,Paris,Budget,"[""Electronics""]",20240403,Pro Action Figure 1655,Toys,50.09,3.9,1115,M00081,ToyHub 81,Toys,Auvergne-Rhône-Alpes,0.0137,5,Mercredi,Janvier,0,Night,0,2025-01-29T05:53:58.000Z,2025-01-29,1738130038,Adulte,0,4,6,1109.78,3,0,2,160707,44.64,691.746667,-92.99,1,0
M00292,P05388,U00107,TX0060648,1452.50,20250615091815,Paris,CARD,Electronics,39,24654.75,Paris,Budget,"[""Electronics""]",20240403,Essential Tablet 5388,Electronics,1315.97,3.3,707,M00292,GadgetShop 292,Electronics,Ile-de-France,0.0133,9,Dimanche,Juin,1,Morning,1,2025-06-15T09:18:15.000Z,2025-06-15,1749979095,Adulte,0,5,6,1452.50,1,0,137,11849057,3291.4,530.925000,173.58,0,0
M00045,P05080,U00107,TX0027725,45.68,20250617120616,Paris,BANK_TRANSFER,Books,39,24654.75,Paris,Budget,"[""Electronics""]",20240403,Pro Comic Book 5080,Books,44.95,3.6,304,M00045,BookCorner 45,Books,Ile-de-France,0.0184,12,Mardi,Juin,0,Afternoon,1,2025-06-17T12:06:16.000Z,2025-06-17,1750161976,Adulte,0,6,6,1498.18,2,0,2,182881,50.8,715.240000,-93.61,0,0
M00324,P00145,U00114,TX0116192,94.61,20240718155312,Saint-Etienne,CASH,Food,40,35030.69,Saint-Etienne,Premium,"[""Toys"",""Food"",""Clothing""]",20240321,Pro Pasta Box 145,Food,47.07,3.3,1167,M00324,FoodMart 324,Food,Grand Est,0.0257,15,Jeudi,Juillet,0,Afternoon,1,2024-07-18T15:53:12.000Z,2024-07-18,1721317992,Adulte,0,1,25,94.61,1,0,,,,,,0,0
M00141,P00704,U00114,TX0127653,7.66,20240720080609,Saint-Etienne,CASH,Food,40,35030.69,Saint-Etienne,Premium,"[""Toys"",""Food"",""Clothing""]",20240321,Standard Cheese Platter 704,Food,7.22,3.3,0,M00141,FoodMart 141,Food,Auvergne-Rhône-Alpes,0.049,8,Samedi,Juillet,1,Morning,0,2024-07-20T08:06:09.000Z,2024-07-20,1721462769,Adulte,0,2,25,102.27,2,0,2,144777,40.22,94.610000,-91.90,0,0
M00325,P03966,U00114,TX0064365,261.41,20240728155744,Saint-Etienne,CASH,Clothing,40,35030.69,Saint-Etienne,Premium,"[""Toys"",""Food"",""Clothing""]",20240321,Pro Sneakers 3966,Clothing,144.08,3.4,160,M00325,StyleShop 325,Clothing,Ile-de-France,0.0138,15,Dimanche,Juillet,1,Afternoon,1,2024-07-28T15:57:44.000Z,2024-07-28,1722182264,Adulte,0,3,25,261.41,1,0,8,719495,199.86,51.135000,411.22,1,0
M00245,P00597,U00114,TX0134244,57.35,20240808004614,Saint-Etienne,CASH,Food,40,35030.69,Saint-Etienne,Premium,"[""Toys"",""Food"",""Clothing""]",20240321,Pro Chocolate Box 597,Food,63.48,3.4,741,M00245,FreshMarket 245,Food,Normandie,0.0274,0,Jeudi,Août,0,Night,0,2024-08-08T00:46:14.000Z,2024-08-08,1723077974,Adulte,0,4,25,57.35,1,0,11,895710,248.81,121.226667,-52.69,1,0
M00565,P05729,U00114,TX0130516,123.92,20240817085603,Saint-Etienne,CASH,Clothing,40,35030.69,Saint-Etienne,Premium,"[""Toys"",""Food"",""Clothing""]",20240321,Classic T-Shirt 5729,Clothing,119.09,3.5,1023,M00565,ClothingHub 565,Clothing,Ile-de-France,0.0396,8,Samedi,Août,1,Morning,0,2024-08-17T08:56:03.000Z,2024-08-17,1723884963,Adulte,0,5,25,123.92,1,0,9,806989,224.16,105.257500,17.73,0,0
M00129,P01803,U00114,TX0119972,22.69,20240831062623,Saint-Etienne,CASH,Food,40,35030.69,Saint-Etienne,Premium,"[""Toys"",""Food"",""Clothing""]",20240321,Standard Pasta Box 1803,Food,20.59,2.6,1103,M00129,GourmetShop 129,Food,Auvergne-Rhône-Alpes,0.0148,6,Samedi,Août,1,Morning,0,2024-08-31T06:26:23.000Z,2024-08-31,1725085583,Adulte,0,6,25,22.69,1,0,14,1200620,333.51,108.990000,-79.18,0,0
M00104,P03742,U00114,TX0090653,106.19,20240831202734,Saint-Etienne,CARD,Toys,40,35030.69,Saint-Etienne,Premium,"[""Toys"",""Food"",""Clothing""]",20240321,Elite Toy Car 3742,Toys,105.89,4.7,134,M00104,ToyLand 104,Toys,Auvergne-Rhône-Alpes,0.0732,20,Samedi,Août,1,Evening,0,2024-08-31T20:27:34.000Z,2024-08-31,1725136054,Adulte,0,7,25,128.88,1,0,0,50471,14.02,94.606667,12.24,0,0
M00408,P05807,U00114,TX0004282,137.02,20240901071849,Saint-Etienne,CASH,Toys,40,35030.69,Saint-Etienne,Premium,"[""Toys"",""Food"",""Clothing""]",20240321,Elite Doll 5807,Toys,61.85,2.4,550,M00408,ToyLand 408,Toys,Ile-de-France,0.041,7,Dimanche,Septembre,1,Morning,0,2024-09-01T07:18:49.000Z,2024-09-01,1725175129,Adulte,0,8,25,265.90,2,0,1,39075,10.85,96.261429,42.34,0,0
M00500,P01420,U00114,TX0083039,992.14,20240903065115,Saint-Etienne,CASH,Home & Garden,40,35030.69,Saint-Etienne,Premium,"[""Toys"",""Food"",""Clothing""]",20240321,Pro Cookware Set 1420,Home & Garden,333.78,3.3,681,M00500,HomeStyle 500,Home & Garden,Ile-de-France,0.0492,6,Mardi,Septembre,0,Morning,0,2024-09-03T06:51:15.000Z,2024-09-03,1725346275,Adulte,0,9,25,1258.04,3,0,2,171146,47.54,101.356250,878.86,1,0
M00175,P01787,U00114,TX0087266,231.59,20240903175607,Saint-Etienne,CASH,Clothing,40,35030.69,Saint-Etienne,Premium,"[""Toys"",""Food"",""Clothing""]",20240321,Classic Jacket 1787,Clothing,105.01,3.2,618,M00175,ClothingHub 175,Clothing,Auvergne-Rhône-Alpes,0.0781,17,Mardi,Septembre,0,Afternoon,1,2024-09-03T17:56:07.000Z,2024-09-03,1725386167,Adulte,0,10,25,1489.63,3,0,0,39892,11.08,200.332222,15.60,0,0
M00477,P05095,U00114,TX0116245,141.56,20240929121106,Saint-Etienne,CASH,Toys,40,35030.69,Saint-Etienne,Premium,"[""Toys"",""Food"",""Clothing""]",20240321,Elite Doll 5095,Toys,129.6,3.8,51,M00477,KidsWorld 477,Toys,Occitanie,0.0786,12,Dimanche,Septembre,1,Afternoon,1,2024-09-29T12:11:06.000Z,2024-09-29,1727611866,Adulte,0,11,25,141.56,1,0,26,2225699,618.25,203.458000,-30.42,0,0
M00272,P00953,U00114,TX0094140,6.98,20241007211150,Saint-Etienne,CASH,Food,40,35030.69,Saint-Etienne,Premium,"[""Toys"",""Food"",""Clothing""]",20240321,Standard Coffee Pack 953,Food,6.51,2.4,25,M00272,FoodHub 272,Food,Ile-de-France,0.0776,21,Lundi,Octobre,0,Evening,0,2024-10-07T21:11:50.000Z,2024-10-07,1728335510,Adulte,0,12,25,6.98,1,0,8,723644,201.01,197.830909,-96.47,0,0
M00347,P01580,U00114,TX0061553,176.70,20241013203249,Saint-Etienne,PAYPAL,Health,40,35030.69,Saint-Etienne,Premium,"[""Toys"",""Food"",""Clothing""]",20240321,Pro First Aid Kit 1580,Health,162.7,2.7,368,M00347,VitalShop 347,Health,Pays de la Loire,0.0163,20,Dimanche,Octobre,1,Evening,0,2024-10-13T20:32:49.000Z,2024-10-13,1728851569,Adulte,0,13,25,183.68,2,0,6,516059,143.35,181.926667,-2.87,0,0
M00450,P01578,U00114,TX0133357,53.61,20241019141152,Saint-Etienne,CASH,Clothing,40,35030.69,Saint-Etienne,Premium,"[""Toys"",""Food"",""Clothing""]",20240321,Elite Scarf 1578,Clothing,27.6,1.8,797,M00450,TrendyWear 450,Clothing,Pays de la Loire,0.0277,14,Samedi,Octobre,1,Afternoon,1,2024-10-19T14:11:52.000Z,2024-10-19,1729347112,Adulte,0,14,25,230.31,2,0,6,495543,137.65,181.524615,-70.47,0,0
M00480,P04841,U00114,TX0026818,307.10,20241019201454,Saint-Etienne,CASH,Clothing,40,35030.69,Saint-Etienne,Premium,"[""Toys"",""Food"",""Clothing""]",20240321,Pro T-Shirt 4841,Clothing,282.34,4.2,622,M00480,ClothingHub 480,Clothing,Occitanie,0.0722,20,Samedi,Octobre,1,Evening,0,2024-10-19T20:14:54.000Z,2024-10-19,1729368894,Adulte,0,15,25,537.41,2,0,0,21782,6.05,172.387857,78.14,0,0
M00325,P05206,U00114,TX0072666,189.37,20250110224124,Saint-Etienne,CASH,Clothing,40,35030.69,Saint-Etienne,Premium,"[""Toys"",""Food"",""Clothing""]",20240321,Premium T-Shirt 5206,Clothing,64.52,3.6,325,M00325,StyleShop 325,Clothing,Ile-de-France,0.0138,22,Vendredi,Janvier,0,Night,0,2025-01-10T22:41:24.000Z,2025-01-10,1736548884,Adulte,0,16,25,189.37,1,0,83,7179990,1994.44,181.368667,4.41,1,0
M00533,P04385,U00114,TX0017747,165.25,20250117183114,Saint-Etienne,CASH,Toys,40,35030.69,Saint-Etienne,Premium,"[""Toys"",""Food"",""Clothing""]",20240321,Elite Building Blocks 4385,Toys,86.26,4.1,619,M00533,ToyLand 533,Toys,Hauts-de-France,0.0203,18,Vendredi,Janvier,0,Evening,0,2025-01-17T18:31:14.000Z,2025-01-17,1737138674,Adulte,0,17,25,354.62,2,0,7,589790,163.83,181.868750,-9.14,0,0
M00232,P00879,U00114,TX0128419,27.76,20250414193314,Saint-Etienne,CASH,Books,40,35030.69,Saint-Etienne,Premium,"[""Toys"",""Food"",""Clothing""]",20240321,Premium Atlas 879,Books,29.07,1.7,1007,M00232,BookHaven 232,Books,Auvergne-Rhône-Alpes,0.037,19,Lundi,Avril,0,Evening,0,2025-04-14T19:33:14.000Z,2025-04-14,1744659194,Adulte,0,18,25,27.76,1,0,87,7520520,2089.03,180.891176,-84.65,0,0
M00066,P03009,U00114,TX0012164,262.64,20250424082143,Saint-Etienne,CARD,Clothing,40,35030.69,Saint-Etienne,Premium,"[""Toys"",""Food"",""Clothing""]",20240321,Elite Jeans 3009,Clothing,256.09,4.5,227,M00066,ClothingHub 66,Clothing,Hauts-de-France,0.0695,8,Jeudi,Avril,0,Morning,0,2025-04-24T08:21:43.000Z,2025-04-24,1745482903,Adulte,0,19,25,262.64,1,0,10,823709,228.81,172.383889,52.36,0,0
M00514,P05237,U00114,TX0063766,218.78,20250512111524,Saint-Etienne,CASH,Health,40,35030.69,Saint-Etienne,Premium,"[""Toys"",""Food"",""Clothing""]",20240321,Elite Thermometer 5237,Health,219.59,5.0,728,M00514,WellnessStore 514,Health,Pays de la Loire,0.0147,11,Lundi,Mai,0,Morning,1,2025-05-12T11:15:24.000Z,2025-05-12,1747048524,Adulte,0,20,25,218.78,1,0,18,1565621,434.89,177.134211,23.51,0,0
M00325,P02164,U00114,TX0097888,195.65,20250513205959,Saint-Etienne,CRYPTO,Clothing,40,35030.69,Saint-Etienne,Premium,"[""Toys"",""Food"",""Clothing""]",20240321,Standard Scarf 2164,Clothing,184.55,3.1,773,M00325,StyleShop 325,Clothing,Ile-de-France,0.0138,20,Mardi,Mai,0,Evening,0,2025-05-13T20:59:59.000Z,2025-05-13,1747169999,Adulte,0,21,25,414.43,2,0,1,121475,33.74,179.216500,9.17,1,0
M00333,P05365,U00114,TX0077634,121.95,20250608100304,Saint-Etienne,CASH,Toys,40,35030.69,Saint-Etienne,Premium,"[""Toys"",""Food"",""Clothing""]",20240321,Standard Doll 5365,Toys,114.22,4.5,950,M00333,ToyHub 333,Toys,Nouvelle-Aquitaine,0.0635,10,Dimanche,Juin,1,Morning,1,2025-06-08T10:03:04.000Z,2025-06-08,1749376984,Adulte,0,22,25,121.95,1,0,26,2206985,613.05,179.999048,-32.25,0,0
M00500,P01420,U00114,TX0134925,931.12,20250615090533,Saint-Etienne,CASH,Home & Garden,40,35030.69,Saint-Etienne,Premium,"[""Toys"",""Food"",""Clothing""]",20240321,Pro Cookware Set 1420,Home & Garden,333.78,3.3,681,M00500,HomeStyle 500,Home & Garden,Ile-de-France,0.0492,9,Dimanche,Juin,1,Morning,1,2025-06-15T09:05:33.000Z,2025-06-15,1749978333,Adulte,0,23,25,1053.07,2,0,7,601349,167.04,177.360455,424.99,1,0
M00051,P03914,U00114,TX0014462,95.43,20250629172323,Saint-Etienne,CASH,Toys,40,35030.69,Saint-Etienne,Premium,"[""Toys"",""Food"",""Clothing""]",20240321,Pro Toy Car 3914,Toys,102.72,3.1,374,M00051,ToyLand 51,Toys,Grand Est,0.0783,17,Dimanche,Juin,1,Afternoon,1,2025-06-29T17:23:23.000Z,2025-06-29,1751217803,Adulte,0,24,25,95.43,1,0,14,1239470,344.3,210.132609,-54.59,0,0
M00587,P03694,U00114,TX0077313,131.14,20250630125018,Saint-Etienne,CARD,Automotive,40,35030.69,Saint-Etienne,Premium,"[""Toys"",""Food"",""Clothing""]",20240321,Pro Oil Filter 3694,Automotive,128.54,3.0,606,M00587,AutoCenter 587,Automotive,Auvergne-Rhône-Alpes,0.0102,12,Lundi,Juin,0,Afternoon,1,2025-06-30T12:50:18.000Z,2025-06-30,1751287818,Adulte,0,25,25,226.57,2,0,1,70015,19.45,205.353333,-36.14,0,0
M00329,P00944,U00125,TX0051959,4623.27,20240426210815,Lille,BANK_TRANSFER,Electronics,51,26335.29,Lille,Budget,"[""Health""]",20240802,Standard Smart TV 944,Electronics,2088.01,4.4,398,M00329,DigitalHub 329,Electronics,Pays de la Loire,0.0772,21,Vendredi,Avril,0,Evening,0,2024-04-26T21:08:15.000Z,2024-04-26,1714165695,Âge Moyen,0,1,6,4623.27,1,0,,,,,,0,0
M00144,P02727,U00125,TX0072762,98.05,20240627225555,Reims,BANK_TRANSFER,Health,51,26335.29,Lille,Budget,"[""Health""]",20240802,Pro Scale 2727,Health,101.15,5.0,893,M00144,HealthHub 144,Health,Occitanie,0.0224,22,Jeudi,Juin,0,Night,0,2024-06-27T22:55:55.000Z,2024-06-27,1719528955,Âge Moyen,0,2,6,98.05,1,0,62,5363260,1489.79,4623.270000,-97.88,1,0
M00512,P01665,U00125,TX0006574,52.98,20240628200344,Lille,CARD,Books,51,26335.29,Lille,Budget,"[""Health""]",20240802,Standard Atlas 1665,Books,50.95,4.1,494,M00512,BookCorner 512,Books,Grand Est,0.0437,20,Vendredi,Juin,0,Evening,0,2024-06-28T20:03:44.000Z,2024-06-28,1719605024,Âge Moyen,0,3,6,151.03,2,0,1,76069,21.13,2360.660000,-97.76,0,0
M00023,P01902,U00125,TX0023174,24.67,20240629152244,Rennes,CARD,Food,51,26335.29,Lille,Budget,"[""Health""]",20240802,Pro Chocolate Box 1902,Food,25.55,3.2,733,M00023,GourmetShop 23,Food,Bretagne,0.0684,15,Samedi,Juin,1,Afternoon,1,2024-06-29T15:22:44.000Z,2024-06-29,1719674564,Âge Moyen,0,4,6,175.70,3,0,1,69540,19.32,1591.433333,-98.45,0,0
M00110,P01400,U00125,TX0128584,143.76,20240809180848,Lille,CARD,Health,51,26335.29,Lille,Budget,"[""Health""]",20240802,Essential Thermometer 1400,Health,155.9,4.1,646,M00110,WellnessStore 110,Health,Provence-Alpes-Côte d'Azur,0.0176,18,Vendredi,Août,0,Evening,0,2024-08-09T18:08:48.000Z,2024-08-09,1723226928,Âge Moyen,0,5,6,143.76,1,0,41,3552364,986.77,1199.742500,-88.02,0,0
M00353,P03112,U00125,TX0044064,121.96,20240821205859,Lille,CARD,Toys,51,26335.29,Lille,Budget,"[""Health""]",20240802,Classic Building Blocks 3112,Toys,128.67,4.3,844,M00353,ToyHub 353,Toys,Auvergne-Rhône-Alpes,0.0558,20,Mercredi,Août,0,Evening,0,2024-08-21T20:58:59.000Z,2024-08-21,1724273939,Âge Moyen,0,6,6,121.96,1,0,12,1047011,290.84,988.546000,-87.66,0,0
M00407,P00499,U00126,TX0120886,926.40,20241101193343,Rennes,BANK_TRANSFER,Automotive,57,51995.81,Rennes,Premium,"[""Automotive"",""Beauty"",""Home & Garden""]",20250130,Essential Car Battery 499,Automotive,1028.91,3.4,851,M00407,MotorHub 407,Automotive,Ile-de-France,0.0569,19,Vendredi,Novembre,0,Evening,0,2024-11-01T19:33:43.000Z,2024-11-01,1730489623,Âge Moyen,0,1,26,926.40,1,0,,,,,,0,0
M00420,P02137,U00126,TX0102116,512.24,20241105071259,Rennes,BANK_TRANSFER,Home & Garden,57,51995.81,Rennes,Premium,"[""Automotive"",""Beauty"",""Home & Garden""]",20250130,Premium Rug 2137,Home & Garden,500.82,4.1,1170,M00420,HomeStyle 420,Home & Garden,Hauts-de-France,0.0927,7,Mardi,Novembre,0,Morning,0,2024-11-05T07:12:59.000Z,2024-11-05,1730790779,Âge Moyen,0,2,26,1438.64,2,0,4,301156,83.65,926.400000,-44.71,0,0
M00310,P04108,U00126,TX0107768,28.94,20241113100716,Rennes,CARD,Home & Garden,57,51995.81,Rennes,Premium,"[""Automotive"",""Beauty"",""Home & Garden""]",20250130,Pro Sofa 4108,Home & Garden,25.85,2.1,664,M00310,GardenWorld 310,Home & Garden,Occitanie,0.0808,10,Mercredi,Novembre,0,Morning,1,2024-11-13T10:07:16.000Z,2024-11-13,1731492436,Âge Moyen,0,3,26,28.94,1,0,8,701657,194.9,719.320000,-95.98,0,0
M00165,P04838,U00126,TX0074882,3887.46,20241115074608,Rennes,CARD,Automotive,57,51995.81,Rennes,Premium,"[""Automotive"",""Beauty"",""Home & Garden""]",20250130,Standard Dash Cam 4838,Automotive,1214.47,4.4,1163,M00165,MotorHub 165,Automotive,Auvergne-Rhône-Alpes,0.0943,7,Vendredi,Novembre,0,Morning,0,2024-11-15T07:46:08.000Z,2024-11-15,1731656768,Âge Moyen,0,4,26,3916.40,2,0,2,164332,45.65,489.193333,694.67,1,0
M00384,P02618,U00126,TX0011414,232.81,20241117074111,Rennes,PAYPAL,Clothing,57,51995.81,Rennes,Premium,"[""Automotive"",""Beauty"",""Home & Garden""]",20250130,Essential Scarf 2618,Clothing,127.27,3.9,694,M00384,StyleShop 384,Clothing,Ile-de-France,0.0874,7,Dimanche,Novembre,1,Morning,0,2024-11-17T07:41:11.000Z,2024-11-17,1731829271,Âge Moyen,0,5,26,4149.21,3,0,2,172503,47.92,1338.760000,-82.61,0,0
M00306,P05698,U00126,TX0022658,12.85,20241121200006,Rennes,CASH,Beauty,57,51995.81,Rennes,Premium,"[""Automotive"",""Beauty"",""Home & Garden""]",20250130,Standard Lipstick 5698,Beauty,13.71,4.1,1137,M00306,BeautyWorld 306,Beauty,Pays de la Loire,0.0874,20,Jeudi,Novembre,0,Evening,0,2024-11-21T20:00:06.000Z,2024-11-21,1732219206,Âge Moyen,0,6,26,4133.12,3,0,4,389935,108.32,1117.570000,-98.85,0,0
M00269,P05986,U00126,TX0093040,286.36,20241125093638,Rennes,CARD,Clothing,57,51995.81,Rennes,Premium,"[""Automotive"",""Beauty"",""Home & Garden""]",20250130,Standard T-Shirt 5986,Clothing,297.46,4.5,395,M00269,FashionStore 269,Clothing,Grand Est,0.035,9,Lundi,Novembre,0,Morning,1,2024-11-25T09:36:38.000Z,2024-11-25,1732527398,Âge Moyen,0,7,26,299.21,2,0,4,308192,85.61,933.450000,-69.32,0,0
M00507,P03238,U00126,TX0001657,1600.24,20241206082726,Rennes,CARD,Electronics,57,51995.81,Rennes,Premium,"[""Automotive"",""Beauty"",""Home & Garden""]",20250130,Elite Smart TV 3238,Electronics,1464.02,3.5,5,M00507,GadgetShop 507,Electronics,Ile-de-France,0.0769,8,Vendredi,Décembre,0,Morning,0,2024-12-06T08:27:26.000Z,2024-12-06,1733473646,Âge Moyen,0,8,26,1600.24,1,0,11,946248,262.85,841.008571,90.28,0,0
M00433,P02928,U00126,TX0058582,151.64,20241206165812,Rennes,CARD,Automotive,57,51995.81,Rennes,Premium,"[""Automotive"",""Beauty"",""Home & Garden""]",20250130,Classic Dash Cam 2928,Automotive,163.42,3.6,775,M00433,AutoShop 433,Automotive,Grand Est,0.0138,16,Vendredi,Décembre,0,Afternoon,1,2024-12-06T16:58:12.000Z,2024-12-06,1733504292,Âge Moyen,0,9,26,1751.88,1,0,0,30646,8.51,935.912500,-83.80,0,0
M00596,P05602,U00126,TX0085596,777.78,20241212203307,Rennes,CARD,Home & Garden,57,51995.81,Rennes,Premium,"[""Automotive"",""Beauty"",""Home & Garden""]",20250130,Standard Rug 5602,Home & Garden,838.38,4.0,422,M00596,HomeCenter 596,Home & Garden,Normandie,0.0151,20,Jeudi,Décembre,0,Evening,0,2024-12-12T20:33:07.000Z,2024-12-12,1734035587,Âge Moyen,0,10,26,2529.66,2,0,6,531295,147.58,848.771111,-8.36,0,0
M00091,P02087,U00126,TX0013998,65.01,20241227122159,Rennes,CARD,Beauty,57,51995.81,Rennes,Premium,"[""Automotive"",""Beauty"",""Home & Garden""]",20250130,Classic Nail Kit 2087,Beauty,65.33,3.4,177,M00091,CosmeticHub 91,Beauty,Grand Est,0.051,12,Vendredi,Décembre,0,Afternoon,1,2024-12-27T12:21:59.000Z,2024-12-27,1735302119,Âge Moyen,0,11,26,65.01,1,0,15,1266532,351.81,841.672000,-92.28,0,0
M00167,P04099,U00126,TX0017447,3731.20,20250103092437,Rennes,CARD,Electronics,57,51995.81,Rennes,Premium,"[""Automotive"",""Beauty"",""Home & Garden""]",20250130,Essential Smart TV 4099,Electronics,1992.63,3.7,897,M00167,GadgetShop 167,Electronics,Pays de la Loire,0.0564,9,Vendredi,Janvier,0,Morning,1,2025-01-03T09:24:37.000Z,2025-01-03,1735896277,Âge Moyen,0,12,26,3796.21,2,0,7,594158,165.04,771.066364,383.90,1,0
M00251,P00284,U00126,TX0024162,3243.29,20250106161940,Rennes,CARD,Automotive,57,51995.81,Rennes,Premium,"[""Automotive"",""Beauty"",""Home & Garden""]",20250130,Standard Oil Filter 284,Automotive,1045.99,3.9,584,M00251,CarParts 251,Automotive,Auvergne-Rhône-Alpes,0.0682,16,Lundi,Janvier,0,Afternoon,1,2025-01-06T16:19:40.000Z,2025-01-06,1736180380,Âge Moyen,0,13,26,6974.49,2,0,3,284103,78.92,1017.744167,218.67,0,0
M00501,P00293,U00126,TX0051040,78.27,20250111140235,Rennes,CARD,Beauty,57,51995.81,Rennes,Premium,"[""Automotive"",""Beauty"",""Home & Garden""]",20250130,Elite Lipstick 293,Beauty,71.43,3.8,475,M00501,CosmeticHub 501,Beauty,Nouvelle-Aquitaine,0.0771,14,Samedi,Janvier,1,Afternoon,1,2025-01-11T14:02:35.000Z,2025-01-11,1736604155,Âge Moyen,0,14,26,3321.56,2,0,5,423775,117.72,1188.940000,-93.42,0,0
M00461,P01812,U00126,TX0009773,495.65,20250117064524,Rennes,PAYPAL,Sports,57,51995.81,Rennes,Premium,"[""Automotive"",""Beauty"",""Home & Garden""]",20250130,Classic Bicycle Helmet 1812,Sports,488.76,2.9,47,M00461,SportHub 461,Sports,Ile-de-France,0.0411,6,Vendredi,Janvier,0,Morning,0,2025-01-17T06:45:24.000Z,2025-01-17,1737096324,Âge Moyen,0,15,26,573.92,2,0,6,492169,136.71,1109.606429,-55.33,0,0
M00224,P05356,U00126,TX0047109,671.44,20250126135939,Rennes,CARD,Automotive,57,51995.81,Rennes,Premium,"[""Automotive"",""Beauty"",""Home & Garden""]",20250130,Elite Car Battery 5356,Automotive,614.05,2.2,90,M00224,MotorHub 224,Automotive,Ile-de-France,0.0646,13,Dimanche,Janvier,1,Afternoon,1,2025-01-26T13:59:39.000Z,2025-01-26,1737899979,Âge Moyen,0,16,26,671.44,1,0,9,803655,223.24,1068.676000,-37.17,0,0
M00405,P00700,U00126,TX0050710,81.26,20250716063151,Rennes,CARD,Beauty,57,51995.81,Rennes,Premium,"[""Automotive"",""Beauty"",""Home & Garden""]",20250130,Classic Perfume 700,Beauty,74.41,2.1,843,M00405,BeautyWorld 405,Beauty,Nouvelle-Aquitaine,0.057,6,Mercredi,Juillet,0,Morning,0,2025-07-16T06:31:51.000Z,2025-07-16,1752647511,Âge Moyen,0,17,26,81.26,1,0,171,14747532,4096.54,1043.848750,-92.22,0,0
M00488,P04944,U00126,TX0073338,95.83,20250717175125,Rennes,CARD,Home & Garden,57,51995.81,Rennes,Premium,"[""Automotive"",""Beauty"",""Home & Garden""]",20250130,Standard Rug 4944,Home & Garden,89.71,1.8,630,M00488,DecorShop 488,Home & Garden,Nouvelle-Aquitaine,0.0682,17,Jeudi,Juillet,0,Afternoon,1,2025-07-17T17:51:25.000Z,2025-07-17,1752774685,Âge Moyen,0,18,26,177.09,2,0,1,127174,35.33,987.225882,-90.29,0,0
M00267,P05319,U00126,TX0110247,324.03,20250722094207,Rennes,CARD,Sports,57,51995.81,Rennes,Premium,"[""Automotive"",""Beauty"",""Home & Garden""]",20250130,Pro Backpack 5319,Sports,348.33,4.6,541,M00267,SportZone 267,Sports,Ile-de-France,0.0694,9,Mardi,Juillet,0,Morning,1,2025-07-22T09:42:07.000Z,2025-07-22,1753177327,Âge Moyen,0,19,26,501.12,3,0,5,402642,111.85,937.703889,-65.44,0,0
M00267,P04733,U00126,TX0015654,982.62,20250722094500,Rennes,PAYPAL,Sports,57,51995.81,Rennes,Premium,"[""Automotive"",""Beauty"",""Home & Garden""]",20250130,Pro Nail Kit 4733,Beauty,80.3,3.6,36,M00311,SportZone 267,Sports,Ile-de-France,0.0694,9,Mardi,Juillet,0,Morning,1,2025-07-22T09:45:00.000Z,2025-07-22,1753177500,Âge Moyen,1,20,26,1483.74,3,0,0,173,0.05,905.405263,8.53,1,0
M00451,P05469,U00126,TX0081507,398.01,20251001215841,Rennes,PAYPAL,Sports,57,51995.81,Rennes,Premium,"[""Automotive"",""Beauty"",""Home & Garden""]",20250130,Classic Backpack 5469,Sports,390.02,3.8,358,M00451,SportZone 451,Sports,Normandie,0.0286,21,Mercredi,Octobre,0,Evening,0,2025-10-01T21:58:41.000Z,2025-10-01,1759355921,Âge Moyen,0,21,26,398.01,1,0,71,6178421,1716.23,909.266000,-56.23,0,0
M00268,P04660,U00126,TX0061328,45.40,20251010174112,Rennes,CARD,Toys,57,51995.81,Rennes,Premium,"[""Automotive"",""Beauty"",""Home & Garden""]",20250130,Pro Action Figure 4660,Toys,42.32,2.2,559,M00268,KidsWorld 268,Toys,Bretagne,0.0338,17,Vendredi,Octobre,0,Afternoon,1,2025-10-10T17:41:12.000Z,2025-10-10,1760118072,Âge Moyen,0,22,26,45.40,1,0,9,762151,211.71,884.920476,-94.87,0,0
M00341,P01443,U00126,TX0021695,30.28,20251021083929,Rennes,CARD,Beauty,57,51995.81,Rennes,Premium,"[""Automotive"",""Beauty"",""Home & Garden""]",20250130,Classic Nail Kit 1443,Beauty,14.7,2.8,1068,M00341,BeautyCorner 341,Beauty,Pays de la Loire,0.0437,8,Mardi,Octobre,0,Morning,0,2025-10-21T08:39:29.000Z,2025-10-21,1761035969,Âge Moyen,0,23,26,30.28,1,0,11,917897,254.97,846.760455,-96.42,0,0
M00311,P04733,U00126,TX0096387,87.41,20251029103638,Rennes,CARD,Beauty,57,51995.81,Rennes,Premium,"[""Automotive"",""Beauty"",""Home & Garden""]",20250130,Pro Nail Kit 4733,Beauty,80.3,3.6,36,M00311,CosmeticHub 311,Beauty,Hauts-de-France,0.0276,10,Mercredi,Octobre,0,Morning,1,2025-10-29T10:36:38.000Z,2025-10-29,1761734198,Âge Moyen,0,24,26,87.41,1,0,8,698229,193.95,811.261304,-89.23,0,0
M00444,P02204,U00126,TX0072480,811.47,20251029180915,Rennes,CARD,Automotive,57,51995.81,Rennes,Premium,"[""Automotive"",""Beauty"",""Home & Garden""]",20250130,Standard Roof Rack 2204,Automotive,871.74,3.1,357,M00444,AutoCenter 444,Automotive,Auvergne-Rhône-Alpes,0.0521,18,Mercredi,Octobre,0,Evening,0,2025-10-29T18:09:15.000Z,2025-10-29,1761761355,Âge Moyen,0,25,26,898.88,1,0,0,27157,7.54,781.100833,3.89,0,0
M00522,P03333,U00126,TX0113573,239.57,20251031085059,Rennes,CASH,Home & Garden,57,51995.81,Rennes,Premium,"[""Automotive"",""Beauty"",""Home & Garden""]",20250130,Essential Lamp 3333,Home & Garden,227.46,2.2,662,M00522,GardenWorld 522,Home & Garden,Auvergne-Rhône-Alpes,0.0203,8,Vendredi,Octobre,0,Morning,0,2025-10-31T08:50:59.000Z,2025-10-31,1761900659,Âge Moyen,0,26,26,1138.45,2,0,2,139304,38.7,782.315600,-69.38,0,0
M00331,P01973,U00130,TX0128215,302.73,20250410153154,Paris,CASH,Health,20,51433.92,Paris,Standard,"[""Food"",""Health""]",20230607,Classic Blood Monitor 1973,Health,156.48,3.9,681,M00331,HealthShop 331,Health,Ile-de-France,0.068,15,Jeudi,Avril,0,Afternoon,1,2025-04-10T15:31:54.000Z,2025-04-10,1744299114,Jeune,0,1,6,302.73,1,0,,,,,,0,0
M00154,P04567,U00130,TX0023499,121.75,20250422172549,Paris,BANK_TRANSFER,Health,20,51433.92,Paris,Standard,"[""Food"",""Health""]",20230607,Classic Blood Monitor 4567,Health,114.07,1.8,1153,M00154,WellnessStore 154,Health,Provence-Alpes-Côte d'Azur,0.0522,17,Mardi,Avril,0,Afternoon,1,2025-04-22T17:25:49.000Z,2025-04-22,1745342749,Jeune,0,2,6,121.75,1,0,12,1043635,289.9,302.730000,-59.78,0,0
M00120,P00088,U00130,TX0048209,37.82,20250501144255,Paris,CASH,Food,20,51433.92,Paris,Standard,"[""Food"",""Health""]",20230607,Essential Pasta Box 88,Food,20.17,2.2,1055,M00120,FoodMart 120,Food,Pays de la Loire,0.0257,14,Jeudi,Mai,0,Afternoon,1,2025-05-01T14:42:55.000Z,2025-05-01,1746110575,Jeune,0,3,6,37.82,1,0,9,767826,213.29,212.240000,-82.18,0,0
M00412,P03506,U00130,TX0011667,207.94,20250507150510,Lille,CARD,Health,20,51433.92,Paris,Standard,"[""Food"",""Health""]",20230607,Classic Thermometer 3506,Health,209.91,3.5,1141,M00412,HealthShop 412,Health,Auvergne-Rhône-Alpes,0.0125,15,Mercredi,Mai,0,Afternoon,1,2025-05-07T15:05:10.000Z,2025-05-07,1746630310,Jeune,0,4,6,245.76,2,0,6,519735,144.37,154.100000,34.94,0,0
M00023,P01601,U00130,TX0115514,82.90,20250526051736,Paris,CASH,Food,20,51433.92,Paris,Standard,"[""Food"",""Health""]",20230607,Classic Chocolate Box 1601,Food,80.18,3.9,207,M00023,GourmetShop 23,Food,Bretagne,0.0684,5,Lundi,Mai,0,Night,0,2025-05-26T05:17:36.000Z,2025-05-26,1748236656,Jeune,0,5,6,82.90,1,0,19,1606346,446.21,167.560000,-50.53,1,0
M00550,P00984,U00130,TX0039405,118.58,20250928091220,Paris,CASH,Health,20,51433.92,Paris,Standard,"[""Food"",""Health""]",20230607,Standard Massage Gun 984,Health,117.66,4.1,1036,M00550,VitalShop 550,Health,Ile-de-France,0.0313,9,Dimanche,Septembre,1,Morning,1,2025-09-28T09:12:20.000Z,2025-09-28,1759050740,Jeune,0,6,6,118.58,1,0,125,10814084,3003.91,150.628000,-21.28,0,0
M00571,P03683,U00133,TX0098130,374.31,20240601144439,Marseille,CARD,Sports,51,33048.05,Marseille,Budget,"[""Clothing"",""Automotive"",""Beauty"",""Food""]",20250629,Essential Yoga Mat 3683,Sports,387.0,5.0,1084,M00571,FitnessShop 571,Sports,Bretagne,0.0863,14,Samedi,Juin,1,Afternoon,1,2024-06-01T14:44:39.000Z,2024-06-01,1717253079,Âge Moyen,0,1,3,374.31,1,0,,,,,,0,0
M00099,P02963,U00133,TX0073950,271.93,20240605145925,Marseille,CARD,Automotive,51,33048.05,Marseille,Budget,"[""Clothing"",""Automotive"",""Beauty"",""Food""]",20250629,Classic Car Battery 2963,Automotive,248.6,1.3,293,M00099,AutoCenter 99,Automotive,Ile-de-France,0.0664,14,Mercredi,Juin,0,Afternoon,1,2024-06-05T14:59:25.000Z,2024-06-05,1717599565,Âge Moyen,0,2,3,646.24,2,0,4,346486,96.25,374.310000,-27.35,0,0
M00414,P04095,U00133,TX0108410,38.40,20240718122034,Marseille,CARD,Beauty,51,33048.05,Marseille,Budget,"[""Clothing"",""Automotive"",""Beauty"",""Food""]",20250629,Classic Shampoo 4095,Beauty,36.44,4.4,109,M00414,BeautyCorner 414,Beauty,Ile-de-France,0.011,12,Jeudi,Juillet,0,Afternoon,1,2024-07-18T12:20:34.000Z,2024-07-18,1721305234,Âge Moyen,0,3,3,38.40,1,0,43,3705669,1029.35,323.120000,-88.12,0,0
M00513,P01332,U00142,TX0091941,39.29,20240502221844,Dijon,PAYPAL,Home & Garden,33,37551.53,Dijon,Standard,"[""Electronics"",""Clothing"",""Toys""]",20230811,Pro Cookware Set 1332,Home & Garden,36.47,2.4,591,M00513,HomeStyle 513,Home & Garden,Ile-de-France,0.0379,22,Jeudi,Mai,0,Night,0,2024-05-02T22:18:44.000Z,2024-05-02,1714688324,Adulte,0,1,7,39.29,1,0,,,,,,1,0
M00393,P03598,U00142,TX0126343,514.20,20240504140135,Dijon,BANK_TRANSFER,Sports,33,37551.53,Dijon,Standard,"[""Electronics"",""Clothing"",""Toys""]",20230811,Premium Running Shoes 3598,Sports,464.96,3.4,98,M00393,SportHub 393,Sports,Ile-de-France,0.099,14,Samedi,Mai,1,Afternoon,1,2024-05-04T14:01:35.000Z,2024-05-04,1714831295,Adulte,0,2,7,553.49,2,0,2,142971,39.71,39.290000,1208.73,1,0
M00270,P04658,U00142,TX0067966,178.99,20240527180036,Dijon,CRYPTO,Clothing,33,37551.53,Dijon,Standard,"[""Electronics"",""Clothing"",""Toys""]",20230811,Standard Jacket 4658,Clothing,174.71,4.2,176,M00270,FashionStore 270,Clothing,Ile-de-France,0.0766,18,Lundi,Mai,0,Evening,0,2024-05-27T18:00:36.000Z,2024-05-27,1716832836,Adulte,0,3,7,178.99,1,0,23,2001541,555.98,276.745000,-35.32,1,0
M00066,P03649,U00142,TX0050659,100.84,20240601175009,Dijon,CRYPTO,Clothing,33,37551.53,Dijon,Standard,"[""Electronics"",""Clothing"",""Toys""]",20230811,Classic Dress 3649,Clothing,107.74,2.8,992,M00066,ClothingHub 66,Clothing,Hauts-de-France,0.0695,17,Samedi,Juin,1,Afternoon,1,2024-06-01T17:50:09.000Z,2024-06-01,1717264209,Adulte,0,4,7,279.83,2,0,5,431373,119.83,244.160000,-58.70,1,0
M00166,P04182,U00142,TX0102071,634.16,20240617132318,Dijon,PAYPAL,Electronics,33,37551.53,Dijon,Standard,"[""Electronics"",""Clothing"",""Toys""]",20230811,Standard Smartphone 4182,Electronics,680.4,3.3,519,M00166,TechStore 166,Electronics,Ile-de-France,0.0503,13,Lundi,Juin,0,Afternoon,1,2024-06-17T13:23:18.000Z,2024-06-17,1718630598,Adulte,0,5,7,634.16,1,0,16,1366389,379.55,208.330000,204.40,0,0
M00377,P02573,U00142,TX0136829,25.92,20240621074850,Dijon,BANK_TRANSFER,Clothing,33,37551.53,Dijon,Standard,"[""Electronics"",""Clothing"",""Toys""]",20230811,Pro Sneakers 2573,Clothing,26.55,2.3,492,M00377,ClothingHub 377,Clothing,Ile-de-France,0.0756,7,Vendredi,Juin,0,Morning,0,2024-06-21T07:48:50.000Z,2024-06-21,1718956130,Adulte,0,6,7,660.08,2,0,4,325532,90.43,293.496000,-91.17,0,0
M00097,P02131,U00142,TX0007924,65.87,20240630205450,Dijon,CRYPTO,Toys,33,37551.53,Dijon,Standard,"[""Electronics"",""Clothing"",""Toys""]",20230811,Premium Building Blocks 2131,Toys,63.35,3.2,808,M00097,ToyLand 97,Toys,Occitanie,0.061,20,Dimanche,Juin,1,Evening,0,2024-06-30T20:54:50.000Z,2024-06-30,1719780890,Adulte,0,7,7,65.87,1,0,9,824760,229.1,248.900000,-73.54,1,0
M00017,P02299,U00143,TX0135379,112.75,20250409193310,Reims,CARD,Beauty,57,23021.91,Reims,Budget,"[""Beauty""]",20240524,Classic Perfume 2299,Beauty,115.64,5.0,1137,M00017,BeautyCorner 17,Beauty,Occitanie,0.0365,19,Mercredi,Avril,0,Evening,0,2025-04-09T19:33:10.000Z,2025-04-09,1744227190,Âge Moyen,0,1,5,112.75,1,0,,,,,,0,0
M00021,P04818,U00143,TX0008678,115.91,20250411195318,Reims,PAYPAL,Toys,57,23021.91,Reims,Budget,"[""Beauty""]",20240524,Pro Building Blocks 4818,Toys,125.96,3.3,739,M00021,KidsWorld 21,Toys,Auvergne-Rhône-Alpes,0.0925,19,Vendredi,Avril,0,Evening,0,2025-04-11T19:53:18.000Z,2025-04-11,1744401198,Âge Moyen,0,2,5,228.66,2,0,2,174008,48.34,112.750000,2.80,0,0
M00375,P03260,U00143,TX0120887,436.64,20250606142055,Reims,PAYPAL,Sports,57,23021.91,Reims,Budget,"[""Beauty""]",20240524,Essential Yoga Mat 3260,Sports,400.65,3.2,718,M00375,FitnessShop 375,Sports,,0.0416,14,Vendredi,Juin,0,Afternoon,1,2025-06-06T14:20:55.000Z,2025-06-06,1749219655,Âge Moyen,0,3,5,436.64,1,0,56,4818457,1338.46,114.330000,281.91,0,0
M00414,P02066,U00143,TX0014167,173.59,20250927112113,Reims,BANK_TRANSFER,Beauty,57,23021.91,Reims,Budget,"[""Beauty""]",20240524,Classic Nail Kit 2066,Beauty,155.95,3.8,890,M00414,BeautyCorner 414,Beauty,Ile-de-France,0.011,11,Samedi,Septembre,1,Morning,1,2025-09-27T11:21:13.000Z,2025-09-27,1758972073,Âge Moyen,0,4,5,173.59,1,0,113,9752418,2709.01,221.766667,-21.72,0,0
M00096,P02945,U00143,TX0006020,129.62,20251214141938,Reims,PAYPAL,Clothing,57,23021.91,Reims,Budget,"[""Beauty""]",20240524,Standard Scarf 2945,Clothing,120.25,5.0,714,M00096,StyleShop 96,Clothing,Nouvelle-Aquitaine,0.0823,14,Dimanche,Décembre,1,Afternoon,1,2025-12-14T14:19:38.000Z,2025-12-14,1765721978,Âge Moyen,0,5,5,129.62,1,0,78,6749905,1874.97,209.722500,-38.19,0,0
M00480,P04841,U00147,TX0079606,308.55,20250304023622,Marseille,PAYPAL,Clothing,48,30918.57,Marseille,Standard,"[""Clothing"",""Automotive"",""Books""]",20250402,Pro T-Shirt 4841,Clothing,282.34,4.2,622,M00480,ClothingHub 480,Clothing,Occitanie,0.0722,2,Mardi,Mars,0,Night,0,2025-03-04T02:36:22.000Z,2025-03-04,1741055782,Âge Moyen,0,1,6,308.55,1,0,,,,,,1,0
M00089,P04673,U00147,TX0095655,26.70,20250311075534,Marseille,CARD,Books,48,30918.57,Marseille,Standard,"[""Clothing"",""Automotive"",""Books""]",20250402,Standard Atlas 4673,Books,24.03,2.4,141,M00089,LibraryShop 89,Books,Auvergne-Rhône-Alpes,0.0371,7,Mardi,Mars,0,Morning,0,2025-03-11T07:55:34.000Z,2025-03-11,1741679734,Âge Moyen,0,2,6,26.70,1,0,7,623952,173.32,308.550000,-91.35,0,0
M00580,P02005,U00147,TX0103876,116.91,20250312072548,Marseille,PAYPAL,Clothing,48,30918.57,Marseille,Standard,"[""Clothing"",""Automotive"",""Books""]",20250402,Standard Jacket 2005,Clothing,118.27,2.0,515,M00580,StyleShop 580,Clothing,Grand Est,0.0631,7,Mercredi,Mars,0,Morning,0,2025-03-12T07:25:48.000Z,2025-03-12,1741764348,Âge Moyen,0,3,6,143.61,2,0,1,84614,23.5,167.625000,-30.26,0,0
M00260,P02367,U00147,TX0113868,172.62,20250319220817,Marseille,PAYPAL,Clothing,48,30918.57,Marseille,Standard,"[""Clothing"",""Automotive"",""Books""]",20250402,Standard Dress 2367,Clothing,154.81,2.0,235,M00260,TrendyWear 260,Clothing,Ile-de-France,0.0549,22,Mercredi,Mars,0,Night,0,2025-03-19T22:08:17.000Z,2025-03-19,1742422097,Âge Moyen,0,4,6,172.62,1,0,7,657749,182.71,150.720000,14.53,1,0
M00391,P00005,U00147,TX0120526,12.81,20250701074215,Marseille,CARD,Books,48,30918.57,Marseille,Standard,"[""Clothing"",""Automotive"",""Books""]",20250402,Classic Comic Book 5,Books,6.63,2.4,205,M00391,BookHaven 391,Books,Ile-de-France,0.0789,7,Mardi,Juillet,0,Morning,0,2025-07-01T07:42:15.000Z,2025-07-01,1751355735,Âge Moyen,0,5,6,12.81,1,0,104,8933638,2481.57,156.195000,-91.80,0,0
M00317,P05946,U00147,TX0055260,257.30,20250730101251,Nîmes,PAYPAL,Automotive,48,30918.57,Marseille,Standard,"[""Clothing"",""Automotive"",""Books""]",20250402,Classic Tyre Set 5946,Automotive,284.35,3.2,1051,M00317,AutoShop 317,Automotive,Ile-de-France,0.0301,10,Mercredi,Juillet,0,Morning,1,2025-07-30T10:12:51.000Z,2025-07-30,1753870371,Âge Moyen,0,6,6,257.30,1,0,29,2514636,698.51,127.518000,101.78,0,0
M00579,P05117,U00157,TX0103433,33.18,20250602150430,Paris,CARD,Beauty,28,44883.11,Paris,VIP,"[""Beauty""]",20230718,Elite Face Cream 5117,Beauty,31.81,2.6,633,M00579,CosmeticHub 579,Beauty,Pays de la Loire,0.0656,15,Lundi,Juin,0,Afternoon,1,2025-06-02T15:04:30.000Z,2025-06-02,1748876670,Adulte,0,1,27,33.18,1,0,,,,,,0,0
M00306,P05698,U00157,TX0069700,14.41,20250611112648,Nîmes,BANK_TRANSFER,Beauty,28,44883.11,Paris,VIP,"[""Beauty""]",20230718,Standard Lipstick 5698,Beauty,13.71,4.1,1137,M00306,BeautyWorld 306,Beauty,Pays de la Loire,0.0874,11,Mercredi,Juin,0,Morning,1,2025-06-11T11:26:48.000Z,2025-06-11,1749641208,Adulte,0,2,27,14.41,1,0,9,764538,212.37,33.180000,-56.57,0,0
M00161,P05453,U00157,TX0049460,140.75,20250613093202,Paris,BANK_TRANSFER,Beauty,28,44883.11,Paris,VIP,"[""Beauty""]",20230718,Standard Nail Kit 5453,Beauty,148.73,3.8,405,M00161,CosmeticHub 161,Beauty,Ile-de-France,0.0432,9,Vendredi,Juin,0,Morning,1,2025-06-13T09:32:02.000Z,2025-06-13,1749807122,Adulte,0,3,27,155.16,2,0,2,165914,46.09,23.795000,491.51,1,0
M00239,P05534,U00157,TX0016663,32.70,20250616173729,Paris,CARD,Beauty,28,44883.11,Paris,VIP,"[""Beauty""]",20230718,Pro Shampoo 5534,Beauty,34.65,1.3,190,M00239,BeautyWorld 239,Beauty,Nouvelle-Aquitaine,0.0434,17,Lundi,Juin,0,Afternoon,1,2025-06-16T17:37:29.000Z,2025-06-16,1750095449,Adulte,0,4,27,187.86,3,0,3,288327,80.09,62.780000,-47.91,0,0
M00047,P03147,U00157,TX0085258,83.74,20250621223047,Paris,CARD,Food,28,44883.11,Paris,VIP,"[""Beauty""]",20230718,Elite Tea Set 3147,Food,81.18,3.4,713,M00047,FoodMart 47,Food,Pays de la Loire,0.0417,22,Samedi,Juin,1,Night,0,2025-06-21T22:30:47.000Z,2025-06-21,1750545047,Adulte,0,5,27,116.44,2,0,5,449598,124.89,55.260000,51.54,1,0
M00148,P05684,U00157,TX0106711,121.98,20250628090906,Paris,BANK_TRANSFER,Beauty,28,44883.11,Paris,VIP,"[""Beauty""]",20230718,Standard Face Cream 5684,Beauty,57.77,3.0,959,M00148,BeautyWorld 148,Beauty,Auvergne-Rhône-Alpes,0.0172,9,Samedi,Juin,1,Morning,1,2025-06-28T09:09:06.000Z,2025-06-28,1751101746,Adulte,0,6,27,205.72,2,0,7,556699,154.64,60.956000,100.11,0,0
M00040,P02179,U00157,TX0016963,127.27,20250802135108,Paris,CARD,Beauty,28,44883.11,Paris,VIP,"[""Beauty""]",20230718,Essential Perfume 2179,Beauty,125.76,4.7,594,M00040,CosmeticHub 40,Beauty,Grand Est,0.0267,13,Samedi,Août,1,Afternoon,1,2025-08-02T13:51:08.000Z,2025-08-02,1754142668,Adulte,0,7,27,127.27,1,0,35,3040922,844.7,71.126667,78.93,0,0
M00479,P02495,U00157,TX0069343,40.07,20250806103914,Paris,CARD,Beauty,28,44883.11,Paris,VIP,"[""Beauty""]",20230718,Premium Serum 2495,Beauty,39.0,1.9,305,M00479,CosmeticHub 479,Beauty,Nouvelle-Aquitaine,0.0231,10,Mercredi,Août,0,Morning,1,2025-08-06T10:39:14.000Z,2025-08-06,1754476754,Adulte,0,8,27,167.34,2,0,4,334086,92.8,79.147143,-49.37,0,0
M00405,P00676,U00157,TX0002341,133.84,20250807061314,Paris,CARD,Beauty,28,44883.11,Paris,VIP,"[""Beauty""]",20230718,Elite Perfume 676,Beauty,130.0,3.5,254,M00405,BeautyWorld 405,Beauty,Nouvelle-Aquitaine,0.057,6,Jeudi,Août,0,Morning,0,2025-08-07T06:13:14.000Z,2025-08-07,1754547194,Adulte,0,9,27,301.18,3,0,1,70440,19.57,74.262500,80.23,0,0
M00396,P02379,U00157,TX0123701,52.04,20250808121925,Paris,CARD,Books,28,44883.11,Paris,VIP,"[""Beauty""]",20230718,Premium Biography 2379,Books,54.03,4.6,372,M00396,BookHaven 396,Books,Nouvelle-Aquitaine,0.0702,12,Vendredi,Août,0,Afternoon,1,2025-08-08T12:19:25.000Z,2025-08-08,1754655565,Adulte,0,10,27,353.22,4,0,1,108371,30.1,80.882222,-35.66,0,0
M00026,P05905,U00157,TX0072264,144.55,20250809190505,Paris,BANK_TRANSFER,Beauty,28,44883.11,Paris,VIP,"[""Beauty""]",20230718,Premium Nail Kit 5905,Beauty,137.41,4.1,247,M00026,BeautyWorld 26,Beauty,Auvergne-Rhône-Alpes,0.0659,19,Samedi,Août,1,Evening,0,2025-08-09T19:05:05.000Z,2025-08-09,1754766305,Adulte,0,11,27,370.50,4,0,1,110740,30.76,77.998000,85.33,0,0
M00123,P01248,U00157,TX0090995,86.97,20250813171031,Paris,CRYPTO,Beauty,28,44883.11,Paris,VIP,"[""Beauty""]",20230718,Standard Serum 1248,Beauty,96.02,2.5,294,M00123,CosmeticHub 123,Beauty,Auvergne-Rhône-Alpes,0.0875,17,Mercredi,Août,0,Afternoon,1,2025-08-13T17:10:31.000Z,2025-08-13,1755105031,Adulte,0,12,27,417.40,4,0,4,338726,94.09,84.048182,3.48,1,0
M00399,P03160,U00157,TX0020319,27.45,20250819103550,Paris,PAYPAL,Beauty,28,44883.11,Paris,VIP,"[""Beauty""]",20230718,Standard Serum 3160,Beauty,28.72,2.9,161,M00399,BeautyWorld 399,Beauty,Hauts-de-France,0.0398,10,Mardi,Août,0,Morning,1,2025-08-19T10:35:50.000Z,2025-08-19,1755599750,Adulte,0,13,27,114.42,2,0,6,494719,137.42,84.291667,-67.43,0,0
M00171,P05230,U00157,TX0072406,51.29,20250822135803,Paris,CARD,Beauty,28,44883.11,Paris,VIP,"[""Beauty""]",20230718,Standard Shampoo 5230,Beauty,55.44,4.2,489,M00171,CosmeticHub 171,Beauty,Grand Est,0.0625,13,Vendredi,Août,0,Afternoon,1,2025-08-22T13:58:03.000Z,2025-08-22,1755871083,Adulte,0,14,27,78.74,2,0,3,271333,75.37,79.919231,-35.82,0,0
M00281,P03723,U00157,TX0041310,68.59,20250903170405,Paris,CARD,Beauty,28,44883.11,Paris,VIP,"[""Beauty""]",20230718,Premium Nail Kit 3723,Beauty,66.89,3.7,131,M00281,BeautyCorner 281,Beauty,Nouvelle-Aquitaine,0.0208,17,Mercredi,Septembre,0,Afternoon,1,2025-09-03T17:04:05.000Z,2025-09-03,1756919045,Adulte,0,15,27,68.59,1,0,12,1047962,291.1,77.874286,-11.92,0,0
M00320,P01978,U00157,TX0026126,10.80,20250912103548,Paris,BANK_TRANSFER,Health,28,44883.11,Paris,VIP,"[""Beauty""]",20230718,Elite Massage Gun 1978,Health,11.81,3.3,610,M00320,HealthShop 320,Health,Auvergne-Rhône-Alpes,0.0775,10,Vendredi,Septembre,0,Morning,1,2025-09-12T10:35:48.000Z,2025-09-12,1757673348,Adulte,0,16,27,10.80,1,0,9,754303,209.53,77.255333,-86.02,0,0
M00026,P04932,U00157,TX0105468,140.16,20250914115428,Paris,CARD,Beauty,28,44883.11,Paris,VIP,"[""Beauty""]",20230718,Elite Lipstick 4932,Beauty,134.1,3.7,852,M00026,BeautyWorld 26,Beauty,Auvergne-Rhône-Alpes,0.0659,11,Dimanche,Septembre,1,Morning,1,2025-09-14T11:54:28.000Z,2025-09-14,1757850868,Adulte,0,17,27,150.96,2,0,2,177520,49.31,73.101875,91.73,0,0
M00399,P03681,U00157,TX0059023,195.55,20250926035025,Paris,CARD,Beauty,28,44883.11,Paris,VIP,"[""Beauty""]",20230718,Standard Perfume 3681,Beauty,96.2,3.2,989,M00399,BeautyWorld 399,Beauty,Hauts-de-France,0.0398,3,Vendredi,Septembre,0,Night,0,2025-09-26T03:50:25.000Z,2025-09-26,1758858625,Adulte,0,18,27,195.55,1,0,12,1007757,279.93,77.046471,153.81,1,0
M00543,P05002,U00157,TX0001439,37.23,20250930161912,Paris,CARD,Books,28,44883.11,Paris,VIP,"[""Beauty""]",20230718,Elite Cookbook 5002,Books,35.02,3.7,487,M00543,LibraryShop 543,Books,Normandie,0.0834,16,Mardi,Septembre,0,Afternoon,1,2025-09-30T16:19:12.000Z,2025-09-30,1759249152,Adulte,0,19,27,232.78,2,0,4,390527,108.48,83.630000,-55.48,0,0
M00492,P00856,U00157,TX0098456,62.96,20251209133314,Paris,CARD,Beauty,28,44883.11,Paris,VIP,"[""Beauty""]",20230718,Classic Perfume 856,Beauty,65.19,3.8,1183,M00492,CosmeticHub 492,Beauty,Hauts-de-France,0.0761,13,Mardi,Décembre,0,Afternoon,1,2025-12-09T13:33:14.000Z,2025-12-09,1765287194,Adulte,0,20,27,62.96,1,0,70,6038042,1677.23,81.187895,-22.45,0,0
M00208,P00111,U00157,TX0062215,100.09,20251212151116,Paris,CARD,Toys,28,44883.11,Paris,VIP,"[""Beauty""]",20230718,Essential Doll 111,Toys,104.86,3.6,1141,M00208,ToyLand 208,Toys,Auvergne-Rhône-Alpes,0.0103,15,Vendredi,Décembre,0,Afternoon,1,2025-12-12T15:11:16.000Z,2025-12-12,1765552276,Adulte,0,21,27,163.05,2,0,3,265082,73.63,80.276500,24.68,0,0
M00363,P00442,U00157,TX0018020,322.14,20251213141529,Paris,CARD,Beauty,28,44883.11,Paris,VIP,"[""Beauty""]",20230718,Essential Lipstick 442,Beauty,119.01,4.6,829,M00363,BeautyCorner 363,Beauty,Hauts-de-France,0.0323,14,Samedi,Décembre,1,Afternoon,1,2025-12-13T14:15:29.000Z,2025-12-13,1765635329,Adulte,0,22,27,485.19,3,0,1,83053,23.07,81.220000,296.63,0,0
M00186,P01602,U00157,TX0077245,57.44,20251213163813,Paris,PAYPAL,Beauty,28,44883.11,Paris,VIP,"[""Beauty""]",20230718,Classic Perfume 1602,Beauty,30.45,2.7,227,M00186,GlowShop 186,Beauty,Nouvelle-Aquitaine,0.0327,16,Samedi,Décembre,1,Afternoon,1,2025-12-13T16:38:13.000Z,2025-12-13,1765643893,Adulte,0,23,27,542.63,3,0,0,8564,2.38,92.170909,-37.68,0,0
M00171,P04843,U00157,TX0021657,120.63,20251216012842,Paris,CARD,Beauty,28,44883.11,Paris,VIP,"[""Beauty""]",20230718,Essential Perfume 4843,Beauty,128.22,4.3,648,M00171,CosmeticHub 171,Beauty,Grand Est,0.0625,1,Mardi,Décembre,0,Night,0,2025-12-16T01:28:42.000Z,2025-12-16,1765848522,Adulte,0,24,27,663.26,4,0,3,204629,56.84,90.660870,33.06,1,0
M00123,P04128,U00157,TX0016792,86.86,20251220063932,Paris,CARD,Beauty,28,44883.11,Paris,VIP,"[""Beauty""]",20230718,Elite Face Cream 4128,Beauty,90.12,5.0,184,M00123,CosmeticHub 123,Beauty,Auvergne-Rhône-Alpes,0.0875,6,Samedi,Décembre,1,Morning,0,2025-12-20T06:39:32.000Z,2025-12-20,1766212772,Adulte,0,25,27,587.07,3,0,4,364250,101.18,91.909583,-5.49,0,0
M00220,P02912,U00157,TX0009288,513.99,20251220151655,Paris,CARD,Sports,28,44883.11,Paris,VIP,"[""Beauty""]",20230718,Premium Tennis Racket 2912,Sports,472.9,4.3,1078,M00220,SportHub 220,Sports,Provence-Alpes-Côte d'Azur,0.0644,15,Samedi,Décembre,1,Afternoon,1,2025-12-20T15:16:55.000Z,2025-12-20,1766243815,Adulte,0,26,27,778.92,3,0,0,31043,8.62,91.707600,460.47,1,0
M00031,P03220,U00157,TX0057371,153.39,20251228190036,Toulon,CARD,Beauty,28,44883.11,Paris,VIP,"[""Beauty""]",20230718,Pro Face Cream 3220,Beauty,152.39,2.7,775,M00031,CosmeticHub 31,Beauty,Ile-de-France,0.0196,19,Dimanche,Décembre,1,Evening,0,2025-12-28T19:00:36.000Z,2025-12-28,1766948436,Adulte,0,27,27,153.39,1,0,8,704621,195.73,107.949231,42.09,0,0
M00524,P01177,U00170,TX0118395,44.00,20240307163450,Toulon,CASH,Food,36,25728.02,Toulon,Standard,"[""Books"",""Clothing""]",20230217,Premium Tea Set 1177,Food,45.99,3.2,1072,M00524,GourmetShop 524,Food,Bretagne,0.0973,16,Jeudi,Mars,0,Afternoon,1,2024-03-07T16:34:50.000Z,2024-03-07,1709829290,Adulte,0,1,8,44.00,1,0,,,,,,0,0
M00577,P02638,U00170,TX0024101,14.56,20240312113500,Toulon,CASH,Books,36,25728.02,Toulon,Standard,"[""Books"",""Clothing""]",20230217,Essential Cookbook 2638,Books,15.21,3.3,788,M00577,LibraryShop 577,Books,Hauts-de-France,0.0355,11,Mardi,Mars,0,Morning,1,2024-03-12T11:35:00.000Z,2024-03-12,1710243300,Adulte,0,2,8,58.56,2,0,5,414010,115.0,44.000000,-66.91,0,0
M00089,P01932,U00170,TX0070093,54.46,20240423222842,Toulon,CASH,Books,36,25728.02,Toulon,Standard,"[""Books"",""Clothing""]",20230217,Essential Atlas 1932,Books,53.48,3.7,823,M00089,LibraryShop 89,Books,Auvergne-Rhône-Alpes,0.0371,22,Mardi,Avril,0,Night,0,2024-04-23T22:28:42.000Z,2024-04-23,1713911322,Adulte,0,3,8,54.46,1,0,42,3668022,1018.9,29.280000,86.00,1,0
M00105,P04347,U00170,TX0016484,35.82,20240425133405,Toulon,CARD,Food,36,25728.02,Toulon,Standard,"[""Books"",""Clothing""]",20230217,Pro Olive Oil 4347,Food,38.2,3.5,803,M00105,FreshMarket 105,Food,Grand Est,0.0473,13,Jeudi,Avril,0,Afternoon,1,2024-04-25T13:34:05.000Z,2024-04-25,1714052045,Adulte,0,4,8,90.28,2,0,2,140723,39.09,37.673333,-4.92,0,0
M00226,P05511,U00170,TX0040705,25.00,20240428082424,Saint-Etienne,CASH,Books,36,25728.02,Toulon,Standard,"[""Books"",""Clothing""]",20230217,Elite Comic Book 5511,Books,8.17,2.6,1090,M00226,BookHaven 226,Books,Grand Est,0.0651,8,Dimanche,Avril,1,Morning,0,2024-04-28T08:24:24.000Z,2024-04-28,1714292664,Adulte,0,5,8,115.28,3,0,3,240619,66.84,37.210000,-32.81,0,0
M00598,P00348,U00170,TX0000372,239.63,20250406120948,Toulon,CARD,Clothing,36,25728.02,Toulon,Standard,"[""Books"",""Clothing""]",20230217,Essential T-Shirt 348,Clothing,264.94,3.9,814,M00598,TrendyWear 598,Clothing,Hauts-de-France,0.0127,12,Dimanche,Avril,1,Afternoon,1,2025-04-06T12:09:48.000Z,2025-04-06,1743941388,Adulte,0,6,8,239.63,1,0,343,29648724,8235.76,34.768000,589.23,1,0
M00232,P04450,U00170,TX0021319,24.13,20250417134122,Toulon,CASH,Books,36,25728.02,Toulon,Standard,"[""Books"",""Clothing""]",20230217,Pro Comic Book 4450,Books,23.75,2.3,1031,M00232,BookHaven 232,Books,Auvergne-Rhône-Alpes,0.037,13,Jeudi,Avril,0,Afternoon,1,2025-04-17T13:41:22.000Z,2025-04-17,1744897282,Adulte,0,7,8,24.13,1,0,11,955894,265.53,68.911667,-64.98,0,0
M00440,P00635,U00170,TX0016363,98.51,20250426205921,Toulon,CASH,Clothing,36,25728.02,Toulon,Standard,"[""Books"",""Clothing""]",20230217,Elite Dress 635,Clothing,95.2,3.0,640,M00440,ClothingHub 440,Clothing,Ile-de-France,0.0534,20,Samedi,Avril,1,Evening,0,2025-04-26T20:59:21.000Z,2025-04-26,1745701161,Adulte,0,8,8,98.51,1,0,9,803879,223.3,62.514286,57.58,0,0
M00364,P03609,U00181,TX0049003,371.00,20240109080335,Paris,CARD,Sports,67,22124.4,Paris,Budget,"[""Sports""]",20241219,Standard Yoga Mat 3609,Sports,406.91,4.3,451,M00364,FitnessShop 364,Sports,Ile-de-France,0.0123,8,Mardi,Janvier,0,Morning,0,2024-01-09T08:03:35.000Z,2024-01-09,1704787415,Senior,0,1,11,371.00,1,0,,,,,,0,0
M00307,P02354,U00181,TX0023641,244.72,20240117165018,Paris,PAYPAL,Sports,67,22124.4,Paris,Budget,"[""Sports""]",20241219,Premium Tennis Racket 2354,Sports,247.43,3.2,567,M00307,SportZone 307,Sports,Bretagne,0.0933,16,Mercredi,Janvier,0,Afternoon,1,2024-01-17T16:50:18.000Z,2024-01-17,1705510218,Senior,0,2,11,244.72,1,0,8,722803,200.78,371.000000,-34.04,0,0
M00450,P05554,U00181,TX0097958,143.56,20240120100756,Villeurbanne,CARD,Clothing,67,22124.4,Paris,Budget,"[""Sports""]",20241219,Classic Dress 5554,Clothing,148.98,2.9,606,M00450,TrendyWear 450,Clothing,Pays de la Loire,0.0277,10,Samedi,Janvier,1,Morning,1,2024-01-20T10:07:56.000Z,2024-01-20,1705745276,Senior,0,3,11,388.28,2,0,3,235058,65.29,307.860000,-53.37,0,0
M00411,P05483,U00181,TX0048630,329.19,20240127135145,Paris,CARD,Sports,67,22124.4,Paris,Budget,"[""Sports""]",20241219,Premium Tennis Racket 5483,Sports,303.54,3.5,854,M00411,SportZone 411,Sports,Grand Est,0.0322,13,Samedi,Janvier,1,Afternoon,1,2024-01-27T13:51:45.000Z,2024-01-27,1706363505,Senior,0,4,11,329.19,1,0,7,618229,171.73,253.093333,30.07,0,0
M00525,P00231,U00181,TX0015314,1314.06,20240308090641,Paris,CARD,Automotive,67,22124.4,Paris,Budget,"[""Sports""]",20241219,Standard Dash Cam 231,Automotive,1182.08,4.4,469,M00525,AutoShop 525,Automotive,Bretagne,0.0879,9,Vendredi,Mars,0,Morning,1,2024-03-08T09:06:41.000Z,2024-03-08,1709888801,Senior,0,5,11,1314.06,1,0,41,3525296,979.25,272.117500,382.90,1,0
M00356,P05638,U00181,TX0098369,408.84,20240310153753,Paris,PAYPAL,Sports,67,22124.4,Paris,Budget,"[""Sports""]",20241219,Premium Bicycle Helmet 5638,Sports,452.65,3.8,153,M00356,SportHub 356,Sports,Normandie,0.0514,15,Dimanche,Mars,1,Afternoon,1,2024-03-10T15:37:53.000Z,2024-03-10,1710085073,Senior,0,6,11,1722.90,2,0,2,196272,54.52,480.506000,-14.91,0,0
M00485,P04475,U00181,TX0043107,328.59,20240311200530,Paris,CARD,Beauty,67,22124.4,Paris,Budget,"[""Sports""]",20241219,Elite Nail Kit 4475,Beauty,149.87,4.6,804,M00485,BeautyWorld 485,Beauty,Auvergne-Rhône-Alpes,0.0141,20,Lundi,Mars,0,Evening,0,2024-03-11T20:05:30.000Z,2024-03-11,1710187530,Senior,0,7,11,2051.49,3,0,1,102457,28.46,468.561667,-29.87,0,0
M00185,P02062,U00181,TX0084486,8.03,20240321163338,Villeurbanne,CARD,Food,67,22124.4,Paris,Budget,"[""Sports""]",20241219,Classic Pasta Box 2062,Food,8.12,2.8,875,M00185,GourmetShop 185,Food,Ile-de-France,0.0104,16,Jeudi,Mars,0,Afternoon,1,2024-03-21T16:33:38.000Z,2024-03-21,1711038818,Senior,0,8,11,8.03,1,0,10,851288,236.47,448.565714,-98.21,0,0
M00340,P02154,U00181,TX0112267,321.28,20240321183928,Paris,CARD,Sports,67,22124.4,Paris,Budget,"[""Sports""]",20241219,Premium Dumbbells 2154,Sports,352.2,4.9,206,M00340,SportZone 340,Sports,Ile-de-France,0.0293,18,Jeudi,Mars,0,Evening,0,2024-03-21T18:39:28.000Z,2024-03-21,1711046368,Senior,0,9,11,329.31,1,0,0,7550,2.1,393.498750,-18.35,0,0
M00332,P01823,U00181,TX0070127,10.88,20240731172516,Paris,CARD,Food,67,22124.4,Paris,Budget,"[""Sports""]",20241219,Elite Olive Oil 1823,Food,11.05,3.4,38,M00332,FreshMarket 332,Food,,0.0429,17,Mercredi,Juillet,0,Afternoon,1,2024-07-31T17:25:16.000Z,2024-07-31,1722446716,Senior,0,10,11,10.88,1,0,132,11400348,3166.76,385.474444,-97.18,0,0
M00203,P04388,U00181,TX0119064,182.84,20250824101540,Paris,CARD,Sports,67,22124.4,Paris,Budget,"[""Sports""]",20241219,Standard Bicycle Helmet 4388,Sports,172.25,3.2,865,M00203,SportHub 203,Sports,Hauts-de-France,0.044,10,Dimanche,Août,1,Morning,1,2025-08-24T10:15:40.000Z,2025-08-24,1756030540,Senior,0,11,11,182.84,1,0,389,33583824,9328.84,348.015000,-47.46,0,0
M00308,P02315,U00188,TX0112562,110.26,20240502124623,Montpellier,CARD,Toys,65,26648.52,Montpellier,Budget,"[""Toys"",""Clothing""]",20231117,Classic Puzzle 2315,Toys,120.58,4.0,453,M00308,PlayShop 308,Toys,Auvergne-Rhône-Alpes,0.059,12,Jeudi,Mai,0,Afternoon,1,2024-05-02T12:46:23.000Z,2024-05-02,1714653983,Senior,0,1,9,110.26,1,0,,,,,,0,0
M00298,P01776,U00188,TX0021436,1537.30,20240703184007,Montpellier,CARD,Electronics,65,26648.52,Montpellier,Budget,"[""Toys"",""Clothing""]",20231117,Premium Camera 1776,Electronics,1621.46,3.8,1102,M00298,GadgetShop 298,Electronics,Nouvelle-Aquitaine,0.078,18,Mercredi,Juillet,0,Evening,0,2024-07-03T18:40:07.000Z,2024-07-03,1720032007,Senior,0,2,9,1537.30,1,0,62,5378024,1493.9,110.260000,1294.25,1,0
M00372,P04458,U00188,TX0083186,62.69,20240703194610,Montpellier,CARD,Clothing,65,26648.52,Montpellier,Budget,"[""Toys"",""Clothing""]",20231117,Elite Jeans 4458,Clothing,67.56,1.7,411,M00372,ClothingHub 372,Clothing,Ile-de-France,0.0729,19,Mercredi,Juillet,0,Evening,0,2024-07-03T19:46:10.000Z,2024-07-03,1720035970,Senior,0,3,9,1599.99,1,0,0,3963,1.1,823.780000,-92.39,0,0
M00173,P04997,U00188,TX0076553,48.46,20240714015214,Montpellier,CARD,Toys,65,26648.52,Montpellier,Budget,"[""Toys"",""Clothing""]",20231117,Essential Doll 4997,Toys,46.05,3.0,394,M00173,PlayShop 173,Toys,Auvergne-Rhône-Alpes,0.0114,1,Dimanche,Juillet,1,Night,0,2024-07-14T01:52:14.000Z,2024-07-14,1720921934,Senior,0,4,9,48.46,1,0,11,885964,246.1,570.083333,-91.50,1,0
M00021,P04818,U00188,TX0014610,229.13,20240725120634,Montpellier,CARD,Toys,65,26648.52,Montpellier,Budget,"[""Toys"",""Clothing""]",20231117,Pro Building Blocks 4818,Toys,125.96,3.3,739,M00021,KidsWorld 21,Toys,Auvergne-Rhône-Alpes,0.0925,12,Jeudi,Juillet,0,Afternoon,1,2024-07-25T12:06:34.000Z,2024-07-25,1721909194,Senior,0,5,9,229.13,1,0,11,987260,274.24,439.677500,-47.89,0,0
M00314,P04516,U00188,TX0061804,110.16,20241223090807,Montpellier,CARD,Toys,65,26648.52,Montpellier,Budget,"[""Toys"",""Clothing""]",20231117,Pro Doll 4516,Toys,98.95,2.5,1167,M00314,PlayShop 314,Toys,Occitanie,0.0253,9,Lundi,Décembre,0,Morning,1,2024-12-23T09:08:07.000Z,2024-12-23,1734944887,Senior,0,6,9,110.16,1,0,151,13035693,3621.03,397.568000,-72.29,0,0
M00270,P01682,U00188,TX0019894,193.24,20250116193300,Montpellier,BANK_TRANSFER,Clothing,65,26648.52,Montpellier,Budget,"[""Toys"",""Clothing""]",20231117,Essential Dress 1682,Clothing,180.34,3.0,634,M00270,FashionStore 270,Clothing,Ile-de-France,0.0766,19,Jeudi,Janvier,0,Evening,0,2025-01-16T19:33:00.000Z,2025-01-16,1737055980,Senior,0,7,9,193.24,1,0,24,2111093,586.41,349.666667,-44.74,0,0
M00270,P05099,U00188,TX0017946,310.21,20250129030428,Montpellier,CARD,Clothing,65,26648.52,Montpellier,Budget,"[""Toys"",""Clothing""]",20231117,Classic Jeans 5099,Clothing,298.63,3.6,951,M00270,FashionStore 270,Clothing,Ile-de-France,0.0766,3,Mercredi,Janvier,0,Night,0,2025-01-29T03:04:28.000Z,2025-01-29,1738119868,Senior,0,8,9,310.21,1,0,13,1063888,295.52,327.320000,-5.23,1,0
M00401,P00808,U00188,TX0104821,142.74,20251026201006,Montpellier,CASH,Clothing,65,26648.52,Montpellier,Budget,"[""Toys"",""Clothing""]",20231117,Classic Jeans 808,Clothing,157.67,2.6,382,M00401,FashionStore 401,Clothing,Provence-Alpes-Côte d'Azur,0.061,20,Dimanche,Octobre,1,Evening,0,2025-10-26T20:10:06.000Z,2025-10-26,1761509406,Senior,0,9,9,142.74,1,0,270,23389538,6497.09,325.181250,-56.10,0,0
M00184,P02492,U00190,TX0109671,34.10,20241005080326,Bordeaux,BANK_TRANSFER,Health,45,19203.35,Bordeaux,Standard,"[""Home & Garden"",""Health""]",20240407,Classic Vitamins 2492,Health,30.95,2.6,784,M00184,HealthShop 184,Health,Grand Est,0.0775,8,Samedi,Octobre,1,Morning,0,2024-10-05T08:03:26.000Z,2024-10-05,1728115406,Âge Moyen,0,1,11,34.10,1,0,,,,,,0,0
M00328,P05540,U00190,TX0075327,252.27,20241007122446,Bordeaux,PAYPAL,Health,45,19203.35,Bordeaux,Standard,"[""Home & Garden"",""Health""]",20240407,Essential First Aid Kit 5540,Health,117.68,3.7,673,M00328,HealthHub 328,Health,,0.0874,12,Lundi,Octobre,0,Afternoon,1,2024-10-07T12:24:46.000Z,2024-10-07,1728303886,Âge Moyen,0,2,11,286.37,2,0,2,188480,52.36,34.100000,639.79,1,0
M00010,P03925,U00190,TX0021418,187.97,20241025164910,Bordeaux,BANK_TRANSFER,Health,45,19203.35,Bordeaux,Standard,"[""Home & Garden"",""Health""]",20240407,Pro Thermometer 3925,Health,179.38,4.6,777,M00010,HealthShop 10,Health,Occitanie,0.0775,16,Vendredi,Octobre,0,Afternoon,1,2024-10-25T16:49:10.000Z,2024-10-25,1729874950,Âge Moyen,0,3,11,187.97,1,0,18,1571064,436.41,143.185000,31.28,0,0
M00451,P05286,U00190,TX0113995,9.48,20241201144338,Bordeaux,PAYPAL,Sports,45,19203.35,Bordeaux,Standard,"[""Home & Garden"",""Health""]",20240407,Classic Bicycle Helmet 5286,Sports,9.17,1.0,737,M00451,SportZone 451,Sports,Normandie,0.0286,14,Dimanche,Décembre,1,Afternoon,1,2024-12-01T14:43:38.000Z,2024-12-01,1733064218,Âge Moyen,0,4,11,9.48,1,0,37,3189268,885.91,158.113333,-94.00,0,0
M00504,P02664,U00190,TX0004302,444.37,20241207171736,Bordeaux,CRYPTO,Clothing,45,19203.35,Bordeaux,Standard,"[""Home & Garden"",""Health""]",20240407,Premium T-Shirt 2664,Clothing,209.77,3.8,525,M00504,FashionStore 504,Clothing,Grand Est,0.027,17,Samedi,Décembre,1,Afternoon,1,2024-12-07T17:17:36.000Z,2024-12-07,1733591856,Âge Moyen,0,5,11,453.85,2,0,6,527638,146.57,120.955000,267.38,1,0
M00436,P00125,U00190,TX0076477,660.20,20241228155730,Bordeaux,CRYPTO,Home & Garden,45,19203.35,Bordeaux,Standard,"[""Home & Garden"",""Health""]",20240407,Essential Plant Pot 125,Home & Garden,666.21,3.9,409,M00436,GardenWorld 436,Home & Garden,Hauts-de-France,0.0528,15,Samedi,Décembre,1,Afternoon,1,2024-12-28T15:57:30.000Z,2024-12-28,1735401450,Âge Moyen,0,6,11,660.20,1,0,21,1809594,502.67,185.638000,255.64,1,0
M00473,P05735,U00190,TX0080464,1600.10,20241231185849,Bordeaux,CARD,Home & Garden,45,19203.35,Bordeaux,Standard,"[""Home & Garden"",""Health""]",20240407,Classic Rug 5735,Home & Garden,728.45,4.5,983,M00473,DecorShop 473,Home & Garden,Hauts-de-France,0.0951,18,Mardi,Décembre,0,Evening,0,2024-12-31T18:58:49.000Z,2024-12-31,1735671529,Âge Moyen,0,7,11,2260.30,2,0,3,270079,75.02,264.731667,504.42,1,0
M00561,P05036,U00190,TX0005491,350.73,20250121151947,Bordeaux,CRYPTO,Home & Garden,45,19203.35,Bordeaux,Standard,"[""Home & Garden"",""Health""]",20240407,Standard Garden Chair 5036,Home & Garden,359.03,1.8,675,M00561,DecorShop 561,Home & Garden,Hauts-de-France,0.0282,15,Mardi,Janvier,0,Afternoon,1,2025-01-21T15:19:47.000Z,2025-01-21,1737472787,Âge Moyen,0,8,11,350.73,1,0,21,1801258,500.35,455.498571,-23.00,1,0
M00435,P04880,U00190,TX0068860,96.20,20250128205209,Bordeaux,CRYPTO,Food,45,19203.35,Bordeaux,Standard,"[""Home & Garden"",""Health""]",20240407,Classic Tea Set 4880,Food,87.74,3.2,490,M00435,FoodHub 435,Food,Auvergne-Rhône-Alpes,0.0394,20,Mardi,Janvier,0,Evening,0,2025-01-28T20:52:09.000Z,2025-01-28,1738097529,Âge Moyen,0,9,11,96.20,1,0,7,624742,173.54,442.402500,-78.26,1,0
M00256,P03662,U00190,TX0071417,218.07,20250410142538,Bordeaux,CARD,Health,45,19203.35,Bordeaux,Standard,"[""Home & Garden"",""Health""]",20240407,Essential Vitamins 3662,Health,217.49,4.6,1100,M00256,VitalShop 256,Health,Auvergne-Rhône-Alpes,0.0211,14,Jeudi,Avril,0,Afternoon,1,2025-04-10T14:25:38.000Z,2025-04-10,1744295138,Âge Moyen,0,10,11,218.07,1,0,72,6197609,1721.56,403.935556,-46.01,0,0
M00178,P02549,U00190,TX0050550,66.97,20250413175712,Lille,CRYPTO,Health,45,19203.35,Bordeaux,Standard,"[""Home & Garden"",""Health""]",20240407,Pro Massage Gun 2549,Health,60.39,2.4,140,M00178,WellnessStore 178,Health,Ile-de-France,0.0595,17,Dimanche,Avril,1,Afternoon,1,2025-04-13T17:57:12.000Z,2025-04-13,1744567032,Âge Moyen,0,11,11,285.04,2,0,3,271894,75.53,385.349000,-82.62,1,0
M00314,P03628,U00191,TX0075099,17.62,20240206043745,Paris,BANK_TRANSFER,Toys,33,39295.81,Paris,Standard,"[""Beauty"",""Toys""]",20250505,Premium Puzzle 3628,Toys,16.17,2.4,949,M00314,PlayShop 314,Toys,Occitanie,0.0253,4,Mardi,Février,0,Night,0,2024-02-06T04:37:45.000Z,2024-02-06,1707194265,Adulte,0,1,15,17.62,1,0,,,,,,1,0
M00081,P03719,U00191,TX0056823,131.68,20240209084901,Paris,CRYPTO,Toys,33,39295.81,Paris,Standard,"[""Beauty"",""Toys""]",20250505,Essential Doll 3719,Toys,39.77,3.3,425,M00081,ToyHub 81,Toys,Auvergne-Rhône-Alpes,0.0137,8,Vendredi,Février,0,Morning,0,2024-02-09T08:49:01.000Z,2024-02-09,1707468541,Adulte,0,2,15,149.30,2,0,3,274276,76.19,17.620000,647.33,2,1
M00222,P00094,U00191,TX0137894,58.22,20240212175748,Paris,BANK_TRANSFER,Beauty,33,39295.81,Paris,Standard,"[""Beauty"",""Toys""]",20250505,Elite Perfume 94,Beauty,53.92,2.9,1102,M00222,BeautyCorner 222,Beauty,Nouvelle-Aquitaine,0.0867,17,Lundi,Février,0,Afternoon,1,2024-02-12T17:57:48.000Z,2024-02-12,1707760668,Adulte,0,3,15,207.52,3,0,3,292127,81.15,74.650000,-22.01,0,0
M00251,P05903,U00191,TX0087370,804.09,20240217164647,Paris,BANK_TRANSFER,Automotive,33,39295.81,Paris,Standard,"[""Beauty"",""Toys""]",20250505,Standard Car Parts 5903,Automotive,792.25,5.0,628,M00251,CarParts 251,Automotive,Auvergne-Rhône-Alpes,0.0682,16,Samedi,Février,1,Afternoon,1,2024-02-17T16:46:47.000Z,2024-02-17,1708188407,Adulte,0,4,15,862.31,2,0,5,427739,118.82,69.173333,1062.43,1,0
M00223,P05492,U00191,TX0068874,1059.34,20240605182429,Paris,CASH,Automotive,33,39295.81,Paris,Standard,"[""Beauty"",""Toys""]",20250505,Elite Roof Rack 5492,Automotive,1065.24,4.7,500,M00223,AutoShop 223,Automotive,Ile-de-France,0.0833,18,Mercredi,Juin,0,Evening,0,2024-06-05T18:24:29.000Z,2024-06-05,1717611869,Adulte,0,5,15,1059.34,1,0,109,9423462,2617.63,252.902500,318.87,1,0
M00510,P05544,U00191,TX0027101,405.28,20240608105934,Paris,BANK_TRANSFER,Automotive,33,39295.81,Paris,Standard,"[""Beauty"",""Toys""]",20250505,Essential Car Parts 5544,Automotive,437.94,4.0,1041,M00510,MotorHub 510,Automotive,Bretagne,0.0681,10,Samedi,Juin,1,Morning,1,2024-06-08T10:59:34.000Z,2024-06-08,1717844374,Adulte,0,6,15,1464.62,2,0,3,232505,64.58,414.190000,-2.15,0,0
M00208,P03263,U00191,TX0066322,142.57,20240613201730,Paris,CARD,Toys,33,39295.81,Paris,Standard,"[""Beauty"",""Toys""]",20250505,Premium Building Blocks 3263,Toys,132.87,5.0,302,M00208,ToyLand 208,Toys,Auvergne-Rhône-Alpes,0.0103,20,Jeudi,Juin,0,Evening,0,2024-06-13T20:17:30.000Z,2024-06-13,1718309850,Adulte,0,7,15,547.85,2,0,5,465476,129.3,412.705000,-65.45,0,0
M00132,P05060,U00191,TX0116230,164.05,20240625110554,Paris,PAYPAL,Beauty,33,39295.81,Paris,Standard,"[""Beauty"",""Toys""]",20250505,Classic Face Cream 5060,Beauty,157.07,5.0,998,M00132,BeautyWorld 132,Beauty,,0.0466,11,Mardi,Juin,0,Morning,1,2024-06-25T11:05:54.000Z,2024-06-25,1719313554,Adulte,0,8,15,164.05,1,0,12,1003704,278.81,374.114286,-56.15,0,0
M00288,P00127,U00191,TX0102041,97.66,20240704072625,Paris,CARD,Beauty,33,39295.81,Paris,Standard,"[""Beauty"",""Toys""]",20250505,Essential Lipstick 127,Beauty,90.14,2.1,964,M00288,BeautyWorld 288,Beauty,Ile-de-France,0.0149,7,Jeudi,Juillet,0,Morning,0,2024-07-04T07:26:25.000Z,2024-07-04,1720077985,Adulte,0,9,15,97.66,1,0,9,764431,212.34,347.856250,-71.93,0,0
M00104,P01308,U00191,TX0051833,149.00,20240707033201,Paris,BANK_TRANSFER,Toys,33,39295.81,Paris,Standard,"[""Beauty"",""Toys""]",20250505,Classic Puzzle 1308,Toys,133.91,3.7,1006,M00104,ToyLand 104,Toys,Auvergne-Rhône-Alpes,0.0732,3,Dimanche,Juillet,1,Night,0,2024-07-07T03:32:01.000Z,2024-07-07,1720323121,Adulte,0,10,15,246.66,2,0,3,245136,68.09,320.056667,-53.45,1,0
M00267,P05068,U00191,TX0097152,52.26,20240708223806,Paris,CASH,Sports,33,39295.81,Paris,Standard,"[""Beauty"",""Toys""]",20250505,Elite Dumbbells 5068,Sports,50.74,3.0,381,M00267,SportZone 267,Sports,Ile-de-France,0.0694,22,Lundi,Juillet,0,Night,0,2024-07-08T22:38:06.000Z,2024-07-08,1720478286,Adulte,0,11,15,298.92,3,0,1,155165,43.1,302.951000,-82.75,1,0
M00142,P05301,U00191,TX0028727,172.47,20240901182110,Paris,BANK_TRANSFER,Toys,33,39295.81,Paris,Standard,"[""Beauty"",""Toys""]",20250505,Elite Puzzle 5301,Toys,159.0,5.0,1199,M00142,KidsWorld 142,Toys,Bretagne,0.0683,18,Dimanche,Septembre,1,Evening,0,2024-09-01T18:21:10.000Z,2024-09-01,1725214870,Adulte,0,12,15,172.47,1,0,55,4736584,1315.72,280.160909,-38.44,0,0
M00528,P00050,U00191,TX0061387,134.81,20240915040415,Paris,CARD,Toys,33,39295.81,Paris,Standard,"[""Beauty"",""Toys""]",20250505,Classic Puzzle 50,Toys,121.52,3.6,818,M00528,ToyHub 528,Toys,Nouvelle-Aquitaine,0.0723,4,Dimanche,Septembre,1,Night,0,2024-09-15T04:04:15.000Z,2024-09-15,1726373055,Adulte,0,13,15,134.81,1,0,14,1158185,321.72,271.186667,-50.29,1,0
M00563,P02941,U00191,TX0049943,66.72,20240929163800,Paris,BANK_TRANSFER,Toys,33,39295.81,Paris,Standard,"[""Beauty"",""Toys""]",20250505,Essential Action Figure 2941,Toys,61.75,3.8,272,M00563,ToyLand 563,Toys,,0.0811,16,Dimanche,Septembre,1,Afternoon,1,2024-09-29T16:38:00.000Z,2024-09-29,1727627880,Adulte,0,14,15,66.72,1,0,14,1254825,348.56,260.696154,-74.41,0,0
M00104,P03742,U00191,TX0085989,96.55,20250706163845,Paris,BANK_TRANSFER,Toys,33,39295.81,Paris,Standard,"[""Beauty"",""Toys""]",20250505,Elite Toy Car 3742,Toys,105.89,4.7,134,M00104,ToyLand 104,Toys,Auvergne-Rhône-Alpes,0.0732,16,Dimanche,Juillet,1,Afternoon,1,2025-07-06T16:38:45.000Z,2025-07-06,1751819925,Adulte,0,15,15,96.55,1,0,280,24192045,6720.01,246.840714,-60.89,0,0
M00135,P03410,U00193,TX0111838,302.86,20250101061604,Marseille,BANK_TRANSFER,Beauty,50,50013.98,Marseille,Standard,"[""Health"",""Beauty""]",20240627,Standard Lipstick 3410,Beauty,158.61,3.5,213,M00135,CosmeticHub 135,Beauty,Nouvelle-Aquitaine,0.049,6,Mercredi,Janvier,0,Morning,0,2025-01-01T06:16:04.000Z,2025-01-01,1735712164,Âge Moyen,0,1,11,302.86,1,0,,,,,,0,0
M00044,P02609,U00193,TX0001033,73.86,20250105095906,Marseille,CARD,Health,50,50013.98,Marseille,Standard,"[""Health"",""Beauty""]",20240627,Standard First Aid Kit 2609,Health,72.14,2.7,382,M00044,HealthShop 44,Health,Pays de la Loire,0.0817,9,Dimanche,Janvier,1,Morning,1,2025-01-05T09:59:06.000Z,2025-01-05,1736071146,Âge Moyen,0,2,11,376.72,2,0,4,358982,99.72,302.860000,-75.61,0,0
M00482,P05079,U00193,TX0079260,1140.35,20250116163819,Marseille,CARD,Sports,50,50013.98,Marseille,Standard,"[""Health"",""Beauty""]",20240627,Classic Running Shoes 5079,Sports,528.18,2.9,68,M00482,SportZone 482,Sports,Nouvelle-Aquitaine,0.0241,16,Jeudi,Janvier,0,Afternoon,1,2025-01-16T16:38:19.000Z,2025-01-16,1737045499,Âge Moyen,0,3,11,1140.35,1,0,11,974353,270.65,188.360000,505.41,1,0
M00216,P05543,U00193,TX0091170,785.44,20250117184751,Marseille,CARD,Automotive,50,50013.98,Marseille,Standard,"[""Health"",""Beauty""]",20240627,Standard Oil Filter 5543,Automotive,731.65,3.4,1012,M00216,AutoShop 216,Automotive,Ile-de-France,0.0956,18,Vendredi,Janvier,0,Evening,0,2025-01-17T18:47:51.000Z,2025-01-17,1737139671,Âge Moyen,0,4,11,1925.79,2,0,1,94172,26.16,505.690000,55.32,0,0
M00084,P04820,U00193,TX0032218,1066.96,20250129095242,Toulouse,PAYPAL,Electronics,50,50013.98,Marseille,Standard,"[""Health"",""Beauty""]",20240627,Pro Headphones 4820,Electronics,1008.93,2.2,846,M00084,ElectroWorld 84,Electronics,Nouvelle-Aquitaine,0.0795,9,Mercredi,Janvier,0,Morning,1,2025-01-29T09:52:42.000Z,2025-01-29,1738144362,Âge Moyen,0,5,11,1066.96,1,0,12,1004691,279.08,575.627500,85.36,0,0
M00465,P01840,U00193,TX0077225,287.44,20250511143618,Marseille,BANK_TRANSFER,Clothing,50,50013.98,Marseille,Standard,"[""Health"",""Beauty""]",20240627,Essential Sneakers 1840,Clothing,308.76,5.0,1026,M00465,StyleShop 465,Clothing,Hauts-de-France,0.0943,14,Dimanche,Mai,1,Afternoon,1,2025-05-11T14:36:18.000Z,2025-05-11,1746974178,Âge Moyen,0,6,11,287.44,1,0,102,8829816,2452.73,673.894000,-57.35,0,0
M00553,P01640,U00193,TX0088349,19.98,20250519133655,Marseille,CARD,Clothing,50,50013.98,Marseille,Standard,"[""Health"",""Beauty""]",20240627,Essential Dress 1640,Clothing,20.72,3.6,1157,M00553,TrendyWear 553,Clothing,Ile-de-France,0.0598,13,Lundi,Mai,0,Afternoon,1,2025-05-19T13:36:55.000Z,2025-05-19,1747661815,Âge Moyen,0,7,11,19.98,1,0,8,687637,191.01,609.485000,-96.72,0,0
M00187,P02012,U00193,TX0064113,102.68,20250801130623,Marseille,CARD,Health,50,50013.98,Marseille,Standard,"[""Health"",""Beauty""]",20240627,Pro Scale 2012,Health,98.31,3.5,300,M00187,HealthHub 187,Health,Nouvelle-Aquitaine,0.0663,13,Vendredi,Août,0,Afternoon,1,2025-08-01T13:06:23.000Z,2025-08-01,1754053583,Âge Moyen,0,8,11,102.68,1,0,74,6391768,1775.49,525.270000,-80.45,0,0
M00409,P01986,U00193,TX0123416,157.41,20250803081359,Marseille,CASH,Books,50,50013.98,Marseille,Standard,"[""Health"",""Beauty""]",20240627,Premium Atlas 1986,Books,49.36,3.3,485,M00409,BookCorner 409,Books,Occitanie,0.0426,8,Dimanche,Août,1,Morning,0,2025-08-03T08:13:59.000Z,2025-08-03,1754208839,Âge Moyen,0,9,11,260.09,2,0,2,155256,43.13,472.446250,-66.68,0,0
M00240,P02493,U00193,TX0091857,89.67,20250817161311,Marseille,PAYPAL,Health,50,50013.98,Marseille,Standard,"[""Health"",""Beauty""]",20240627,Premium Vitamins 2493,Health,82.23,2.2,488,M00240,WellnessStore 240,Health,Nouvelle-Aquitaine,0.0235,16,Dimanche,Août,1,Afternoon,1,2025-08-17T16:13:11.000Z,2025-08-17,1755447191,Âge Moyen,0,10,11,89.67,1,0,14,1238352,343.99,437.442222,-79.50,0,0
M00447,P04965,U00193,TX0058950,51.07,20250831203940,Marseille,CARD,Books,50,50013.98,Marseille,Standard,"[""Health"",""Beauty""]",20240627,Classic Cookbook 4965,Books,50.28,2.7,1000,M00447,BookCorner 447,Books,Provence-Alpes-Côte d'Azur,0.0344,20,Dimanche,Août,1,Evening,0,2025-08-31T20:39:40.000Z,2025-08-31,1756672780,Âge Moyen,0,11,11,51.07,1,0,14,1225589,340.44,402.665000,-87.32,0,0
M00585,P00085,U00197,TX0087038,42.51,20240505155235,Nantes,BANK_TRANSFER,Clothing,46,15643.18,Nantes,Budget,"[""Clothing""]",20250813,Essential Jeans 85,Clothing,41.08,2.8,223,M00585,StyleShop 585,Clothing,Ile-de-France,0.0194,15,Dimanche,Mai,1,Afternoon,1,2024-05-05T15:52:35.000Z,2024-05-05,1714924355,Âge Moyen,0,1,7,42.51,1,0,,,,,,0,0
M00580,P00519,U00197,TX0087128,178.21,20240815194513,Nantes,BANK_TRANSFER,Clothing,46,15643.18,Nantes,Budget,"[""Clothing""]",20250813,Classic Jacket 519,Clothing,55.19,2.4,1194,M00580,StyleShop 580,Clothing,Grand Est,0.0631,19,Jeudi,Août,0,Evening,0,2024-08-15T19:45:13.000Z,2024-08-15,1723751113,Âge Moyen,0,2,7,178.21,1,0,102,8826758,2451.88,42.510000,319.22,1,0
M00468,P00405,U00197,TX0096974,171.59,20250101214419,Nantes,BANK_TRANSFER,Clothing,46,15643.18,Nantes,Budget,"[""Clothing""]",20250813,Classic Jeans 405,Clothing,160.43,4.5,1108,M00468,StyleShop 468,Clothing,Ile-de-France,0.0993,21,Mercredi,Janvier,0,Evening,0,2025-01-01T21:44:19.000Z,2025-01-01,1735767859,Âge Moyen,0,3,7,171.59,1,0,139,12016746,3337.99,110.360000,55.48,0,0
M00276,P00200,U00197,TX0006969,91.91,20250113125804,Nantes,BANK_TRANSFER,Clothing,46,15643.18,Nantes,Budget,"[""Clothing""]",20250813,Elite Jeans 200,Clothing,88.43,2.6,161,M00276,StyleShop 276,Clothing,Ile-de-France,0.0275,12,Lundi,Janvier,0,Afternoon,1,2025-01-13T12:58:04.000Z,2025-01-13,1736773084,Âge Moyen,0,4,7,91.91,1,0,12,1005225,279.23,130.770000,-29.72,0,0
M00424,P00411,U00197,TX0062560,38.51,20250117083358,Nantes,BANK_TRANSFER,Food,46,15643.18,Nantes,Budget,"[""Clothing""]",20250813,Essential Olive Oil 411,Food,38.46,2.7,911,M00424,FreshMarket 424,Food,Provence-Alpes-Côte d'Azur,0.0823,8,Vendredi,Janvier,0,Morning,0,2025-01-17T08:33:58.000Z,2025-01-17,1737102838,Âge Moyen,0,5,7,130.42,2,0,4,329754,91.6,121.055000,-68.19,0,0
M00286,P03876,U00197,TX0032038,59.08,20250125120358,Nantes,BANK_TRANSFER,Books,46,15643.18,Nantes,Budget,"[""Clothing""]",20250813,Classic Cookbook 3876,Books,60.71,3.9,985,M00286,BookCorner 286,Books,Pays de la Loire,0.0458,12,Samedi,Janvier,1,Afternoon,1,2025-01-25T12:03:58.000Z,2025-01-25,1737806638,Âge Moyen,0,6,7,59.08,1,0,8,703800,195.5,104.546000,-43.49,0,0
M00450,P00649,U00197,TX0086779,107.07,20250616083401,Nantes,BANK_TRANSFER,Clothing,46,15643.18,Nantes,Budget,"[""Clothing""]",20250813,Essential Scarf 649,Clothing,109.64,2.1,1006,M00450,TrendyWear 450,Clothing,Pays de la Loire,0.0277,8,Lundi,Juin,0,Morning,0,2025-06-16T08:34:01.000Z,2025-06-16,1750062841,Âge Moyen,0,7,7,107.07,1,0,142,12256203,3404.5,96.968333,10.42,0,0
M00092,P05547,U00200,TX0054432,236.54,20240608172142,Le Havre,CARD,Sports,78,67232.13,Le Havre,Premium,"[""Toys"",""Beauty"",""Automotive""]",20230802,Standard Running Shoes 5547,Sports,227.43,3.9,770,M00092,SportHub 92,Sports,Ile-de-France,0.0978,17,Samedi,Juin,1,Afternoon,1,2024-06-08T17:21:42.000Z,2024-06-08,1717867302,Senior,0,1,24,236.54,1,0,,,,,,0,0
M00191,P05251,U00200,TX0118282,1369.86,20240612164815,Le Havre,CARD,Automotive,78,67232.13,Le Havre,Premium,"[""Toys"",""Beauty"",""Automotive""]",20230802,Standard Roof Rack 5251,Automotive,1339.61,4.8,617,M00191,MotorHub 191,Automotive,Ile-de-France,0.0593,16,Mercredi,Juin,0,Afternoon,1,2024-06-12T16:48:15.000Z,2024-06-12,1718210895,Senior,0,2,24,1606.40,2,0,4,343593,95.44,236.540000,479.12,1,0
M00103,P01471,U00200,TX0050254,161.49,20240619180252,Le Havre,CARD,Health,78,67232.13,Le Havre,Premium,"[""Toys"",""Beauty"",""Automotive""]",20230802,Essential First Aid Kit 1471,Health,78.39,2.5,854,M00103,WellnessStore 103,Health,Nouvelle-Aquitaine,0.0397,18,Mercredi,Juin,0,Evening,0,2024-06-19T18:02:52.000Z,2024-06-19,1718820172,Senior,0,3,24,161.49,1,0,7,609277,169.24,803.200000,-79.89,0,0
M00145,P04662,U00200,TX0077371,49.22,20240802101114,Le Havre,CARD,Food,78,67232.13,Le Havre,Premium,"[""Toys"",""Beauty"",""Automotive""]",20230802,Elite Cheese Platter 4662,Food,45.27,3.6,1001,M00145,FoodHub 145,Food,Occitanie,0.0648,10,Vendredi,Août,0,Morning,1,2024-08-02T10:11:14.000Z,2024-08-02,1722593474,Senior,0,4,24,49.22,1,0,44,3773302,1048.14,589.296667,-91.65,0,0
M00076,P02209,U00200,TX0107882,642.70,20240802172621,Le Havre,CARD,Health,78,67232.13,Le Havre,Premium,"[""Toys"",""Beauty"",""Automotive""]",20230802,Standard Scale 2209,Health,202.93,3.5,67,M00076,HealthShop 76,Health,Pays de la Loire,0.0852,17,Vendredi,Août,0,Afternoon,1,2024-08-02T17:26:21.000Z,2024-08-02,1722619581,Senior,0,5,24,691.92,1,0,0,26107,7.25,454.277500,41.48,0,0
M00435,P01893,U00200,TX0089000,9.15,20240820184024,Le Havre,PAYPAL,Food,78,67232.13,Le Havre,Premium,"[""Toys"",""Beauty"",""Automotive""]",20230802,Essential Coffee Pack 1893,Food,9.69,2.7,287,M00435,FoodHub 435,Food,Auvergne-Rhône-Alpes,0.0394,18,Mardi,Août,0,Evening,0,2024-08-20T18:40:24.000Z,2024-08-20,1724179224,Senior,0,6,24,9.15,1,0,18,1559643,433.23,491.962000,-98.14,0,0
M00600,P03332,U00200,TX0114582,91.51,20240830215444,Le Havre,PAYPAL,Beauty,78,67232.13,Le Havre,Premium,"[""Toys"",""Beauty"",""Automotive""]",20230802,Premium Shampoo 3332,Beauty,81.84,3.7,262,M00600,BeautyWorld 600,Beauty,Nouvelle-Aquitaine,0.0397,21,Vendredi,Août,0,Evening,0,2024-08-30T21:54:44.000Z,2024-08-30,1725054884,Senior,0,7,24,91.51,1,0,10,875660,243.24,411.493333,-77.76,0,0
M00081,P02199,U00200,TX0079272,118.85,20240908222418,Le Havre,CARD,Toys,78,67232.13,Le Havre,Premium,"[""Toys"",""Beauty"",""Automotive""]",20230802,Premium Board Game 2199,Toys,131.22,3.8,948,M00081,ToyHub 81,Toys,Auvergne-Rhône-Alpes,0.0137,22,Dimanche,Septembre,1,Night,0,2024-09-08T22:24:18.000Z,2024-09-08,1725834258,Senior,0,8,24,118.85,1,0,9,779374,216.49,365.781429,-67.51,1,0
M00140,P04993,U00200,TX0082295,229.89,20240913131854,Le Havre,CARD,Clothing,78,67232.13,Le Havre,Premium,"[""Toys"",""Beauty"",""Automotive""]",20230802,Premium Jeans 4993,Clothing,253.26,3.4,1095,M00140,TrendyWear 140,Clothing,Nouvelle-Aquitaine,0.0711,13,Vendredi,Septembre,0,Afternoon,1,2024-09-13T13:18:54.000Z,2024-09-13,1726233534,Senior,0,9,24,348.74,2,0,5,399276,110.91,334.915000,-31.36,0,0
M00051,P04575,U00200,TX0079615,67.53,20240916124518,Le Havre,CARD,Toys,78,67232.13,Le Havre,Premium,"[""Toys"",""Beauty"",""Automotive""]",20230802,Classic Doll 4575,Toys,33.37,3.7,198,M00051,ToyLand 51,Toys,Grand Est,0.0783,12,Lundi,Septembre,0,Afternoon,1,2024-09-16T12:45:18.000Z,2024-09-16,1726490718,Senior,0,10,24,297.42,2,0,3,257184,71.44,323.245556,-79.11,0,0
M00372,P00748,U00200,TX0083669,23.43,20240927144536,Le Havre,CARD,Clothing,78,67232.13,Le Havre,Premium,"[""Toys"",""Beauty"",""Automotive""]",20230802,Elite T-Shirt 748,Clothing,24.05,2.1,1084,M00372,ClothingHub 372,Clothing,Ile-de-France,0.0729,14,Vendredi,Septembre,0,Afternoon,1,2024-09-27T14:45:36.000Z,2024-09-27,1727448336,Senior,0,11,24,23.43,1,0,11,957618,266.01,297.674000,-92.13,0,0
M00333,P04175,U00200,TX0027795,107.31,20241003182440,Le Havre,CARD,Toys,78,67232.13,Le Havre,Premium,"[""Toys"",""Beauty"",""Automotive""]",20230802,Pro Board Game 4175,Toys,104.79,3.2,962,M00333,ToyHub 333,Toys,Nouvelle-Aquitaine,0.0635,18,Jeudi,Octobre,0,Evening,0,2024-10-03T18:24:40.000Z,2024-10-03,1727979880,Senior,0,12,24,130.74,2,0,6,531544,147.65,272.742727,-60.66,0,0
M00449,P03510,U00200,TX0092724,54.09,20241004084212,Le Havre,CARD,Toys,78,67232.13,Le Havre,Premium,"[""Toys"",""Beauty"",""Automotive""]",20230802,Elite Building Blocks 3510,Toys,51.9,1.4,190,M00449,ToyHub 449,Toys,Occitanie,0.0378,8,Vendredi,Octobre,0,Morning,0,2024-10-04T08:42:12.000Z,2024-10-04,1728031332,Senior,0,13,24,184.83,3,0,1,51452,14.29,258.956667,-79.11,0,0
M00554,P01830,U00200,TX0042715,1854.53,20241004221456,Le Havre,CARD,Automotive,78,67232.13,Le Havre,Premium,"[""Toys"",""Beauty"",""Automotive""]",20230802,Premium Dash Cam 1830,Automotive,556.02,3.4,1147,M00554,MotorHub 554,Automotive,Auvergne-Rhône-Alpes,0.0458,22,Vendredi,Octobre,0,Night,0,2024-10-04T22:14:56.000Z,2024-10-04,1728080096,Senior,0,14,24,2015.93,2,0,0,48764,13.55,243.197692,662.56,2,1
M00544,P01885,U00200,TX0111227,169.37,20241018181324,Le Havre,CARD,Automotive,78,67232.13,Le Havre,Premium,"[""Toys"",""Beauty"",""Automotive""]",20230802,Classic Roof Rack 1885,Automotive,180.69,2.7,1182,M00544,AutoCenter 544,Automotive,Occitanie,0.0282,18,Vendredi,Octobre,0,Evening,0,2024-10-18T18:13:24.000Z,2024-10-18,1729275204,Senior,0,15,24,169.37,1,0,14,1195108,331.97,358.292857,-52.73,0,0
M00433,P02072,U00200,TX0077360,1348.30,20241116074302,Le Havre,CARD,Automotive,78,67232.13,Le Havre,Premium,"[""Toys"",""Beauty"",""Automotive""]",20230802,Elite Roof Rack 2072,Automotive,1495.83,4.8,528,M00433,AutoShop 433,Automotive,Grand Est,0.0138,7,Samedi,Novembre,1,Morning,0,2024-11-16T07:43:02.000Z,2024-11-16,1731742982,Senior,0,16,24,1348.30,1,0,29,2467778,685.49,345.698000,290.02,0,0
M00138,P03544,U00200,TX0022625,312.23,20241119193903,Le Havre,CARD,Toys,78,67232.13,Le Havre,Premium,"[""Toys"",""Beauty"",""Automotive""]",20230802,Classic Toy Car 3544,Toys,139.55,4.1,1187,M00138,PlayShop 138,Toys,Provence-Alpes-Côte d'Azur,0.0972,19,Mardi,Novembre,0,Evening,0,2024-11-19T19:39:03.000Z,2024-11-19,1732045143,Senior,0,17,24,1660.53,2,0,3,302161,83.93,408.360625,-23.54,0,0
M00452,P00176,U00200,TX0118789,61.34,20241122000925,Le Havre,PAYPAL,Beauty,78,67232.13,Le Havre,Premium,"[""Toys"",""Beauty"",""Automotive""]",20230802,Essential Serum 176,Beauty,56.52,1.0,373,M00452,BeautyWorld 452,Beauty,Grand Est,0.0969,0,Vendredi,Novembre,0,Night,0,2024-11-22T00:09:25.000Z,2024-11-22,1732234165,Senior,0,18,24,1721.87,3,0,3,189022,52.51,402.705882,-84.77,1,0
M00600,P05435,U00200,TX0122963,280.34,20241205112202,Le Havre,CARD,Beauty,78,67232.13,Le Havre,Premium,"[""Toys"",""Beauty"",""Automotive""]",20230802,Essential Perfume 5435,Beauty,150.01,5.0,601,M00600,BeautyWorld 600,Beauty,Nouvelle-Aquitaine,0.0397,11,Jeudi,Décembre,0,Morning,1,2024-12-05T11:22:02.000Z,2024-12-05,1733397722,Senior,0,19,24,280.34,1,0,13,1163557,323.21,383.741111,-26.95,0,0
M00183,P00873,U00200,TX0009731,839.00,20241215200721,Le Havre,CARD,Automotive,78,67232.13,Le Havre,Premium,"[""Toys"",""Beauty"",""Automotive""]",20230802,Premium Car Parts 873,Automotive,887.17,2.8,773,M00183,CarParts 183,Automotive,Nouvelle-Aquitaine,0.0763,20,Dimanche,Décembre,1,Evening,0,2024-12-15T20:07:21.000Z,2024-12-15,1734293241,Senior,0,20,24,839.00,1,0,10,895519,248.76,378.298947,121.78,0,0
M00138,P00591,U00200,TX0015497,152.08,20241225185703,Le Havre,CARD,Toys,78,67232.13,Le Havre,Premium,"[""Toys"",""Beauty"",""Automotive""]",20230802,Classic Doll 591,Toys,140.27,2.7,584,M00138,PlayShop 138,Toys,Provence-Alpes-Côte d'Azur,0.0972,18,Mercredi,Décembre,0,Evening,0,2024-12-25T18:57:03.000Z,2024-12-25,1735153023,Senior,0,21,24,152.08,1,0,10,859782,238.83,401.334000,-62.11,0,0
M00411,P03190,U00200,TX0016060,300.27,20241227082817,Le Havre,PAYPAL,Sports,78,67232.13,Le Havre,Premium,"[""Toys"",""Beauty"",""Automotive""]",20230802,Classic Backpack 3190,Sports,292.8,1.7,553,M00411,SportZone 411,Sports,Grand Est,0.0322,8,Vendredi,Décembre,0,Morning,0,2024-12-27T08:28:17.000Z,2024-12-27,1735288097,Senior,0,22,24,452.35,2,0,2,135074,37.52,389.464762,-22.90,0,0
M00023,P04828,U00200,TX0012745,35.47,20241228184016,,CRYPTO,Food,78,67232.13,Le Havre,Premium,"[""Toys"",""Beauty"",""Automotive""]",20230802,Standard Tea Set 4828,Food,37.46,2.5,836,M00023,GourmetShop 23,Food,Bretagne,0.0684,18,Samedi,Décembre,1,Evening,0,2024-12-28T18:40:16.000Z,2024-12-28,1735411216,Senior,0,23,24,487.82,3,0,1,123119,34.2,385.410455,-90.80,1,0
M00591,P05353,U00200,TX0031039,34.11,20250607200201,Le Havre,CARD,Toys,78,67232.13,Le Havre,Premium,"[""Toys"",""Beauty"",""Automotive""]",20230802,Essential Action Figure 5353,Toys,35.34,2.1,542,M00591,ToyLand 591,Toys,Ile-de-France,0.0995,20,Samedi,Juin,1,Evening,0,2025-06-07T20:02:01.000Z,2025-06-07,1749326521,Senior,0,24,24,34.11,1,0,161,13915305,3865.36,370.195652,-90.79,0,0
M00152,P04996,U00201,TX0117418,87.03,20250708105116,Rennes,CARD,Beauty,16,27820.69,Rennes,Standard,"[""Books"",""Beauty"",""Home & Garden"",""Clothing""]",20241016,Essential Serum 4996,Beauty,32.02,1.7,727,M00152,GlowShop 152,Beauty,Bretagne,0.0774,10,Mardi,Juillet,0,Morning,1,2025-07-08T10:51:16.000Z,2025-07-08,1751971876,Jeune,0,1,8,87.03,1,0,,,,,,0,0
M00465,P01581,U00201,TX0076755,150.35,20250804145506,Rennes,PAYPAL,Clothing,16,27820.69,Rennes,Standard,"[""Books"",""Beauty"",""Home & Garden"",""Clothing""]",20241016,Standard Jeans 1581,Clothing,151.41,3.6,276,M00465,StyleShop 465,Clothing,Hauts-de-France,0.0943,14,Lundi,Août,0,Afternoon,1,2025-08-04T14:55:06.000Z,2025-08-04,1754319306,Jeune,0,2,8,150.35,1,0,27,2347430,652.06,87.030000,72.76,0,0
M00135,P05126,U00201,TX0096550,85.95,20250805132147,Rennes,PAYPAL,Beauty,16,27820.69,Rennes,Standard,"[""Books"",""Beauty"",""Home & Garden"",""Clothing""]",20241016,Essential Serum 5126,Beauty,82.6,3.9,120,M00135,CosmeticHub 135,Beauty,Nouvelle-Aquitaine,0.049,13,Mardi,Août,0,Afternoon,1,2025-08-05T13:21:47.000Z,2025-08-05,1754400107,Jeune,0,3,8,236.30,2,0,1,80801,22.44,118.690000,-27.58,0,0
M00063,P01384,U00201,TX0106248,13.30,20250823102048,Rennes,CASH,Books,16,27820.69,Rennes,Standard,"[""Books"",""Beauty"",""Home & Garden"",""Clothing""]",20241016,Standard Novel 1384,Books,14.18,3.7,1109,M00063,BookCorner 63,Books,Ile-de-France,0.0213,10,Samedi,Août,1,Morning,1,2025-08-23T10:20:48.000Z,2025-08-23,1755944448,Jeune,0,4,8,13.30,1,0,18,1544341,428.98,107.776667,-87.66,0,0
M00152,P03446,U00201,TX0110471,78.49,20250828103929,Rennes,CARD,Beauty,16,27820.69,Rennes,Standard,"[""Books"",""Beauty"",""Home & Garden"",""Clothing""]",20241016,Standard Shampoo 3446,Beauty,80.17,3.7,328,M00152,GlowShop 152,Beauty,Bretagne,0.0774,10,Jeudi,Août,0,Morning,1,2025-08-28T10:39:29.000Z,2025-08-28,1756377569,Jeune,0,5,8,91.79,2,0,5,433121,120.31,84.157500,-6.73,0,0
M00311,P05513,U00201,TX0077734,8.06,20251004070138,Rennes,CARD,Beauty,16,27820.69,Rennes,Standard,"[""Books"",""Beauty"",""Home & Garden"",""Clothing""]",20241016,Essential Serum 5513,Beauty,7.35,3.5,226,M00311,CosmeticHub 311,Beauty,Hauts-de-France,0.0276,7,Samedi,Octobre,1,Morning,0,2025-10-04T07:01:38.000Z,2025-10-04,1759561298,Jeune,0,6,8,8.06,1,0,37,3183729,884.37,83.024000,-90.29,0,0
M00074,P03096,U00201,TX0134033,194.33,20251012123728,Rennes,CARD,Clothing,16,27820.69,Rennes,Standard,"[""Books"",""Beauty"",""Home & Garden"",""Clothing""]",20241016,Premium Dress 3096,Clothing,200.13,3.4,147,M00074,StyleShop 74,Clothing,Occitanie,0.0512,12,Dimanche,Octobre,1,Afternoon,1,2025-10-12T12:37:28.000Z,2025-10-12,1760272648,Jeune,0,7,8,194.33,1,0,8,711350,197.6,70.530000,175.53,0,0
M00107,P03427,U00201,TX0107116,14.01,20251015113004,Paris,CARD,Books,16,27820.69,Rennes,Standard,"[""Books"",""Beauty"",""Home & Garden"",""Clothing""]",20241016,Classic Novel 3427,Books,13.13,3.3,77,M00107,BookHaven 107,Books,Ile-de-France,0.0288,11,Mercredi,Octobre,0,Morning,1,2025-10-15T11:30:04.000Z,2025-10-15,1760527804,Jeune,0,8,8,208.34,2,0,3,255156,70.88,88.215714,-84.12,0,0
M00396,P04559,U00239,TX0056717,57.01,20240901162245,Toulouse,CARD,Books,20,56018.35,Toulouse,Standard,"[""Books""]",20240615,Pro Cookbook 4559,Books,61.53,4.6,824,M00396,BookHaven 396,Books,Nouvelle-Aquitaine,0.0702,16,Dimanche,Septembre,1,Afternoon,1,2024-09-01T16:22:45.000Z,2024-09-01,1725207765,Jeune,0,1,7,57.01,1,0,,,,,,0,0
M00299,P01631,U00239,TX0061643,119.40,20240904164212,Lyon,CARD,Books,20,56018.35,Toulouse,Standard,"[""Books""]",20240615,Classic Novel 1631,Books,60.77,3.0,191,M00299,ReadMore 299,Books,Ile-de-France,0.0918,16,Mercredi,Septembre,0,Afternoon,1,2024-09-04T16:42:12.000Z,2024-09-04,1725468132,Jeune,0,2,7,176.41,2,0,3,260367,72.32,57.010000,109.44,0,0
M00485,P05004,U00239,TX0135883,10.21,20240916215942,Toulouse,CARD,Beauty,20,56018.35,Toulouse,Standard,"[""Books""]",20240615,Classic Perfume 5004,Beauty,9.26,2.6,603,M00485,BeautyWorld 485,Beauty,Auvergne-Rhône-Alpes,0.0141,21,Lundi,Septembre,0,Evening,0,2024-09-16T21:59:42.000Z,2024-09-16,1726523982,Jeune,0,3,7,10.21,1,0,12,1055850,293.29,88.205000,-88.42,0,0
M00153,P02007,U00239,TX0054632,46.85,20240924205129,Toulouse,CARD,Books,20,56018.35,Toulouse,Standard,"[""Books""]",20240615,Classic Atlas 2007,Books,45.59,3.6,426,M00153,LibraryShop 153,Books,Provence-Alpes-Côte d'Azur,0.0376,20,Mardi,Septembre,0,Evening,0,2024-09-24T20:51:29.000Z,2024-09-24,1727211089,Jeune,0,4,7,46.85,1,0,8,687107,190.86,62.206667,-24.69,0,0
M00045,P04452,U00239,TX0061966,26.52,20250104073942,Toulouse,PAYPAL,Books,20,56018.35,Toulouse,Standard,"[""Books""]",20240615,Standard Comic Book 4452,Books,24.91,3.0,708,M00045,BookCorner 45,Books,Ile-de-France,0.0184,7,Samedi,Janvier,1,Morning,0,2025-01-04T07:39:42.000Z,2025-01-04,1735976382,Jeune,0,5,7,26.52,1,0,102,8765293,2434.8,58.367500,-54.56,0,0
M00150,P02413,U00239,TX0078944,29.66,20250114144556,Toulouse,CRYPTO,Toys,20,56018.35,Toulouse,Standard,"[""Books""]",20240615,Elite Action Figure 2413,Toys,27.66,2.5,95,M00150,PlayShop 150,Toys,Hauts-de-France,0.0238,14,Mardi,Janvier,0,Afternoon,1,2025-01-14T14:45:56.000Z,2025-01-14,1736865956,Jeune,0,6,7,29.66,1,0,10,889574,247.1,51.998000,-42.96,1,0
M00391,P02407,U00239,TX0064790,153.02,20250131111123,Toulouse,CARD,Books,20,56018.35,Toulouse,Standard,"[""Books""]",20240615,Premium Textbook 2407,Books,46.33,3.8,754,M00391,BookHaven 391,Books,Ile-de-France,0.0789,11,Vendredi,Janvier,0,Morning,1,2025-01-31T11:11:23.000Z,2025-01-31,1738321883,Jeune,0,7,7,153.02,1,0,17,1455927,404.42,48.275000,216.98,0,0
M00172,P04582,U00259,TX0076482,54.26,20240613201325,Lille,BANK_TRANSFER,Clothing,26,64142.22,Lille,Premium,"[""Clothing""]",20240917,Essential T-Shirt 4582,Clothing,48.94,1.9,1028,M00172,FashionStore 172,Clothing,Hauts-de-France,0.0305,20,Jeudi,Juin,0,Evening,0,2024-06-13T20:13:25.000Z,2024-06-13,1718309605,Adulte,0,1,16,54.26,1,0,,,,,,0,0
M00565,P03948,U00259,TX0092836,62.34,20240621150512,Lille,BANK_TRANSFER,Clothing,26,64142.22,Lille,Premium,"[""Clothing""]",20240917,Standard Jeans 3948,Clothing,68.7,2.9,778,M00565,ClothingHub 565,Clothing,Ile-de-France,0.0396,15,Vendredi,Juin,0,Afternoon,1,2024-06-21T15:05:12.000Z,2024-06-21,1718982312,Adulte,0,2,16,62.34,1,0,8,672707,186.86,54.260000,14.89,0,0
M00096,P02274,U00259,TX0081200,195.95,20240621194651,Lille,BANK_TRANSFER,Clothing,26,64142.22,Lille,Premium,"[""Clothing""]",20240917,Premium Jeans 2274,Clothing,59.73,2.7,1094,M00096,StyleShop 96,Clothing,Nouvelle-Aquitaine,0.0823,19,Vendredi,Juin,0,Evening,0,2024-06-21T19:46:51.000Z,2024-06-21,1718999211,Adulte,0,3,16,258.29,1,0,0,16899,4.69,58.300000,236.11,0,0
M00260,P03843,U00259,TX0020809,62.04,20240625192756,Lille,CARD,Clothing,26,64142.22,Lille,Premium,"[""Clothing""]",20240917,Elite Sneakers 3843,Clothing,34.37,3.0,1160,M00260,TrendyWear 260,Clothing,Ile-de-France,0.0549,19,Mardi,Juin,0,Evening,0,2024-06-25T19:27:56.000Z,2024-06-25,1719343676,Adulte,0,4,16,320.33,2,0,4,344465,95.68,104.183333,-40.45,0,0
M00353,P00556,U00259,TX0002306,92.55,20240627095142,Reims,BANK_TRANSFER,Toys,26,64142.22,Lille,Premium,"[""Clothing""]",20240917,Pro Action Figure 556,Toys,96.49,3.1,974,M00353,ToyHub 353,Toys,Auvergne-Rhône-Alpes,0.0558,9,Jeudi,Juin,0,Morning,1,2024-06-27T09:51:42.000Z,2024-06-27,1719481902,Adulte,0,5,16,412.88,3,0,2,138226,38.4,93.647500,-1.17,0,0
M00162,P02786,U00259,TX0067901,156.85,20240706154702,Lille,BANK_TRANSFER,Clothing,26,64142.22,Lille,Premium,"[""Clothing""]",20240917,Elite T-Shirt 2786,Clothing,85.8,1.4,384,M00162,TrendyWear 162,Clothing,Ile-de-France,0.0465,15,Samedi,Juillet,1,Afternoon,1,2024-07-06T15:47:02.000Z,2024-07-06,1720280822,Adulte,0,6,16,156.85,1,0,9,798920,221.92,93.428000,67.88,0,0
M00276,P04245,U00259,TX0055402,121.02,20240709190927,Lille,BANK_TRANSFER,Clothing,26,64142.22,Lille,Premium,"[""Clothing""]",20240917,Pro Dress 4245,Clothing,119.15,2.6,386,M00276,StyleShop 276,Clothing,Ile-de-France,0.0275,19,Mardi,Juillet,0,Evening,0,2024-07-09T19:09:27.000Z,2024-07-09,1720552167,Adulte,0,7,16,277.87,2,0,3,271345,75.37,103.998333,16.37,0,0
M00172,P00887,U00259,TX0089955,241.48,20240714185425,Lille,BANK_TRANSFER,Clothing,26,64142.22,Lille,Premium,"[""Clothing""]",20240917,Classic Dress 887,Clothing,83.62,2.1,611,M00172,FashionStore 172,Clothing,Hauts-de-France,0.0305,18,Dimanche,Juillet,1,Evening,0,2024-07-14T18:54:25.000Z,2024-07-14,1720983265,Adulte,0,8,16,362.50,2,0,5,431098,119.75,106.430000,126.89,0,0
M00162,P05700,U00259,TX0120445,33.57,20240716115738,Lille,BANK_TRANSFER,Clothing,26,64142.22,Lille,Premium,"[""Clothing""]",20240917,Standard Dress 5700,Clothing,33.49,3.3,637,M00162,TrendyWear 162,Clothing,Ile-de-France,0.0465,11,Mardi,Juillet,0,Morning,1,2024-07-16T11:57:38.000Z,2024-07-16,1721131058,Adulte,0,9,16,396.07,3,0,2,147793,41.05,123.311250,-72.78,0,0
M00416,P05273,U00259,TX0046432,290.87,20240729202622,Lille,BANK_TRANSFER,Clothing,26,64142.22,Lille,Premium,"[""Clothing""]",20240917,Standard Dress 5273,Clothing,289.06,3.2,554,M00416,StyleShop 416,Clothing,Bretagne,0.0849,20,Lundi,Juillet,0,Evening,0,2024-07-29T20:26:22.000Z,2024-07-29,1722284782,Adulte,0,10,16,290.87,1,0,13,1153724,320.48,113.340000,156.63,0,0
M00325,P03695,U00259,TX0115022,226.76,20240829102125,Lille,PAYPAL,Clothing,26,64142.22,Lille,Premium,"[""Clothing""]",20240917,Classic Dress 3695,Clothing,239.31,4.4,521,M00325,StyleShop 325,Clothing,Ile-de-France,0.0138,10,Jeudi,Août,0,Morning,1,2024-08-29T10:21:25.000Z,2024-08-29,1724926885,Adulte,0,11,16,226.76,1,0,31,2642103,733.92,131.093000,72.98,0,0
M00337,P01209,U00259,TX0128383,595.51,20240903164628,Lille,CARD,Home & Garden,26,64142.22,Lille,Premium,"[""Clothing""]",20240917,Elite Cookware Set 1209,Home & Garden,578.08,4.4,696,M00337,DecorShop 337,Home & Garden,Nouvelle-Aquitaine,0.0746,16,Mardi,Septembre,0,Afternoon,1,2024-09-03T16:46:28.000Z,2024-09-03,1725381988,Adulte,0,12,16,822.27,2,0,5,455103,126.42,139.790000,326.00,1,0
M00384,P05577,U00259,TX0126920,304.67,20240903210523,Lille,CASH,Clothing,26,64142.22,Lille,Premium,"[""Clothing""]",20240917,Premium Sneakers 5577,Clothing,288.75,4.8,815,M00384,StyleShop 384,Clothing,Ile-de-France,0.0874,21,Mardi,Septembre,0,Evening,0,2024-09-03T21:05:23.000Z,2024-09-03,1725397523,Adulte,0,13,16,1126.94,2,0,0,15535,4.32,177.766667,71.39,0,0
M00480,P04667,U00259,TX0135220,69.06,20240904082738,Lille,BANK_TRANSFER,Clothing,26,64142.22,Lille,Premium,"[""Clothing""]",20240917,Classic Jeans 4667,Clothing,63.3,3.0,823,M00480,ClothingHub 480,Clothing,Occitanie,0.0722,8,Mercredi,Septembre,0,Morning,0,2024-09-04T08:27:38.000Z,2024-09-04,1725438458,Adulte,0,14,16,1196.00,3,0,1,40935,11.37,187.528462,-63.17,0,0
M00393,P00741,U00259,TX0053811,303.59,20240904221326,Lille,BANK_TRANSFER,Sports,26,64142.22,Lille,Premium,"[""Clothing""]",20240917,Standard Dumbbells 741,Sports,295.29,3.9,540,M00393,SportHub 393,Sports,Ile-de-France,0.099,22,Mercredi,Septembre,0,Night,0,2024-09-04T22:13:26.000Z,2024-09-04,1725488006,Adulte,0,15,16,1499.59,3,0,0,49548,13.76,179.066429,69.54,1,0
M00248,P04377,U00259,TX0061043,222.31,20240908101320,Lille,BANK_TRANSFER,Clothing,26,64142.22,Lille,Premium,"[""Clothing""]",20240917,Standard Jeans 4377,Clothing,243.64,4.1,1040,M00248,ClothingHub 248,Clothing,Auvergne-Rhône-Alpes,0.0373,10,Dimanche,Septembre,1,Morning,1,2024-09-08T10:13:20.000Z,2024-09-08,1725790400,Adulte,0,16,16,1495.14,3,0,4,302394,84.0,187.368000,18.65,0,0
M00368,P00526,U00271,TX0087709,210.64,20241202204324,Lille,PAYPAL,Sports,46,60818.99,Lille,Premium,"[""Health"",""Sports""]",20250913,Standard Dumbbells 526,Sports,198.41,3.3,1021,M00368,SportHub 368,Sports,Auvergne-Rhône-Alpes,0.0548,20,Lundi,Décembre,0,Evening,0,2024-12-02T20:43:24.000Z,2024-12-02,1733172204,Âge Moyen,0,1,30,210.64,1,0,,,,,,0,0
M00533,P04085,U00271,TX0131738,226.89,20241207111847,Lille,CASH,Toys,46,60818.99,Lille,Premium,"[""Health"",""Sports""]",20250913,Standard Puzzle 4085,Toys,121.93,3.4,804,M00533,ToyLand 533,Toys,Hauts-de-France,0.0203,11,Samedi,Décembre,1,Morning,1,2024-12-07T11:18:47.000Z,2024-12-07,1733570327,Âge Moyen,0,2,30,437.53,2,0,5,398123,110.59,210.640000,7.71,0,0
M00563,P05696,U00271,TX0108678,49.45,20241222094347,Lille,PAYPAL,Toys,46,60818.99,Lille,Premium,"[""Health"",""Sports""]",20250913,Standard Building Blocks 5696,Toys,49.6,4.2,627,M00563,ToyLand 563,Toys,,0.0811,9,Dimanche,Décembre,1,Morning,1,2024-12-22T09:43:47.000Z,2024-12-22,1734860627,Âge Moyen,0,3,30,49.45,1,0,15,1290300,358.42,218.765000,-77.40,0,0
M00075,P00681,U00271,TX0111565,191.24,20241222143457,Lille,PAYPAL,Health,46,60818.99,Lille,Premium,"[""Health"",""Sports""]",20250913,Classic Vitamins 681,Health,198.64,4.7,175,M00075,HealthHub 75,Health,Ile-de-France,0.0469,14,Dimanche,Décembre,1,Afternoon,1,2024-12-22T14:34:57.000Z,2024-12-22,1734878097,Âge Moyen,0,4,30,240.69,1,0,0,17470,4.85,162.326667,17.81,0,0
M00549,P00640,U00271,TX0095873,231.44,20241225015112,Lille,PAYPAL,Sports,46,60818.99,Lille,Premium,"[""Health"",""Sports""]",20250913,Essential Bicycle Helmet 640,Sports,237.64,3.3,42,M00549,ActiveWear 549,Sports,Occitanie,0.0813,1,Mercredi,Décembre,0,Night,0,2024-12-25T01:51:12.000Z,2024-12-25,1735091472,Âge Moyen,0,5,30,472.13,2,0,3,213375,59.27,169.555000,36.50,1,0
M00057,P01568,U00271,TX0059592,216.32,20241226180130,Lille,PAYPAL,Sports,46,60818.99,Lille,Premium,"[""Health"",""Sports""]",20250913,Classic Running Shoes 1568,Sports,194.09,2.7,1096,M00057,SportZone 57,Sports,Auvergne-Rhône-Alpes,0.0294,18,Jeudi,Décembre,0,Evening,0,2024-12-26T18:01:30.000Z,2024-12-26,1735236090,Âge Moyen,0,6,30,688.45,3,0,1,144618,40.17,181.932000,18.90,0,0
M00581,P00912,U00271,TX0045092,257.65,20250206164520,Lille,PAYPAL,Sports,46,60818.99,Lille,Premium,"[""Health"",""Sports""]",20250913,Pro Backpack 912,Sports,243.29,3.0,1113,M00581,SportZone 581,Sports,Hauts-de-France,0.054,16,Jeudi,Février,0,Afternoon,1,2025-02-06T16:45:20.000Z,2025-02-06,1738860320,Âge Moyen,0,7,30,257.65,1,0,42,3624230,1006.73,187.663333,37.29,0,0
M00083,P02771,U00271,TX0053892,1117.72,20250206221025,Lille,PAYPAL,Automotive,46,60818.99,Lille,Premium,"[""Health"",""Sports""]",20250913,Pro Oil Filter 2771,Automotive,1023.86,4.3,886,M00083,MotorHub 83,Automotive,Bretagne,0.027,22,Jeudi,Février,0,Night,0,2025-02-06T22:10:25.000Z,2025-02-06,1738879825,Âge Moyen,0,8,30,1375.37,1,0,0,19505,5.42,197.661429,465.47,2,1
M00461,P02144,U00271,TX0024172,151.91,20250220141417,Lille,PAYPAL,Sports,46,60818.99,Lille,Premium,"[""Health"",""Sports""]",20250913,Premium Running Shoes 2144,Sports,163.28,2.5,420,M00461,SportHub 461,Sports,Ile-de-France,0.0411,14,Jeudi,Février,0,Afternoon,1,2025-02-20T14:14:17.000Z,2025-02-20,1740060857,Âge Moyen,0,9,30,151.91,1,0,14,1181032,328.06,312.668750,-51.42,0,0
M00426,P01117,U00271,TX0035400,110.75,20250222031249,Lille,CARD,Beauty,46,60818.99,Lille,Premium,"[""Health"",""Sports""]",20250913,Premium Lipstick 1117,Beauty,111.86,5.0,769,M00426,GlowShop 426,Beauty,Hauts-de-France,0.0966,3,Samedi,Février,1,Night,0,2025-02-22T03:12:49.000Z,2025-02-22,1740193969,Âge Moyen,0,10,30,262.66,2,0,2,133112,36.98,294.806667,-62.43,1,0
M00035,P04368,U00271,TX0064927,109.90,20250224114605,Lille,PAYPAL,Sports,46,60818.99,Lille,Premium,"[""Health"",""Sports""]",20250913,Classic Tennis Racket 4368,Sports,107.37,3.3,873,M00035,ActiveWear 35,Sports,Hauts-de-France,0.0286,11,Lundi,Février,0,Morning,1,2025-02-24T11:46:05.000Z,2025-02-24,1740397565,Âge Moyen,0,11,30,372.56,3,0,2,203596,56.55,276.401000,-60.24,0,0
M00195,P00842,U00271,TX0098464,322.87,20250405102019,Lille,PAYPAL,Sports,46,60818.99,Lille,Premium,"[""Health"",""Sports""]",20250913,Classic Tennis Racket 842,Sports,333.51,3.3,961,M00195,SportHub 195,Sports,Hauts-de-France,0.044,10,Samedi,Avril,1,Morning,1,2025-04-05T10:20:19.000Z,2025-04-05,1743848419,Âge Moyen,0,12,30,322.87,1,0,40,3450854,958.57,261.264545,23.58,0,0
M00425,P03502,U00271,TX0039113,188.83,20250410212020,Lille,PAYPAL,Health,46,60818.99,Lille,Premium,"[""Health"",""Sports""]",20250913,Standard Scale 3502,Health,180.37,4.1,425,M00425,HealthShop 425,Health,Nouvelle-Aquitaine,0.0562,21,Jeudi,Avril,0,Evening,0,2025-04-10T21:20:20.000Z,2025-04-10,1744320020,Âge Moyen,0,13,30,511.70,2,0,5,471601,131.0,266.398333,-29.12,0,0
M00054,P02028,U00271,TX0034779,1301.64,20250415143349,Lille,PAYPAL,Electronics,46,60818.99,Lille,Premium,"[""Health"",""Sports""]",20250913,Classic Smartphone 2028,Electronics,1249.82,2.4,396,M00054,ElectroWorld 54,Electronics,Nouvelle-Aquitaine,0.0114,14,Mardi,Avril,0,Afternoon,1,2025-04-15T14:33:49.000Z,2025-04-15,1744727629,Âge Moyen,0,14,30,1490.47,2,0,5,407609,113.22,260.431538,399.80,1,0
M00092,P05732,U00271,TX0037198,3137.41,20250426030532,Grenoble,CRYPTO,Sports,46,60818.99,Lille,Premium,"[""Health"",""Sports""]",20250913,Classic Tennis Racket 5732,Sports,268.26,3.2,933,M00092,SportHub 92,Sports,Ile-de-France,0.0978,3,Samedi,Avril,1,Night,0,2025-04-26T03:05:32.000Z,2025-04-26,1745636732,Âge Moyen,0,15,30,3137.41,1,0,11,909103,252.53,334.803571,837.09,3,1
M00092,P05732,U00271,TX0095723,552.66,20250426163900,Nîmes,PAYPAL,Sports,46,60818.99,Lille,Premium,"[""Health"",""Sports""]",20250913,Classic Tennis Racket 5732,Sports,268.26,3.2,933,M00092,SportHub 92,Sports,Ile-de-France,0.0978,16,Samedi,Avril,1,Afternoon,1,2025-04-26T16:39:00.000Z,2025-04-26,1745685540,Âge Moyen,0,16,30,3690.07,1,0,0,48808,13.56,521.644000,5.95,0,0
M00554,P04626,U00271,TX0047404,700.74,20250427072936,Lille,PAYPAL,Automotive,46,60818.99,Lille,Premium,"[""Health"",""Sports""]",20250913,Essential Car Parts 4626,Automotive,712.67,2.9,313,M00554,MotorHub 554,Automotive,Auvergne-Rhône-Alpes,0.0458,7,Dimanche,Avril,1,Morning,0,2025-04-27T07:29:36.000Z,2025-04-27,1745738976,Âge Moyen,0,17,30,4390.81,2,0,1,53436,14.84,523.582500,33.84,0,0
M00554,P01325,U00271,TX0074864,731.43,20250427073117,Lille,PAYPAL,Automotive,46,60818.99,Lille,Premium,"[""Health"",""Sports""]",20250913,Standard Rug 1325,Home & Garden,623.61,2.5,789,M00578,MotorHub 554,Automotive,Auvergne-Rhône-Alpes,0.0458,7,Dimanche,Avril,1,Morning,0,2025-04-27T07:31:17.000Z,2025-04-27,1745739077,Âge Moyen,1,18,30,5122.24,2,0,0,101,0.03,534.003529,36.97,1,0
M00514,P05500,U00271,TX0125920,114.18,20250427082256,Lille,PAYPAL,Health,46,60818.99,Lille,Premium,"[""Health"",""Sports""]",20250913,Premium Scale 5500,Health,120.49,4.3,1158,M00514,WellnessStore 514,Health,Pays de la Loire,0.0147,8,Dimanche,Avril,1,Morning,0,2025-04-27T08:22:56.000Z,2025-04-27,1745742176,Âge Moyen,0,19,30,5236.42,2,0,0,3099,0.86,544.971667,-79.05,0,0
M00412,P04661,U00271,TX0004535,75.28,20250517224832,Lille,PAYPAL,Health,46,60818.99,Lille,Premium,"[""Health"",""Sports""]",20250913,Classic Scale 4661,Health,75.54,4.5,126,M00412,HealthShop 412,Health,Auvergne-Rhône-Alpes,0.0125,22,Samedi,Mai,1,Night,0,2025-05-17T22:48:32.000Z,2025-05-17,1747522112,Âge Moyen,0,20,30,75.28,1,0,20,1779936,494.43,522.298421,-85.59,1,0
M00003,P00361,U00271,TX0090629,641.27,20250521112507,Lille,PAYPAL,Health,46,60818.99,Lille,Premium,"[""Health"",""Sports""]",20250913,Elite Blood Monitor 361,Health,203.56,4.2,468,M00003,VitalShop 3,Health,Ile-de-France,0.0173,11,Mercredi,Mai,0,Morning,1,2025-05-21T11:25:07.000Z,2025-05-21,1747826707,Âge Moyen,0,21,30,716.55,2,0,4,304595,84.61,499.947500,28.27,0,0
M00498,P02852,U00271,TX0034388,494.39,20250808163715,Lille,PAYPAL,Sports,46,60818.99,Lille,Premium,"[""Health"",""Sports""]",20250913,Classic Dumbbells 2852,Sports,234.98,3.8,482,M00498,SportZone 498,Sports,Provence-Alpes-Côte d'Azur,0.0737,16,Vendredi,Août,0,Afternoon,1,2025-08-08T16:37:15.000Z,2025-08-08,1754671035,Âge Moyen,0,22,30,494.39,1,0,79,6844328,1901.2,506.677143,-2.43,0,0
M00036,P00579,U00271,TX0054529,475.91,20250817083614,Lille,CARD,Sports,46,60818.99,Lille,Premium,"[""Health"",""Sports""]",20250913,Classic Bicycle Helmet 579,Sports,522.32,4.1,282,M00036,SportHub 36,Sports,Hauts-de-France,0.0711,8,Dimanche,Août,1,Morning,0,2025-08-17T08:36:14.000Z,2025-08-17,1755419774,Âge Moyen,0,23,30,475.91,1,0,9,748739,207.98,506.118636,-5.97,0,0
M00275,P00997,U00271,TX0119446,154.29,20250824212839,Strasbourg,PAYPAL,Sports,46,60818.99,Lille,Premium,"[""Health"",""Sports""]",20250913,Elite Yoga Mat 997,Sports,137.96,3.3,1142,M00275,FitnessShop 275,Sports,Provence-Alpes-Côte d'Azur,0.0981,21,Dimanche,Août,1,Evening,0,2025-08-24T21:28:39.000Z,2025-08-24,1756070919,Âge Moyen,0,24,30,154.29,1,0,7,651145,180.87,504.805217,-69.44,0,0
M00362,P00446,U00271,TX0012851,422.01,20250828090926,Lille,PAYPAL,Sports,46,60818.99,Lille,Premium,"[""Health"",""Sports""]",20250913,Pro Tennis Racket 446,Sports,414.39,5.0,3,M00362,FitnessShop 362,Sports,Pays de la Loire,0.0131,9,Jeudi,Août,0,Morning,1,2025-08-28T09:09:26.000Z,2025-08-28,1756372166,Âge Moyen,0,25,30,576.30,2,0,4,301247,83.68,490.200417,-13.91,0,0
M00195,P01744,U00271,TX0101445,519.50,20251204014914,Lille,PAYPAL,Sports,46,60818.99,Lille,Premium,"[""Health"",""Sports""]",20250913,Premium Dumbbells 1744,Sports,484.25,3.7,996,M00195,SportHub 195,Sports,Hauts-de-France,0.044,1,Jeudi,Décembre,0,Night,0,2025-12-04T01:49:14.000Z,2025-12-04,1764812954,Âge Moyen,0,26,30,519.50,1,0,98,8440788,2344.66,487.472800,6.57,1,0
M00440,P02594,U00271,TX0098044,236.09,20251210141019,Lille,PAYPAL,Clothing,46,60818.99,Lille,Premium,"[""Health"",""Sports""]",20250913,Pro Scarf 2594,Clothing,252.72,3.8,416,M00440,ClothingHub 440,Clothing,Ile-de-France,0.0534,14,Mercredi,Décembre,0,Afternoon,1,2025-12-10T14:10:19.000Z,2025-12-10,1765375819,Âge Moyen,0,27,30,755.59,2,0,6,562865,156.35,488.704615,-51.69,0,0
M00440,P02594,U00271,TX0013840,2254.93,20251210231006,Angers,CRYPTO,Clothing,46,60818.99,Lille,Premium,"[""Health"",""Sports""]",20250913,Pro Scarf 2594,Clothing,252.72,3.8,416,M00440,ClothingHub 440,Clothing,Ile-de-France,0.0534,23,Mercredi,Décembre,0,Night,0,2025-12-10T23:10:06.000Z,2025-12-10,1765408206,Âge Moyen,0,28,30,3010.52,2,0,0,32387,9.0,479.348519,370.42,3,1
M00534,P00686,U00271,TX0115032,476.85,20251213205820,Lille,PAYPAL,Health,46,60818.99,Lille,Premium,"[""Health"",""Sports""]",20250913,Essential Blood Monitor 686,Health,162.49,2.7,755,M00534,HealthShop 534,Health,Hauts-de-France,0.0555,20,Samedi,Décembre,1,Evening,0,2025-12-13T20:58:20.000Z,2025-12-13,1765659500,Âge Moyen,0,29,30,2967.87,2,0,3,251294,69.8,542.762143,-12.14,0,0
M00144,P05668,U00271,TX0019860,133.05,20251216132736,Lille,,Health,46,60818.99,Lille,Premium,"[""Health"",""Sports""]",20250913,Pro Blood Monitor 5668,Health,124.76,3.1,189,M00144,HealthHub 144,Health,Occitanie,0.0224,13,Mardi,Décembre,0,Afternoon,1,2025-12-16T13:27:36.000Z,2025-12-16,1765891656,Âge Moyen,0,30,30,3100.92,3,0,3,232156,64.49,540.489310,-75.38,0,0
M00172,P00461,U00276,TX0085627,178.47,20241205024223,Strasbourg,BANK_TRANSFER,Clothing,52,20174.57,Strasbourg,Budget,"[""Beauty""]",20231012,Classic T-Shirt 461,Clothing,171.78,3.5,636,M00172,FashionStore 172,Clothing,Hauts-de-France,0.0305,2,Jeudi,Décembre,0,Night,0,2024-12-05T02:42:23.000Z,2024-12-05,1733366543,Âge Moyen,0,1,9,178.47,1,0,,,,,,1,0
M00132,P02855,U00276,TX0131298,138.74,20250209183204,Strasbourg,PAYPAL,Beauty,52,20174.57,Strasbourg,Budget,"[""Beauty""]",20231012,Standard Face Cream 2855,Beauty,131.92,4.4,1007,M00132,BeautyWorld 132,Beauty,,0.0466,18,Dimanche,Février,1,Evening,0,2025-02-09T18:32:04.000Z,2025-02-09,1739125924,Âge Moyen,0,2,9,138.74,1,0,66,5759381,1599.83,178.470000,-22.26,0,0
M00452,P00728,U00276,TX0113397,156.02,20250211145055,Strasbourg,PAYPAL,Beauty,52,20174.57,Strasbourg,Budget,"[""Beauty""]",20231012,Essential Serum 728,Beauty,75.9,1.4,450,M00452,BeautyWorld 452,Beauty,Grand Est,0.0969,14,Mardi,Février,0,Afternoon,1,2025-02-11T14:50:55.000Z,2025-02-11,1739285455,Âge Moyen,0,3,9,294.76,2,0,2,159531,44.31,158.605000,-1.63,0,0
M00123,P03286,U00276,TX0110104,40.02,20250214142707,Strasbourg,BANK_TRANSFER,Beauty,52,20174.57,Strasbourg,Budget,"[""Beauty""]",20231012,Essential Shampoo 3286,Beauty,38.67,2.9,657,M00123,CosmeticHub 123,Beauty,Auvergne-Rhône-Alpes,0.0875,14,Vendredi,Février,0,Afternoon,1,2025-02-14T14:27:07.000Z,2025-02-14,1739543227,Âge Moyen,0,4,9,334.78,3,0,3,257772,71.6,157.743333,-74.63,0,0
M00161,P04682,U00276,TX0131090,22.18,20250907174219,Strasbourg,BANK_TRANSFER,Beauty,52,20174.57,Strasbourg,Budget,"[""Beauty""]",20231012,Classic Perfume 4682,Beauty,22.93,3.9,523,M00161,CosmeticHub 161,Beauty,Ile-de-France,0.0432,17,Dimanche,Septembre,1,Afternoon,1,2025-09-07T17:42:19.000Z,2025-09-07,1757266939,Âge Moyen,0,5,9,22.18,1,0,205,17723712,4923.25,128.312500,-82.71,0,0
M00070,P05276,U00276,TX0042171,79.34,20251011030809,Dijon,PAYPAL,Beauty,52,20174.57,Strasbourg,Budget,"[""Beauty""]",20231012,Essential Lipstick 5276,Beauty,87.9,4.2,88,M00070,GlowShop 70,Beauty,Grand Est,0.0779,3,Samedi,Octobre,1,Night,0,2025-10-11T03:08:09.000Z,2025-10-11,1760152089,Âge Moyen,0,6,9,79.34,1,0,34,2885150,801.43,107.086000,-25.91,1,0
M00534,P01109,U00276,TX0047742,132.27,20251021125804,Strasbourg,PAYPAL,Health,52,20174.57,Strasbourg,Budget,"[""Beauty""]",20231012,Pro Scale 1109,Health,118.25,4.2,1072,M00534,HealthShop 534,Health,Hauts-de-France,0.0555,12,Mardi,Octobre,0,Afternoon,1,2025-10-21T12:58:04.000Z,2025-10-21,1761051484,Âge Moyen,0,7,9,132.27,1,0,10,899395,249.83,102.461667,29.09,0,0
M00306,P03858,U00276,TX0126487,135.57,20251024234346,Strasbourg,CARD,Beauty,52,20174.57,Strasbourg,Budget,"[""Beauty""]",20231012,Pro Face Cream 3858,Beauty,125.05,3.4,1088,M00306,BeautyWorld 306,Beauty,Pays de la Loire,0.0874,23,Vendredi,Octobre,0,Night,0,2025-10-24T23:43:46.000Z,2025-10-24,1761349426,Âge Moyen,0,8,9,267.84,2,0,3,297942,82.76,106.720000,27.03,1,0
M00017,P02299,U00276,TX0065758,122.40,20251028172739,Strasbourg,PAYPAL,Beauty,52,20174.57,Strasbourg,Budget,"[""Beauty""]",20231012,Classic Perfume 2299,Beauty,115.64,5.0,1137,M00017,BeautyCorner 17,Beauty,Occitanie,0.0365,17,Mardi,Octobre,0,Afternoon,1,2025-10-28T17:27:39.000Z,2025-10-28,1761672459,Âge Moyen,0,9,9,257.97,2,0,4,323033,89.73,110.326250,10.94,0,0
M00210,P03541,U00279,TX0090663,31.15,20240411160654,Paris,PAYPAL,Books,46,64593.92,Paris,Premium,"[""Books"",""Beauty""]",20230927,Standard Biography 3541,Books,32.81,2.7,1078,M00210,BookCorner 210,Books,Pays de la Loire,0.0407,16,Jeudi,Avril,0,Afternoon,1,2024-04-11T16:06:54.000Z,2024-04-11,1712851614,Âge Moyen,0,1,16,31.15,1,0,,,,,,0,0
M00288,P01357,U00279,TX0013332,66.42,20240412122739,Paris,BANK_TRANSFER,Beauty,46,64593.92,Paris,Premium,"[""Books"",""Beauty""]",20230927,Standard Face Cream 1357,Beauty,64.8,3.1,352,M00288,BeautyWorld 288,Beauty,Ile-de-France,0.0149,12,Vendredi,Avril,0,Afternoon,1,2024-04-12T12:27:39.000Z,2024-04-12,1712924859,Âge Moyen,0,2,16,97.57,2,0,1,73245,20.35,31.150000,113.23,0,0
M00254,P05064,U00279,TX0105262,159.21,20240414012119,Paris,CRYPTO,Beauty,46,64593.92,Paris,Premium,"[""Books"",""Beauty""]",20230927,Elite Perfume 5064,Beauty,81.89,4.0,453,M00254,BeautyWorld 254,Beauty,Nouvelle-Aquitaine,0.0942,1,Dimanche,Avril,1,Night,0,2024-04-14T01:21:19.000Z,2024-04-14,1713057679,Âge Moyen,0,3,16,256.78,3,0,2,132820,36.89,48.785000,226.35,2,1
M00443,P05375,U00279,TX0104012,29.52,20240423160050,Paris,PAYPAL,Beauty,46,64593.92,Paris,Premium,"[""Books"",""Beauty""]",20230927,Standard Serum 5375,Beauty,29.94,3.9,1014,M00443,BeautyCorner 443,Beauty,Nouvelle-Aquitaine,0.0533,16,Mardi,Avril,0,Afternoon,1,2024-04-23T16:00:50.000Z,2024-04-23,1713888050,Âge Moyen,0,4,16,29.52,1,0,9,830371,230.66,85.593333,-65.51,0,0
M00238,P05883,U00279,TX0029278,16.28,20240429221402,Paris,CARD,Books,46,64593.92,Paris,Premium,"[""Books"",""Beauty""]",20230927,Standard Novel 5883,Books,15.27,2.8,857,M00238,ReadMore 238,Books,Ile-de-France,0.0973,22,Lundi,Avril,0,Night,0,2024-04-29T22:14:02.000Z,2024-04-29,1714428842,Âge Moyen,0,5,16,45.80,2,0,6,540792,150.22,71.575000,-77.25,1,0
M00589,P04453,U00279,TX0023890,39.06,20240508173351,Paris,CRYPTO,Books,46,64593.92,Paris,Premium,"[""Books"",""Beauty""]",20230927,Classic Comic Book 4453,Books,38.62,5.0,408,M00589,BookHaven 589,Books,Auvergne-Rhône-Alpes,0.0527,17,Mercredi,Mai,0,Afternoon,1,2024-05-08T17:33:51.000Z,2024-05-08,1715189631,Âge Moyen,0,6,16,39.06,1,0,9,760789,211.33,60.516000,-35.46,1,0
M00164,P00484,U00279,TX0130783,131.51,20240511061940,Paris,CARD,Clothing,46,64593.92,Paris,Premium,"[""Books"",""Beauty""]",20230927,Elite Jacket 484,Clothing,123.44,3.0,843,M00164,TrendyWear 164,Clothing,Provence-Alpes-Côte d'Azur,0.0252,6,Samedi,Mai,1,Morning,0,2024-05-11T06:19:40.000Z,2024-05-11,1715408380,Âge Moyen,0,7,16,170.57,2,0,3,218749,60.76,56.940000,130.96,0,0
M00050,P00813,U00279,TX0076961,141.07,20240511210323,Paris,BANK_TRANSFER,Beauty,46,64593.92,Paris,Premium,"[""Books"",""Beauty""]",20230927,Pro Perfume 813,Beauty,133.52,5.0,705,M00050,CosmeticHub 50,Beauty,Provence-Alpes-Côte d'Azur,0.0187,21,Samedi,Mai,1,Evening,0,2024-05-11T21:03:23.000Z,2024-05-11,1715461403,Âge Moyen,0,8,16,311.64,2,0,0,53023,14.73,67.592857,108.71,0,0
M00479,P02629,U00279,TX0123025,64.22,20240709220404,Villeurbanne,CARD,Beauty,46,64593.92,Paris,Premium,"[""Books"",""Beauty""]",20230927,Standard Lipstick 2629,Beauty,65.9,1.5,289,M00479,CosmeticHub 479,Beauty,Nouvelle-Aquitaine,0.0231,22,Mardi,Juillet,0,Night,0,2024-07-09T22:04:04.000Z,2024-07-09,1720562644,Âge Moyen,0,9,16,64.22,1,0,59,5101241,1417.01,76.777500,-16.36,1,0
M00123,P02071,U00279,TX0006094,215.02,20240715174735,Paris,CARD,Beauty,46,64593.92,Paris,Premium,"[""Books"",""Beauty""]",20230927,Essential Perfume 2071,Beauty,105.43,4.8,202,M00123,CosmeticHub 123,Beauty,Auvergne-Rhône-Alpes,0.0875,17,Lundi,Juillet,0,Afternoon,1,2024-07-15T17:47:35.000Z,2024-07-15,1721065655,Âge Moyen,0,10,16,279.24,2,0,6,503011,139.73,75.382222,185.24,0,0
M00055,P03827,U00279,TX0118144,41.62,20240717173947,Rennes,BANK_TRANSFER,Books,46,64593.92,Paris,Premium,"[""Books"",""Beauty""]",20230927,Pro Cookbook 3827,Books,43.75,4.0,69,M00055,BookCorner 55,Books,Auvergne-Rhône-Alpes,0.0184,17,Mercredi,Juillet,0,Afternoon,1,2024-07-17T17:39:47.000Z,2024-07-17,1721237987,Âge Moyen,0,11,16,256.64,2,0,2,172332,47.87,89.346000,-53.42,0,0
M00412,P04661,U00279,TX0115915,79.47,20240729105619,Paris,BANK_TRANSFER,Health,46,64593.92,Paris,Premium,"[""Books"",""Beauty""]",20230927,Classic Scale 4661,Health,75.54,4.5,126,M00412,HealthShop 412,Health,Auvergne-Rhône-Alpes,0.0125,10,Lundi,Juillet,0,Morning,1,2024-07-29T10:56:19.000Z,2024-07-29,1722250579,Âge Moyen,0,12,16,79.47,1,0,12,1012592,281.28,85.007273,-6.51,0,0
M00241,P04570,U00279,TX0119960,110.30,20240814160639,Paris,CARD,Beauty,46,64593.92,Paris,Premium,"[""Books"",""Beauty""]",20230927,Classic Nail Kit 4570,Beauty,106.48,2.1,718,M00241,CosmeticHub 241,Beauty,Provence-Alpes-Côte d'Azur,0.0162,16,Mercredi,Août,0,Afternoon,1,2024-08-14T16:06:39.000Z,2024-08-14,1723651599,Âge Moyen,0,13,16,110.30,1,0,16,1401020,389.17,84.545833,30.46,0,0
M00523,P02964,U00279,TX0055416,305.34,20240820084957,Paris,CARD,Beauty,46,64593.92,Paris,Premium,"[""Books"",""Beauty""]",20230927,Elite Shampoo 2964,Beauty,93.81,2.8,464,M00523,GlowShop 523,Beauty,Ile-de-France,0.0828,8,Mardi,Août,0,Morning,0,2024-08-20T08:49:57.000Z,2024-08-20,1724143797,Âge Moyen,0,14,16,415.64,2,0,6,492198,136.72,86.526923,252.88,0,0
M00343,P01678,U00279,TX0065959,117.10,20240821190959,Paris,BANK_TRANSFER,Beauty,46,64593.92,Paris,Premium,"[""Books"",""Beauty""]",20230927,Classic Serum 1678,Beauty,111.28,2.8,464,M00343,BeautyCorner 343,Beauty,Occitanie,0.091,19,Mercredi,Août,0,Evening,0,2024-08-21T19:09:59.000Z,2024-08-21,1724267399,Âge Moyen,0,15,16,422.44,2,0,1,123602,34.33,102.156429,14.63,0,0
M00515,P03496,U00279,TX0014142,57.67,20240823094749,Paris,CARD,Books,46,64593.92,Paris,Premium,"[""Books"",""Beauty""]",20230927,Essential Biography 3496,Books,57.82,3.5,692,M00515,BookCorner 515,Books,Grand Est,0.0258,9,Vendredi,Août,0,Morning,1,2024-08-23T09:47:49.000Z,2024-08-23,1724406469,Âge Moyen,0,16,16,480.11,3,0,2,139070,38.63,103.152667,-44.09,0,0
M00373,P00024,U00287,TX0118099,405.00,20240905072423,Grenoble,CARD,Health,59,18057.17,Grenoble,Budget,"[""Health""]",20240901,Pro Vitamins 24,Health,189.1,3.2,330,M00373,VitalShop 373,Health,Ile-de-France,0.0183,7,Jeudi,Septembre,0,Morning,0,2024-09-05T07:24:23.000Z,2024-09-05,1725521063,Âge Moyen,0,1,12,405.00,1,0,,,,,,0,0
M00034,P03899,U00287,TX0013964,469.60,20240911203404,Grenoble,BANK_TRANSFER,Health,59,18057.17,Grenoble,Budget,"[""Health""]",20240901,Elite Vitamins 3899,Health,215.64,3.7,193,M00034,HealthHub 34,Health,Occitanie,0.052,20,Mercredi,Septembre,0,Evening,0,2024-09-11T20:34:04.000Z,2024-09-11,1726086844,Âge Moyen,0,2,12,874.60,2,0,6,565781,157.16,405.000000,15.95,0,0
M00169,P05046,U00287,TX0137552,39.54,20240928155513,Grenoble,CARD,Books,59,18057.17,Grenoble,Budget,"[""Health""]",20240901,Classic Novel 5046,Books,19.7,3.8,834,M00169,BookHaven 169,Books,Ile-de-France,0.0656,15,Samedi,Septembre,1,Afternoon,1,2024-09-28T15:55:13.000Z,2024-09-28,1727538913,Âge Moyen,0,3,12,39.54,1,0,17,1452069,403.35,437.300000,-90.96,0,0
M00517,P00664,U00287,TX0009838,30.00,20241010181138,Grenoble,CARD,Health,59,18057.17,Grenoble,Budget,"[""Health""]",20240901,Essential First Aid Kit 664,Health,28.95,1.7,11,M00517,VitalShop 517,Health,Normandie,0.065,18,Jeudi,Octobre,0,Evening,0,2024-10-10T18:11:38.000Z,2024-10-10,1728583898,Âge Moyen,0,4,12,30.00,1,0,12,1044985,290.27,304.713333,-90.15,0,0
M00132,P05060,U00287,TX0001621,160.62,20241011111749,Montpellier,CARD,Beauty,59,18057.17,Grenoble,Budget,"[""Health""]",20240901,Classic Face Cream 5060,Beauty,157.07,5.0,998,M00132,BeautyWorld 132,Beauty,,0.0466,11,Vendredi,Octobre,0,Morning,1,2024-10-11T11:17:49.000Z,2024-10-11,1728645469,Âge Moyen,0,5,12,190.62,2,0,1,61571,17.1,236.035000,-31.95,0,0
M00124,P01201,U00287,TX0030394,143.55,20241026180052,Grenoble,CARD,Health,59,18057.17,Grenoble,Budget,"[""Health""]",20240901,Elite Thermometer 1201,Health,155.1,4.2,854,M00124,WellnessStore 124,Health,Grand Est,0.0871,18,Samedi,Octobre,1,Evening,0,2024-10-26T18:00:52.000Z,2024-10-26,1729965652,Âge Moyen,0,6,12,143.55,1,0,15,1320183,366.72,220.952000,-35.03,0,0
M00195,P05849,U00287,TX0111371,444.59,20241030115953,Grenoble,CARD,Sports,59,18057.17,Grenoble,Budget,"[""Health""]",20240901,Pro Yoga Mat 5849,Sports,444.69,3.6,1115,M00195,SportHub 195,Sports,Hauts-de-France,0.044,11,Mercredi,Octobre,0,Morning,1,2024-10-30T11:59:53.000Z,2024-10-30,1730289593,Âge Moyen,0,7,12,588.14,2,0,4,323941,89.98,208.051667,113.69,0,0
M00113,P00121,U00287,TX0031140,62.54,20241202180411,Grenoble,CARD,Health,59,18057.17,Grenoble,Budget,"[""Health""]",20240901,Essential Thermometer 121,Health,56.39,3.9,29,M00113,HealthHub 113,Health,Nouvelle-Aquitaine,0.0646,18,Lundi,Décembre,0,Evening,0,2024-12-02T18:04:11.000Z,2024-12-02,1733162651,Âge Moyen,0,8,12,62.54,1,0,33,2873058,798.07,241.842857,-74.14,0,0
M00290,P01847,U00287,TX0093503,126.16,20241207104355,Grenoble,CARD,Health,59,18057.17,Grenoble,Budget,"[""Health""]",20240901,Elite Vitamins 1847,Health,131.47,4.2,1187,M00290,HealthShop 290,Health,Hauts-de-France,0.0197,10,Samedi,Décembre,1,Morning,1,2024-12-07T10:43:55.000Z,2024-12-07,1733568235,Âge Moyen,0,9,12,188.70,2,0,5,405584,112.66,219.430000,-42.51,0,0
M00290,P02216,U00287,TX0117341,424.42,20241207104606,Grenoble,CARD,Health,59,18057.17,Grenoble,Budget,"[""Health""]",20240901,Essential Puzzle 2216,Toys,19.66,2.8,485,M00322,HealthShop 290,Health,Hauts-de-France,0.0197,10,Samedi,Décembre,1,Morning,1,2024-12-07T10:46:06.000Z,2024-12-07,1733568366,Âge Moyen,1,10,12,613.12,2,0,0,131,0.04,209.066667,103.01,1,0
M00095,P04087,U00287,TX0081419,187.08,20241221122933,Lyon,CARD,Health,59,18057.17,Grenoble,Budget,"[""Health""]",20240901,Classic Massage Gun 4087,Health,204.27,3.9,83,M00095,VitalShop 95,Health,Ile-de-France,0.0826,12,Samedi,Décembre,1,Afternoon,1,2024-12-21T12:29:33.000Z,2024-12-21,1734784173,Âge Moyen,0,11,12,187.08,1,0,14,1215807,337.72,230.602000,-18.87,0,0
M00320,P05758,U00287,TX0007368,76.53,20241227232329,Grenoble,PAYPAL,Health,59,18057.17,Grenoble,Budget,"[""Health""]",20240901,Pro Scale 5758,Health,75.31,2.3,88,M00320,HealthShop 320,Health,Auvergne-Rhône-Alpes,0.0775,23,Vendredi,Décembre,0,Night,0,2024-12-27T23:23:29.000Z,2024-12-27,1735341809,Âge Moyen,0,12,12,263.61,2,0,6,557636,154.9,226.645455,-66.23,1,0
M00106,P05035,U00294,TX0102442,181.88,20240804031235,Reims,CARD,Health,42,27867.57,Reims,Standard,"[""Clothing"",""Health"",""Food""]",20250804,Standard Scale 5035,Health,182.51,3.9,805,M00106,VitalShop 106,Health,Ile-de-France,0.0782,3,Dimanche,Août,1,Night,0,2024-08-04T03:12:35.000Z,2024-08-04,1722741155,Adulte,0,1,6,181.88,1,0,,,,,,1,0
M00445,P02294,U00294,TX0008059,79.80,20240823153958,Reims,BANK_TRANSFER,Food,42,27867.57,Reims,Standard,"[""Clothing"",""Health"",""Food""]",20250804,Premium Olive Oil 2294,Food,73.39,4.1,599,M00445,FoodHub 445,Food,Ile-de-France,0.078,15,Vendredi,Août,0,Afternoon,1,2024-08-23T15:39:58.000Z,2024-08-23,1724427598,Adulte,0,2,6,79.80,1,0,19,1686443,468.46,181.880000,-56.12,0,0
M00101,P01931,U00294,TX0027876,1496.44,20240826180446,Reims,BANK_TRANSFER,Automotive,42,27867.57,Reims,Standard,"[""Clothing"",""Health"",""Food""]",20250804,Essential Car Parts 1931,Automotive,741.48,3.2,1161,M00101,AutoCenter 101,Automotive,Nouvelle-Aquitaine,0.0595,18,Lundi,Août,0,Evening,0,2024-08-26T18:04:46.000Z,2024-08-26,1724695486,Adulte,0,3,6,1576.24,2,0,3,267888,74.41,130.840000,1043.72,1,0
M00328,P02847,U00294,TX0100303,138.77,20241020211146,Reims,BANK_TRANSFER,Health,42,27867.57,Reims,Standard,"[""Clothing"",""Health"",""Food""]",20250804,Classic Thermometer 2847,Health,139.83,3.9,107,M00328,HealthHub 328,Health,,0.0874,21,Dimanche,Octobre,1,Evening,0,2024-10-20T21:11:46.000Z,2024-10-20,1729458706,Adulte,0,4,6,138.77,1,0,55,4763220,1323.12,586.040000,-76.32,0,0
M00159,P00122,U00294,TX0130380,32.77,20241022143708,Reims,BANK_TRANSFER,Health,42,27867.57,Reims,Standard,"[""Clothing"",""Health"",""Food""]",20250804,Classic Thermometer 122,Health,30.66,1.2,794,M00159,WellnessStore 159,Health,Auvergne-Rhône-Alpes,0.0569,14,Mardi,Octobre,0,Afternoon,1,2024-10-22T14:37:08.000Z,2024-10-22,1729607828,Adulte,0,5,6,171.54,2,0,2,149122,41.42,474.222500,-93.09,0,0
M00435,P03576,U00294,TX0049141,66.96,20241028144746,Nice,CASH,Food,42,27867.57,Reims,Standard,"[""Clothing"",""Health"",""Food""]",20250804,Classic Chocolate Box 3576,Food,68.93,4.6,340,M00435,FoodHub 435,Food,Auvergne-Rhône-Alpes,0.0394,14,Lundi,Octobre,0,Afternoon,1,2024-10-28T14:47:46.000Z,2024-10-28,1730126866,Adulte,0,6,6,99.73,2,0,6,519038,144.18,385.932000,-82.65,0,0
M00021,P04437,U00328,TX0074613,288.18,20240405104007,Montpellier,CASH,Toys,70,19143.74,Montpellier,Budget,"[""Books""]",20231030,Essential Puzzle 4437,Toys,157.72,3.6,950,M00021,KidsWorld 21,Toys,Auvergne-Rhône-Alpes,0.0925,10,Vendredi,Avril,0,Morning,1,2024-04-05T10:40:07.000Z,2024-04-05,1712313607,Senior,0,1,5,288.18,1,0,,,,,,0,0
M00581,P05680,U00328,TX0136589,252.61,20240411164349,Montpellier,PAYPAL,Sports,70,19143.74,Montpellier,Budget,"[""Books""]",20231030,Classic Running Shoes 5680,Sports,277.85,1.6,694,M00581,SportZone 581,Sports,Hauts-de-France,0.054,16,Jeudi,Avril,0,Afternoon,1,2024-04-11T16:43:49.000Z,2024-04-11,1712853829,Senior,0,2,5,540.79,2,0,6,540222,150.06,288.180000,-12.34,0,0
M00486,P04973,U00328,TX0080151,64.52,20240414222804,Montpellier,CARD,Books,70,19143.74,Montpellier,Budget,"[""Books""]",20231030,Standard Novel 4973,Books,61.51,2.6,1156,M00486,ReadMore 486,Books,Nouvelle-Aquitaine,0.0348,22,Dimanche,Avril,1,Night,0,2024-04-14T22:28:04.000Z,2024-04-14,1713133684,Senior,0,3,5,317.13,2,0,3,279855,77.74,270.395000,-76.14,1,0
M00218,P04432,U00328,TX0136164,10.81,20240510090224,Montpellier,CARD,Books,70,19143.74,Montpellier,Budget,"[""Books""]",20231030,Premium Cookbook 4432,Books,10.15,3.3,857,M00218,BookCorner 218,Books,Normandie,0.0168,9,Vendredi,Mai,0,Morning,1,2024-05-10T09:02:24.000Z,2024-05-10,1715331744,Senior,0,4,5,10.81,1,0,26,2198060,610.57,201.770000,-94.64,0,0
M00286,P05091,U00328,TX0067470,5.13,20240510171837,Montpellier,CASH,Books,70,19143.74,Montpellier,Budget,"[""Books""]",20231030,Essential Novel 5091,Books,5.42,2.6,522,M00286,BookCorner 286,Books,Pays de la Loire,0.0458,17,Vendredi,Mai,0,Afternoon,1,2024-05-10T17:18:37.000Z,2024-05-10,1715361517,Senior,0,5,5,15.94,1,0,0,29773,8.27,154.030000,-96.67,0,0
M00356,P03089,U00330,TX0137549,506.84,20240914072428,Rennes,PAYPAL,Sports,33,47897.79,Rennes,Standard,"[""Toys"",""Automotive"",""Books""]",20250430,Pro Yoga Mat 3089,Sports,515.61,3.4,497,M00356,SportHub 356,Sports,Normandie,0.0514,7,Samedi,Septembre,1,Morning,0,2024-09-14T07:24:28.000Z,2024-09-14,1726298668,Adulte,0,1,9,506.84,1,0,,,,,,0,0
M00059,P00926,U00330,TX0026679,1067.56,20240922200750,Rennes,PAYPAL,Automotive,33,47897.79,Rennes,Standard,"[""Toys"",""Automotive"",""Books""]",20250430,Pro Car Battery 926,Automotive,1040.49,4.7,535,M00059,AutoCenter 59,Automotive,Bretagne,0.0421,20,Dimanche,Septembre,1,Evening,0,2024-09-22T20:07:50.000Z,2024-09-22,1727035670,Adulte,0,2,9,1067.56,1,0,8,737002,204.72,506.840000,110.63,0,0
M00539,P04042,U00330,TX0063297,1475.58,20240930215454,Rennes,PAYPAL,Automotive,33,47897.79,Rennes,Standard,"[""Toys"",""Automotive"",""Books""]",20250430,Classic Dash Cam 4042,Automotive,1491.56,4.4,1052,M00539,AutoShop 539,Automotive,Ile-de-France,0.0499,21,Lundi,Septembre,0,Evening,0,2024-09-30T21:54:54.000Z,2024-09-30,1727733294,Adulte,0,3,9,1475.58,1,0,8,697624,193.78,787.200000,87.45,0,0
M00174,P04703,U00330,TX0052625,75.67,20241020000756,Rennes,PAYPAL,Toys,33,47897.79,Rennes,Standard,"[""Toys"",""Automotive"",""Books""]",20250430,Pro Doll 4703,Toys,68.6,2.5,173,M00174,KidsWorld 174,Toys,Grand Est,0.0261,0,Dimanche,Octobre,1,Night,0,2024-10-20T00:07:56.000Z,2024-10-20,1729382876,Adulte,0,4,9,75.67,1,0,20,1649582,458.22,1016.660000,-92.56,1,0
M00142,P05880,U00330,TX0014743,8.25,20241025220132,Rennes,PAYPAL,Toys,33,47897.79,Rennes,Standard,"[""Toys"",""Automotive"",""Books""]",20250430,Premium Doll 5880,Toys,7.88,4.2,1162,M00142,KidsWorld 142,Toys,Bretagne,0.0683,22,Vendredi,Octobre,0,Night,0,2024-10-25T22:01:32.000Z,2024-10-25,1729893692,Adulte,0,5,9,83.92,2,0,5,510816,141.89,781.412500,-98.94,1,0
M00021,P04437,U00330,TX0093630,298.05,20241030093714,Rennes,CRYPTO,Toys,33,47897.79,Rennes,Standard,"[""Toys"",""Automotive"",""Books""]",20250430,Essential Puzzle 4437,Toys,157.72,3.6,950,M00021,KidsWorld 21,Toys,Auvergne-Rhône-Alpes,0.0925,9,Mercredi,Octobre,0,Morning,1,2024-10-30T09:37:14.000Z,2024-10-30,1730281034,Adulte,0,6,9,306.30,2,0,5,387342,107.6,626.780000,-52.45,1,0
M00210,P04749,U00330,TX0019950,48.51,20241108075002,Lille,PAYPAL,Books,33,47897.79,Rennes,Standard,"[""Toys"",""Automotive"",""Books""]",20250430,Pro Cookbook 4749,Books,50.04,3.0,1085,M00210,BookCorner 210,Books,Pays de la Loire,0.0407,7,Vendredi,Novembre,0,Morning,0,2024-11-08T07:50:02.000Z,2024-11-08,1731052202,Adulte,0,7,9,48.51,1,0,9,771168,214.21,571.991667,-91.52,0,0
M00456,P04318,U00330,TX0105375,934.95,20241122135836,Lille,CASH,Automotive,33,47897.79,Rennes,Standard,"[""Toys"",""Automotive"",""Books""]",20250430,Standard Dash Cam 4318,Automotive,863.94,2.8,116,M00456,AutoShop 456,Automotive,Nouvelle-Aquitaine,0.0162,13,Vendredi,Novembre,0,Afternoon,1,2024-11-22T13:58:36.000Z,2024-11-22,1732283916,Adulte,0,8,9,934.95,1,0,14,1231714,342.14,497.208571,88.04,0,0
M00100,P02805,U00330,TX0097541,147.31,20241125204457,Rennes,CASH,Clothing,33,47897.79,Rennes,Standard,"[""Toys"",""Automotive"",""Books""]",20250430,Essential Jacket 2805,Clothing,139.33,2.3,1072,M00100,StyleShop 100,Clothing,Hauts-de-France,0.0211,20,Lundi,Novembre,0,Evening,0,2024-11-25T20:44:57.000Z,2024-11-25,1732567497,Adulte,0,9,9,1082.26,2,0,3,283581,78.77,551.926250,-73.31,0,0
M00433,P02283,U00367,TX0111834,134.20,20250109192042,Rennes,BANK_TRANSFER,Automotive,85,79368.58,Rennes,VIP,"[""Automotive""]",20240614,Classic Oil Filter 2283,Automotive,135.2,3.1,1159,M00433,AutoShop 433,Automotive,Grand Est,0.0138,19,Jeudi,Janvier,0,Evening,0,2025-01-09T19:20:42.000Z,2025-01-09,1736450442,Senior,0,1,18,134.20,1,0,,,,,,0,0
M00540,P04362,U00367,TX0066561,43.36,20250115102355,Rennes,CASH,Books,85,79368.58,Rennes,VIP,"[""Automotive""]",20240614,Classic Atlas 4362,Books,47.64,2.9,690,M00540,ReadMore 540,Books,Auvergne-Rhône-Alpes,0.0661,10,Mercredi,Janvier,0,Morning,1,2025-01-15T10:23:55.000Z,2025-01-15,1736936635,Senior,0,2,18,177.56,2,0,6,486193,135.05,134.200000,-67.69,0,0
M00531,P02986,U00367,TX0013352,268.81,20250120101203,Rennes,CASH,Electronics,85,79368.58,Rennes,VIP,"[""Automotive""]",20240614,Essential Tablet 2986,Electronics,263.94,3.6,871,M00531,GadgetShop 531,Electronics,Occitanie,0.0851,10,Lundi,Janvier,0,Morning,1,2025-01-20T10:12:03.000Z,2025-01-20,1737367923,Senior,0,3,18,312.17,2,0,5,431288,119.8,88.780000,202.78,0,0
M00020,P02724,U00367,TX0081646,109.88,20250121064234,Rennes,BANK_TRANSFER,Health,85,79368.58,Rennes,VIP,"[""Automotive""]",20240614,Premium Massage Gun 2724,Health,109.53,3.5,695,M00020,VitalShop 20,Health,Provence-Alpes-Côte d'Azur,0.0547,6,Mardi,Janvier,0,Morning,0,2025-01-21T06:42:34.000Z,2025-01-21,1737441754,Senior,0,4,18,422.05,3,0,1,73831,20.51,148.790000,-26.15,0,0
M00176,P00762,U00367,TX0009694,75.50,20250124181359,Rennes,PAYPAL,Toys,85,79368.58,Rennes,VIP,"[""Automotive""]",20240614,Essential Toy Car 762,Toys,81.81,4.1,889,M00176,ToyHub 176,Toys,Occitanie,0.0117,18,Vendredi,Janvier,0,Evening,0,2025-01-24T18:13:59.000Z,2025-01-24,1737742439,Senior,0,5,18,454.19,3,0,3,300685,83.52,139.062500,-45.71,0,0
M00515,P02013,U00367,TX0100804,24.81,20250127205550,Rennes,CASH,Books,85,79368.58,Rennes,VIP,"[""Automotive""]",20240614,Elite Biography 2013,Books,26.56,5.0,27,M00515,BookCorner 515,Books,Grand Est,0.0258,20,Lundi,Janvier,0,Evening,0,2025-01-27T20:55:50.000Z,2025-01-27,1738011350,Senior,0,6,18,210.19,3,0,3,268911,74.7,126.350000,-80.36,0,0
M00196,P04542,U00367,TX0081621,1467.97,20250131190123,Rennes,CASH,Automotive,85,79368.58,Rennes,VIP,"[""Automotive""]",20240614,Essential Tyre Set 4542,Automotive,1547.74,4.5,666,M00196,MotorHub 196,Automotive,Auvergne-Rhône-Alpes,0.0558,19,Vendredi,Janvier,0,Evening,0,2025-01-31T19:01:23.000Z,2025-01-31,1738350083,Senior,0,7,18,1492.78,2,0,4,338733,94.09,109.426667,1241.51,1,0
M00382,P04217,U00367,TX0076242,763.47,20250503030502,Rennes,CASH,Automotive,85,79368.58,Rennes,VIP,"[""Automotive""]",20240614,Classic Roof Rack 4217,Automotive,784.28,2.7,931,M00382,AutoShop 382,Automotive,Nouvelle-Aquitaine,0.0389,3,Samedi,Mai,1,Night,0,2025-05-03T03:05:02.000Z,2025-05-03,1746241502,Senior,0,8,18,763.47,1,0,92,7891419,2192.06,303.504286,151.55,1,0
M00041,P05225,U00367,TX0077812,2091.00,20250505210342,Rennes,CASH,Automotive,85,79368.58,Rennes,VIP,"[""Automotive""]",20240614,Premium Car Parts 5225,Automotive,1115.48,2.6,510,M00041,AutoCenter 41,Automotive,Nouvelle-Aquitaine,0.0171,21,Lundi,Mai,0,Evening,0,2025-05-05T21:03:42.000Z,2025-05-05,1746479022,Senior,0,9,18,2854.47,2,0,2,237520,65.98,361.000000,479.22,1,0
M00544,P04883,U00367,TX0070152,262.10,20250516184728,Rennes,CASH,Automotive,85,79368.58,Rennes,VIP,"[""Automotive""]",20240614,Premium Dash Cam 4883,Automotive,265.48,2.7,748,M00544,AutoCenter 544,Automotive,Occitanie,0.0282,18,Vendredi,Mai,0,Evening,0,2025-05-16T18:47:28.000Z,2025-05-16,1747421248,Senior,0,10,18,262.10,1,0,11,942226,261.73,553.222222,-52.62,0,0
M00160,P04196,U00367,TX0124780,2576.29,20250525181632,Rennes,CASH,Automotive,85,79368.58,Rennes,VIP,"[""Automotive""]",20240614,Pro Tyre Set 4196,Automotive,1418.81,3.3,480,M00160,AutoCenter 160,Automotive,Ile-de-France,0.0642,18,Dimanche,Mai,1,Evening,0,2025-05-25T18:16:32.000Z,2025-05-25,1748196992,Senior,0,11,18,2576.29,1,0,9,775744,215.48,524.110000,391.56,1,0
M00444,P01213,U00367,TX0089320,499.42,20250526160516,Rennes,CASH,Automotive,85,79368.58,Rennes,VIP,"[""Automotive""]",20240614,Pro Dash Cam 1213,Automotive,541.19,3.4,880,M00444,AutoCenter 444,Automotive,Auvergne-Rhône-Alpes,0.0521,16,Lundi,Mai,0,Afternoon,1,2025-05-26T16:05:16.000Z,2025-05-26,1748275516,Senior,0,12,18,3075.71,2,0,1,78524,21.81,710.671818,-29.73,0,0
M00099,P03481,U00367,TX0031313,1020.96,20250603135807,Rennes,PAYPAL,Automotive,85,79368.58,Rennes,VIP,"[""Automotive""]",20240614,Standard Tyre Set 3481,Automotive,983.92,4.3,435,M00099,AutoCenter 99,Automotive,Ile-de-France,0.0664,13,Mardi,Juin,0,Afternoon,1,2025-06-03T13:58:07.000Z,2025-06-03,1748959087,Senior,0,13,18,1020.96,1,0,8,683571,189.88,693.067500,47.31,0,0
M00041,P01625,U00367,TX0035471,226.71,20250603145458,Rennes,CASH,Automotive,85,79368.58,Rennes,VIP,"[""Automotive""]",20240614,Pro Tyre Set 1625,Automotive,216.18,2.6,318,M00041,AutoCenter 41,Automotive,Nouvelle-Aquitaine,0.0171,14,Mardi,Juin,0,Afternoon,1,2025-06-03T14:54:58.000Z,2025-06-03,1748962498,Senior,0,14,18,1247.67,1,0,0,3411,0.95,718.290000,-68.44,0,0
M00251,P03952,U00367,TX0025544,30.49,20250611064442,Rennes,CASH,Automotive,85,79368.58,Rennes,VIP,"[""Automotive""]",20240614,Elite Roof Rack 3952,Automotive,32.67,2.7,393,M00251,CarParts 251,Automotive,Auvergne-Rhône-Alpes,0.0682,6,Mercredi,Juin,0,Morning,0,2025-06-11T06:44:42.000Z,2025-06-11,1749624282,Senior,0,15,18,30.49,1,0,8,661784,183.83,683.177143,-95.54,0,0
M00466,P05854,U00367,TX0071400,2144.84,20250615135227,Rennes,CASH,Electronics,85,79368.58,Rennes,VIP,"[""Automotive""]",20240614,Essential Camera 5854,Electronics,2000.78,3.5,138,M00466,TechStore 466,Electronics,Nouvelle-Aquitaine,0.0409,13,Dimanche,Juin,1,Afternoon,1,2025-06-15T13:52:27.000Z,2025-06-15,1749995547,Senior,0,16,18,2175.33,2,0,4,371265,103.13,639.664667,235.31,0,0
M00223,P01874,U00367,TX0029669,523.46,20250627150629,Paris,CASH,Automotive,85,79368.58,Rennes,VIP,"[""Automotive""]",20240614,Premium Car Battery 1874,Automotive,483.81,3.1,78,M00223,AutoShop 223,Automotive,Ile-de-France,0.0833,15,Vendredi,Juin,0,Afternoon,1,2025-06-27T15:06:29.000Z,2025-06-27,1751036789,Senior,0,17,18,523.46,1,0,12,1041242,289.23,733.738125,-28.66,0,0
M00277,P03123,U00367,TX0060955,1592.09,20250628054505,Rennes,PAYPAL,Automotive,85,79368.58,Rennes,VIP,"[""Automotive""]",20240614,Essential Oil Filter 3123,Automotive,1564.75,4.3,1051,M00277,AutoShop 277,Automotive,Occitanie,0.0299,5,Samedi,Juin,1,Night,0,2025-06-28T05:45:05.000Z,2025-06-28,1751089505,Senior,0,18,18,2115.55,2,0,1,52716,14.64,721.368824,120.70,1,0
M00413,P02278,U00370,TX0042862,1672.98,20240309235749,Marseille,CASH,Automotive,16,75078.38,Marseille,Premium,"[""Home & Garden"",""Electronics""]",20231113,Premium Car Battery 2278,Automotive,1548.16,3.1,280,M00413,AutoCenter 413,Automotive,Occitanie,0.0275,23,Samedi,Mars,1,Night,0,2024-03-09T23:57:49.000Z,2024-03-09,1710028669,Jeune,0,1,5,1672.98,1,0,,,,,,1,0
M00054,P02759,U00370,TX0088424,619.35,20240316085043,Marseille,CARD,Electronics,16,75078.38,Marseille,Premium,"[""Home & Garden"",""Electronics""]",20231113,Pro Laptop 2759,Electronics,574.01,2.5,768,M00054,ElectroWorld 54,Electronics,Nouvelle-Aquitaine,0.0114,8,Samedi,Mars,1,Morning,0,2024-03-16T08:50:43.000Z,2024-03-16,1710579043,Jeune,0,2,5,2292.33,2,0,7,550374,152.88,1672.980000,-62.98,0,0
M00122,P03180,U00370,TX0052848,671.41,20240523175127,Marseille,CRYPTO,Electronics,16,75078.38,Marseille,Premium,"[""Home & Garden"",""Electronics""]",20231113,Standard Laptop 3180,Electronics,357.28,3.9,682,M00122,ElectroWorld 122,Electronics,Auvergne-Rhône-Alpes,0.0557,17,Jeudi,Mai,0,Afternoon,1,2024-05-23T17:51:27.000Z,2024-05-23,1716486687,Jeune,0,3,5,671.41,1,0,68,5907644,1641.01,1146.165000,-41.42,1,0
M00448,P00394,U00370,TX0108581,1431.16,20240524071619,Marseille,CASH,Electronics,16,75078.38,Marseille,Premium,"[""Home & Garden"",""Electronics""]",20231113,Standard Laptop 394,Electronics,650.96,3.5,813,M00448,GadgetShop 448,Electronics,Pays de la Loire,0.0614,7,Vendredi,Mai,0,Morning,0,2024-05-24T07:16:19.000Z,2024-05-24,1716534979,Jeune,0,4,5,2102.57,2,0,1,48292,13.41,987.913333,44.87,0,0
M00509,P04270,U00370,TX0053785,201.40,20240529081150,Marseille,BANK_TRANSFER,Beauty,16,75078.38,Marseille,Premium,"[""Home & Garden"",""Electronics""]",20231113,Essential Serum 4270,Beauty,100.76,3.7,477,M00509,BeautyCorner 509,Beauty,Occitanie,0.0737,8,Mercredi,Mai,0,Morning,0,2024-05-29T08:11:50.000Z,2024-05-29,1716970310,Jeune,0,5,5,2303.97,3,0,5,435331,120.93,1098.725000,-81.67,0,0
M00263,P05226,U00379,TX0039793,183.25,20241018055734,Nîmes,CARD,Health,35,25965.74,Nîmes,Budget,"[""Automotive""]",20231018,Premium Blood Monitor 5226,Health,185.13,3.5,247,M00263,VitalShop 263,Health,Grand Est,0.0408,5,Vendredi,Octobre,0,Night,0,2024-10-18T05:57:34.000Z,2024-10-18,1729231054,Adulte,0,1,2,183.25,1,0,,,,,,1,0
M00432,P00277,U00379,TX0048431,1183.47,20241130101932,Nîmes,CARD,Automotive,35,25965.74,Nîmes,Budget,"[""Automotive""]",20231018,Pro Tyre Set 277,Automotive,1092.07,4.8,868,M00432,MotorHub 432,Automotive,Occitanie,0.054,10,Samedi,Novembre,1,Morning,1,2024-11-30T10:19:32.000Z,2024-11-30,1732961972,Adulte,0,2,2,1183.47,1,0,43,3730918,1036.37,183.250000,545.82,1,0
M00229,P02102,U00383,TX0134530,397.57,20250821194326,Lyon,CARD,Electronics,17,21964.4,Lyon,Budget,"[""Food"",""Electronics""]",20231225,Essential Smart TV 2102,Electronics,373.29,2.9,748,M00229,GadgetShop 229,Electronics,Provence-Alpes-Côte d'Azur,0.0813,19,Jeudi,Août,0,Evening,0,2025-08-21T19:43:26.000Z,2025-08-21,1755805406,Jeune,0,1,2,397.57,1,0,,,,,,0,0
M00524,P01607,U00383,TX0027693,78.10,20251029202736,Lyon,BANK_TRANSFER,Food,17,21964.4,Lyon,Budget,"[""Food"",""Electronics""]",20231225,Pro Coffee Pack 1607,Food,84.45,3.4,171,M00524,GourmetShop 524,Food,Bretagne,0.0973,20,Mercredi,Octobre,0,Evening,0,2025-10-29T20:27:36.000Z,2025-10-29,1761769656,Jeune,0,2,2,78.10,1,0,69,5964250,1656.74,397.570000,-80.36,0,0
M00090,P04715,U00399,TX0015282,122.10,20250116085030,Toulouse,CASH,Books,77,41175.28,Toulouse,Premium,"[""Home & Garden"",""Clothing"",""Sports""]",20230715,Pro Biography 4715,Books,60.53,4.5,49,M00090,BookHaven 90,Books,Normandie,0.0209,8,Jeudi,Janvier,0,Morning,0,2025-01-16T08:50:30.000Z,2025-01-16,1737017430,Senior,0,1,8,122.10,1,0,,,,,,0,0
M00003,P00612,U00399,TX0082082,31.59,20250124090122,Toulouse,CRYPTO,Health,77,41175.28,Toulouse,Premium,"[""Home & Garden"",""Clothing"",""Sports""]",20230715,Standard Blood Monitor 612,Health,34.53,3.8,887,M00003,VitalShop 3,Health,Ile-de-France,0.0173,9,Vendredi,Janvier,0,Morning,1,2025-01-24T09:01:22.000Z,2025-01-24,1737709282,Senior,0,2,8,31.59,1,0,8,691852,192.18,122.100000,-74.13,1,0
M00340,P02154,U00399,TX0023985,355.92,20250127161724,Toulouse,CASH,Sports,77,41175.28,Toulouse,Premium,"[""Home & Garden"",""Clothing"",""Sports""]",20230715,Premium Dumbbells 2154,Sports,352.2,4.9,206,M00340,SportZone 340,Sports,Ile-de-France,0.0293,16,Lundi,Janvier,0,Afternoon,1,2025-01-27T16:17:24.000Z,2025-01-27,1737994644,Senior,0,3,8,387.51,2,0,3,285362,79.27,76.845000,363.17,1,0
M00224,P05609,U00399,TX0086838,450.03,20250129195217,Le Havre,CARD,Automotive,77,41175.28,Toulouse,Premium,"[""Home & Garden"",""Clothing"",""Sports""]",20230715,Essential Roof Rack 5609,Automotive,456.99,3.4,86,M00224,MotorHub 224,Automotive,Ile-de-France,0.0646,19,Mercredi,Janvier,0,Evening,0,2025-01-29T19:52:17.000Z,2025-01-29,1738180337,Senior,0,4,8,837.54,3,0,2,185693,51.58,169.870000,164.93,0,0
M00275,P04346,U00399,TX0119016,1036.44,20250507000421,Toulouse,CASH,Sports,77,41175.28,Toulouse,Premium,"[""Home & Garden"",""Clothing"",""Sports""]",20230715,Premium Yoga Mat 4346,Sports,348.63,4.8,406,M00275,FitnessShop 275,Sports,Provence-Alpes-Côte d'Azur,0.0981,0,Mercredi,Mai,0,Night,0,2025-05-07T00:04:21.000Z,2025-05-07,1746576261,Senior,0,5,8,1036.44,1,0,98,8395924,2332.2,239.910000,332.01,2,1
M00035,P00708,U00399,TX0074986,617.79,20250509095735,Toulouse,PAYPAL,Sports,77,41175.28,Toulouse,Premium,"[""Home & Garden"",""Clothing"",""Sports""]",20230715,Pro Tennis Racket 708,Sports,299.86,1.7,199,M00035,ActiveWear 35,Sports,Hauts-de-France,0.0286,9,Vendredi,Mai,0,Morning,1,2025-05-09T09:57:35.000Z,2025-05-09,1746784655,Senior,0,6,8,1654.23,2,0,2,208394,57.89,399.216000,54.75,0,0
M00268,P00174,U00399,TX0113909,90.19,20250509204208,Toulouse,CASH,Toys,77,41175.28,Toulouse,Premium,"[""Home & Garden"",""Clothing"",""Sports""]",20230715,Pro Doll 174,Toys,89.15,2.5,117,M00268,KidsWorld 268,Toys,Bretagne,0.0338,20,Vendredi,Mai,0,Evening,0,2025-05-09T20:42:08.000Z,2025-05-09,1746823328,Senior,0,7,8,1744.42,2,0,0,38673,10.74,435.645000,-79.30,0,0
M00322,P04395,U00399,TX0100086,80.10,20250526220238,Toulouse,CASH,Toys,77,41175.28,Toulouse,Premium,"[""Home & Garden"",""Clothing"",""Sports""]",20230715,Pro Board Game 4395,Toys,85.42,4.0,348,M00322,ToyLand 322,Toys,Occitanie,0.0842,22,Lundi,Mai,0,Night,0,2025-05-26T22:02:38.000Z,2025-05-26,1748296958,Senior,0,8,8,80.10,1,0,17,1473630,409.34,386.294286,-79.26,1,0
M00579,P03870,U00417,TX0058813,301.03,20250503201307,Lyon,CARD,Beauty,46,26385.73,Lyon,Standard,"[""Beauty""]",20230507,Pro Shampoo 3870,Beauty,153.22,3.9,764,M00579,CosmeticHub 579,Beauty,Pays de la Loire,0.0656,20,Samedi,Mai,1,Evening,0,2025-05-03T20:13:07.000Z,2025-05-03,1746303187,Âge Moyen,0,1,10,301.03,1,0,,,,,,0,0
M00461,P03135,U00417,TX0021733,1010.04,20250506113626,Lyon,CARD,Sports,46,26385.73,Lyon,Standard,"[""Beauty""]",20230507,Standard Backpack 3135,Sports,479.29,4.7,1139,M00461,SportHub 461,Sports,Ile-de-France,0.0411,11,Mardi,Mai,0,Morning,1,2025-05-06T11:36:26.000Z,2025-05-06,1746531386,Âge Moyen,0,2,10,1311.07,2,0,3,228199,63.39,301.030000,235.53,0,0
M00431,P01648,U00417,TX0024786,98.99,20250508060116,Lyon,CARD,Beauty,46,26385.73,Lyon,Standard,"[""Beauty""]",20230507,Standard Face Cream 1648,Beauty,51.14,3.5,524,M00431,GlowShop 431,Beauty,Ile-de-France,0.0903,6,Jeudi,Mai,0,Morning,0,2025-05-08T06:01:16.000Z,2025-05-08,1746684076,Âge Moyen,0,3,10,1410.06,3,0,2,152690,42.41,655.535000,-84.90,0,0
M00274,P03245,U00417,TX0048655,54.44,20250511082238,Lyon,CARD,Toys,46,26385.73,Lyon,Standard,"[""Beauty""]",20230507,Standard Toy Car 3245,Toys,50.18,3.1,706,M00274,PlayShop 274,Toys,Normandie,0.0647,8,Dimanche,Mai,1,Morning,0,2025-05-11T08:22:38.000Z,2025-05-11,1746951758,Âge Moyen,0,4,10,1163.47,3,0,3,267682,74.36,470.020000,-88.42,0,0
M00492,P02004,U00417,TX0125104,9.53,20250516225736,Lyon,PAYPAL,Beauty,46,26385.73,Lyon,Standard,"[""Beauty""]",20230507,Premium Lipstick 2004,Beauty,10.09,2.4,1034,M00492,CosmeticHub 492,Beauty,Hauts-de-France,0.0761,22,Vendredi,Mai,0,Night,0,2025-05-16T22:57:36.000Z,2025-05-16,1747436256,Âge Moyen,0,5,10,63.97,2,0,5,484498,134.58,366.125000,-97.40,1,0
M00600,P00371,U00417,TX0041551,136.27,20250524125626,Lyon,CASH,Beauty,46,26385.73,Lyon,Standard,"[""Beauty""]",20230507,Elite Face Cream 371,Beauty,149.33,5.0,813,M00600,BeautyWorld 600,Beauty,Nouvelle-Aquitaine,0.0397,12,Samedi,Mai,1,Afternoon,1,2025-05-24T12:56:26.000Z,2025-05-24,1748091386,Âge Moyen,0,6,10,136.27,1,0,8,655130,181.98,294.806000,-53.78,0,0
M00265,P02082,U00417,TX0132657,87.14,20250528114723,Lyon,CARD,Beauty,46,26385.73,Lyon,Standard,"[""Beauty""]",20230507,Essential Nail Kit 2082,Beauty,80.3,3.3,1071,M00265,GlowShop 265,Beauty,Hauts-de-France,0.0787,11,Mercredi,Mai,0,Morning,1,2025-05-28T11:47:23.000Z,2025-05-28,1748432843,Âge Moyen,0,7,10,223.41,2,0,4,341457,94.85,268.383333,-67.53,0,0
M00201,P02893,U00417,TX0007362,55.16,20250815114326,Lyon,CARD,Beauty,46,26385.73,Lyon,Standard,"[""Beauty""]",20230507,Pro Lipstick 2893,Beauty,57.03,3.7,420,M00201,GlowShop 201,Beauty,Nouvelle-Aquitaine,0.0991,11,Vendredi,Août,0,Morning,1,2025-08-15T11:43:26.000Z,2025-08-15,1755258206,Âge Moyen,0,8,10,55.16,1,0,79,6825363,1895.93,242.491429,-77.25,0,0
M00176,P04878,U00417,TX0027720,145.06,20250825084449,Lyon,CARD,Toys,46,26385.73,Lyon,Standard,"[""Beauty""]",20230507,Pro Puzzle 4878,Toys,148.8,4.0,239,M00176,ToyHub 176,Toys,Occitanie,0.0117,8,Lundi,Août,0,Morning,0,2025-08-25T08:44:49.000Z,2025-08-25,1756111489,Âge Moyen,0,9,10,145.06,1,0,10,853283,237.02,219.075000,-33.79,0,0
M00334,P00783,U00417,TX0133406,10.35,20251117145834,Lyon,CARD,Beauty,46,26385.73,Lyon,Standard,"[""Beauty""]",20230507,Classic Nail Kit 783,Beauty,9.97,2.0,480,M00334,BeautyCorner 334,Beauty,Ile-de-France,0.0195,14,Lundi,Novembre,0,Afternoon,1,2025-11-17T14:58:34.000Z,2025-11-17,1763391514,Âge Moyen,0,10,10,10.35,1,0,84,7280025,2022.23,210.851111,-95.09,0,0
M00050,P02314,U00418,TX0127944,97.65,20250401170857,Nice,CARD,Beauty,46,46027.12,Nice,Standard,"[""Beauty""]",20230607,Pro Perfume 2314,Beauty,92.1,2.4,1071,M00050,CosmeticHub 50,Beauty,Provence-Alpes-Côte d'Azur,0.0187,17,Mardi,Avril,0,Afternoon,1,2025-04-01T17:08:57.000Z,2025-04-01,1743527337,Âge Moyen,0,1,6,97.65,1,0,,,,,,0,0
M00471,P02301,U00418,TX0034478,2601.64,20250404105255,Nice,BANK_TRANSFER,Automotive,46,46027.12,Nice,Standard,"[""Beauty""]",20230607,Classic Roof Rack 2301,Automotive,1273.71,4.0,233,M00471,AutoShop 471,Automotive,Auvergne-Rhône-Alpes,0.0342,10,Vendredi,Avril,0,Morning,1,2025-04-04T10:52:55.000Z,2025-04-04,1743763975,Âge Moyen,0,2,6,2699.29,2,0,3,236638,65.73,97.650000,2564.25,1,0
M00175,P01055,U00418,TX0078231,115.00,20250416223329,Nice,CARD,Clothing,46,46027.12,Nice,Standard,"[""Beauty""]",20230607,Classic Jacket 1055,Clothing,116.24,3.2,290,M00175,ClothingHub 175,Clothing,Auvergne-Rhône-Alpes,0.0781,22,Mercredi,Avril,0,Night,0,2025-04-16T22:33:29.000Z,2025-04-16,1744842809,Âge Moyen,0,3,6,115.00,1,0,12,1078834,299.68,1349.645000,-91.48,1,0
M00024,P03981,U00418,TX0112339,70.76,20250422051736,Paris,CARD,Health,46,46027.12,Nice,Standard,"[""Beauty""]",20230607,Essential Thermometer 3981,Health,74.24,3.7,951,M00024,HealthHub 24,Health,Auvergne-Rhône-Alpes,0.0871,5,Mardi,Avril,0,Night,0,2025-04-22T05:17:36.000Z,2025-04-22,1745299056,Âge Moyen,0,4,6,185.76,2,0,6,456247,126.74,938.096667,-92.46,1,0
M00040,P02948,U00418,TX0064575,142.14,20250425083958,Nice,CARD,Beauty,46,46027.12,Nice,Standard,"[""Beauty""]",20230607,Standard Perfume 2948,Beauty,135.37,3.6,569,M00040,CosmeticHub 40,Beauty,Grand Est,0.0267,8,Vendredi,Avril,0,Morning,0,2025-04-25T08:39:58.000Z,2025-04-25,1745570398,Âge Moyen,0,5,6,212.90,2,0,3,271342,75.37,721.262500,-80.29,0,0
M00189,P02133,U00418,TX0135146,131.38,20250615123737,Nice,CARD,Books,46,46027.12,Nice,Standard,"[""Beauty""]",20230607,Elite Atlas 2133,Books,61.86,4.2,536,M00189,ReadMore 189,Books,Occitanie,0.05,12,Dimanche,Juin,1,Afternoon,1,2025-06-15T12:37:37.000Z,2025-06-15,1749991057,Âge Moyen,0,6,6,131.38,1,0,51,4420659,1227.96,605.438000,-78.30,0,0
M00108,P02924,U00420,TX0034350,117.34,20250403170417,Nice,CASH,Health,27,79946.69,Nice,Premium,"[""Sports"",""Electronics""]",20240922,Classic Vitamins 2924,Health,118.24,4.0,556,M00108,HealthHub 108,Health,Ile-de-France,0.0723,17,Jeudi,Avril,0,Afternoon,1,2025-04-03T17:04:17.000Z,2025-04-03,1743699857,Adulte,0,1,8,117.34,1,0,,,,,,0,0
M00049,P02483,U00420,TX0046807,138.24,20250410133944,Nice,CARD,Sports,27,79946.69,Nice,Premium,"[""Sports"",""Electronics""]",20240922,Premium Yoga Mat 2483,Sports,132.86,4.3,831,M00049,ActiveWear 49,Sports,Auvergne-Rhône-Alpes,0.0341,13,Jeudi,Avril,0,Afternoon,1,2025-04-10T13:39:44.000Z,2025-04-10,1744292384,Adulte,0,2,8,255.58,2,0,7,592527,164.59,117.340000,17.81,0,0
M00023,P01063,U00420,TX0055446,29.81,20250427185625,Nice,CARD,Food,27,79946.69,Nice,Premium,"[""Sports"",""Electronics""]",20240922,Essential Cheese Platter 1063,Food,27.05,3.5,936,M00023,GourmetShop 23,Food,Bretagne,0.0684,18,Dimanche,Avril,1,Evening,0,2025-04-27T18:56:25.000Z,2025-04-27,1745780185,Adulte,0,3,8,29.81,1,0,17,1487801,413.28,127.790000,-76.67,0,0
M00592,P05317,U00420,TX0115731,2205.01,20251107173646,Nice,CARD,Electronics,27,79946.69,Nice,Premium,"[""Sports"",""Electronics""]",20240922,Essential Headphones 5317,Electronics,2058.72,4.3,348,M00592,ElectroWorld 592,Electronics,Bretagne,0.0139,17,Vendredi,Novembre,0,Afternoon,1,2025-11-07T17:36:46.000Z,2025-11-07,1762537006,Adulte,0,4,8,2205.01,1,0,194,16756821,4654.67,95.130000,2217.89,1,0
M00125,P03460,U00420,TX0102350,205.89,20251110160003,Nice,CARD,Home & Garden,27,79946.69,Nice,Premium,"[""Sports"",""Electronics""]",20240922,Classic Plant Pot 3460,Home & Garden,199.35,3.9,483,M00125,HomeStyle 125,Home & Garden,Hauts-de-France,0.0585,16,Lundi,Novembre,0,Afternoon,1,2025-11-10T16:00:03.000Z,2025-11-10,1762790403,Adulte,0,5,8,2410.90,2,0,3,253397,70.39,622.600000,-66.93,0,0
M00158,P01779,U00420,TX0097193,983.65,20251111211817,Nice,CARD,Electronics,27,79946.69,Nice,Premium,"[""Sports"",""Electronics""]",20240922,Elite Smart TV 1779,Electronics,959.34,3.2,251,M00158,ElectroWorld 158,Electronics,Nouvelle-Aquitaine,0.0131,21,Mardi,Novembre,0,Evening,0,2025-11-11T21:18:17.000Z,2025-11-11,1762895897,Adulte,0,6,8,3394.55,3,0,1,105494,29.3,539.258000,82.41,0,0
M00048,P03289,U00420,TX0112907,571.30,20251116203833,Nice,CARD,Sports,27,79946.69,Nice,Premium,"[""Sports"",""Electronics""]",20240922,Pro Yoga Mat 3289,Sports,539.15,4.4,170,M00048,ActiveWear 48,Sports,,0.0352,20,Dimanche,Novembre,1,Evening,0,2025-11-16T20:38:33.000Z,2025-11-16,1763325513,Adulte,0,7,8,1760.84,3,0,5,429616,119.34,613.323333,-6.85,0,0
M00309,P03505,U00420,TX0014811,365.35,20251125130302,Nice,CARD,Home & Garden,27,79946.69,Nice,Premium,"[""Sports"",""Electronics""]",20240922,Standard Garden Chair 3505,Home & Garden,352.08,2.3,691,M00309,GardenWorld 309,Home & Garden,Nouvelle-Aquitaine,0.097,13,Mardi,Novembre,0,Afternoon,1,2025-11-25T13:03:02.000Z,2025-11-25,1764075782,Adulte,0,8,8,365.35,1,0,9,750269,208.41,607.320000,-39.84,0,0
M00598,P02226,U00441,TX0107267,281.58,20250202185055,Nantes,CASH,Clothing,51,57351.66,Nantes,Standard,"[""Electronics""]",20240215,Pro Jacket 2226,Clothing,307.38,3.9,362,M00598,TrendyWear 598,Clothing,Hauts-de-France,0.0127,18,Dimanche,Février,1,Evening,0,2025-02-02T18:50:55.000Z,2025-02-02,1738522255,Âge Moyen,0,1,1,281.58,1,0,,,,,,0,0
M00043,P02015,U00444,TX0046347,78.18,20240106195535,Grenoble,CARD,Toys,59,64733.18,Grenoble,Premium,"[""Beauty"",""Health"",""Automotive""]",20241208,Elite Building Blocks 2015,Toys,84.68,5.0,899,M00043,ToyHub 43,Toys,Ile-de-France,0.0567,19,Samedi,Janvier,1,Evening,0,2024-01-06T19:55:35.000Z,2024-01-06,1704570935,Âge Moyen,0,1,9,78.18,1,0,,,,,,0,0
M00046,P05152,U00444,TX0097442,39.55,20240107225816,Grenoble,CARD,Health,59,64733.18,Grenoble,Premium,"[""Beauty"",""Health"",""Automotive""]",20241208,Premium First Aid Kit 5152,Health,35.4,1.5,1044,M00046,HealthHub 46,Health,Hauts-de-France,0.085,22,Dimanche,Janvier,1,Night,0,2024-01-07T22:58:16.000Z,2024-01-07,1704668296,Âge Moyen,0,2,9,117.73,2,0,1,97361,27.04,78.180000,-49.41,1,0
M00277,P04296,U00444,TX0120254,1046.98,20240119132123,Grenoble,CARD,Automotive,59,64733.18,Grenoble,Premium,"[""Beauty"",""Health"",""Automotive""]",20241208,Premium Dash Cam 4296,Automotive,528.89,1.9,697,M00277,AutoShop 277,Automotive,Occitanie,0.0299,13,Vendredi,Janvier,0,Afternoon,1,2024-01-19T13:21:23.000Z,2024-01-19,1705670483,Âge Moyen,0,3,9,1046.98,1,0,12,1002187,278.39,58.865000,1678.61,1,0
M00017,P04836,U00444,TX0023200,99.02,20240130161933,Grenoble,CASH,Beauty,59,64733.18,Grenoble,Premium,"[""Beauty"",""Health"",""Automotive""]",20241208,Pro Perfume 4836,Beauty,103.38,3.3,234,M00017,BeautyCorner 17,Beauty,Occitanie,0.0365,16,Mardi,Janvier,0,Afternoon,1,2024-01-30T16:19:33.000Z,2024-01-30,1706631573,Âge Moyen,0,4,9,99.02,1,0,11,961090,266.97,388.236667,-74.49,0,0
M00328,P02847,U00444,TX0037982,298.46,20240131000953,Grenoble,CARD,Health,59,64733.18,Grenoble,Premium,"[""Beauty"",""Health"",""Automotive""]",20241208,Classic Thermometer 2847,Health,139.83,3.9,107,M00328,HealthHub 328,Health,,0.0874,0,Mercredi,Janvier,0,Night,0,2024-01-31T00:09:53.000Z,2024-01-31,1706659793,Âge Moyen,0,5,9,397.48,2,0,1,28220,7.84,315.932500,-5.53,1,0
M00254,P02162,U00444,TX0097643,24.43,20241001235215,Grenoble,CASH,Beauty,59,64733.18,Grenoble,Premium,"[""Beauty"",""Health"",""Automotive""]",20241208,Essential Perfume 2162,Beauty,22.84,2.8,105,M00254,BeautyWorld 254,Beauty,Nouvelle-Aquitaine,0.0942,23,Mardi,Octobre,0,Night,0,2024-10-01T23:52:15.000Z,2024-10-01,1727826735,Âge Moyen,0,6,9,24.43,1,0,244,21166942,5879.71,312.438000,-92.18,1,0
M00341,P04480,U00444,TX0043585,97.39,20241010173126,Grenoble,CARD,Beauty,59,64733.18,Grenoble,Premium,"[""Beauty"",""Health"",""Automotive""]",20241208,Elite Nail Kit 4480,Beauty,105.42,3.1,761,M00341,BeautyCorner 341,Beauty,Pays de la Loire,0.0437,17,Jeudi,Octobre,0,Afternoon,1,2024-10-10T17:31:26.000Z,2024-10-10,1728581486,Âge Moyen,0,7,9,97.39,1,0,9,754751,209.65,264.436667,-63.17,0,0
M00363,P00965,U00444,TX0118220,81.98,20241012171539,Grenoble,CRYPTO,Beauty,59,64733.18,Grenoble,Premium,"[""Beauty"",""Health"",""Automotive""]",20241208,Standard Shampoo 965,Beauty,80.56,4.1,300,M00363,BeautyCorner 363,Beauty,Hauts-de-France,0.0323,17,Samedi,Octobre,1,Afternoon,1,2024-10-12T17:15:39.000Z,2024-10-12,1728753339,Âge Moyen,0,8,9,179.37,2,0,2,171853,47.74,240.572857,-65.92,1,0
M00190,P05440,U00444,TX0109463,28.49,20241015102924,Grenoble,CARD,Automotive,59,64733.18,Grenoble,Premium,"[""Beauty"",""Health"",""Automotive""]",20241208,Essential Dash Cam 5440,Automotive,30.03,2.2,877,M00190,MotorHub 190,Automotive,Provence-Alpes-Côte d'Azur,0.0469,10,Mardi,Octobre,0,Morning,1,2024-10-15T10:29:24.000Z,2024-10-15,1728988164,Âge Moyen,0,9,9,207.86,3,0,3,234825,65.23,220.748750,-87.09,0,0
M00057,P01558,U00454,TX0109985,104.10,20240120154617,Paris,PAYPAL,Sports,17,38015.85,Paris,Standard,"[""Health""]",20240929,Essential Backpack 1558,Sports,107.14,3.1,482,M00057,SportZone 57,Sports,Auvergne-Rhône-Alpes,0.0294,15,Samedi,Janvier,1,Afternoon,1,2024-01-20T15:46:17.000Z,2024-01-20,1705765577,Jeune,0,1,11,104.10,1,0,,,,,,0,0
M00256,P00075,U00454,TX0115480,142.94,20240215160734,Paris,BANK_TRANSFER,Health,17,38015.85,Paris,Standard,"[""Health""]",20240929,Premium Thermometer 75,Health,149.39,3.8,863,M00256,VitalShop 256,Health,Auvergne-Rhône-Alpes,0.0211,16,Jeudi,Février,0,Afternoon,1,2024-02-15T16:07:34.000Z,2024-02-15,1708013254,Jeune,0,2,11,142.94,1,0,26,2247677,624.35,104.100000,37.31,0,0
M00483,P03223,U00454,TX0045332,128.55,20240217202331,Reims,PAYPAL,Health,17,38015.85,Paris,Standard,"[""Health""]",20240929,Pro Vitamins 3223,Health,142.22,3.7,569,M00483,WellnessStore 483,Health,Nouvelle-Aquitaine,0.0838,20,Samedi,Février,1,Evening,0,2024-02-17T20:23:31.000Z,2024-02-17,1708201411,Jeune,0,3,11,271.49,2,0,2,188157,52.27,123.520000,4.07,0,0
M00115,P05110,U00454,TX0023835,16.20,20240223214924,Paris,PAYPAL,Health,17,38015.85,Paris,Standard,"[""Health""]",20240929,Premium First Aid Kit 5110,Health,15.76,4.3,674,M00115,WellnessStore 115,Health,Occitanie,0.043,21,Vendredi,Février,0,Evening,0,2024-02-23T21:49:24.000Z,2024-02-23,1708724964,Jeune,0,4,11,144.75,2,0,6,523553,145.43,125.196667,-87.06,0,0
M00076,P02209,U00454,TX0044795,191.85,20240224152353,Paris,PAYPAL,Health,17,38015.85,Paris,Standard,"[""Health""]",20240929,Standard Scale 2209,Health,202.93,3.5,67,M00076,HealthShop 76,Health,Pays de la Loire,0.0852,15,Samedi,Février,1,Afternoon,1,2024-02-24T15:23:53.000Z,2024-02-24,1708788233,Jeune,0,5,11,336.60,3,0,1,63269,17.57,97.947500,95.87,0,0
M00428,P00007,U00454,TX0041638,883.03,20240603140717,Paris,PAYPAL,Home & Garden,17,38015.85,Paris,Standard,"[""Health""]",20240929,Classic Lamp 7,Home & Garden,807.35,2.9,486,M00428,HomeCenter 428,Home & Garden,Nouvelle-Aquitaine,0.0486,14,Lundi,Juin,0,Afternoon,1,2024-06-03T14:07:17.000Z,2024-06-03,1717423637,Jeune,0,6,11,883.03,1,0,100,8635404,2398.72,116.728000,656.49,1,0
M00103,P00234,U00454,TX0088754,238.62,20240607135437,Paris,PAYPAL,Health,17,38015.85,Paris,Standard,"[""Health""]",20240929,Premium First Aid Kit 234,Health,213.88,3.5,257,M00103,WellnessStore 103,Health,Nouvelle-Aquitaine,0.0397,13,Vendredi,Juin,0,Afternoon,1,2024-06-07T13:54:37.000Z,2024-06-07,1717768477,Jeune,0,7,11,1121.65,2,0,4,344840,95.79,244.445000,-2.38,0,0
M00078,P04026,U00454,TX0121825,643.72,20240903181704,Paris,PAYPAL,Automotive,17,38015.85,Paris,Standard,"[""Health""]",20240929,Pro Roof Rack 4026,Automotive,667.25,4.3,1094,M00078,AutoShop 78,Automotive,Bretagne,0.0117,18,Mardi,Septembre,0,Evening,0,2024-09-03T18:17:04.000Z,2024-09-03,1725387424,Jeune,0,8,11,643.72,1,0,88,7618947,2116.37,243.612857,164.24,0,0
M00520,P02031,U00454,TX0136558,1905.11,20250201222353,Paris,PAYPAL,Electronics,17,38015.85,Paris,Standard,"[""Health""]",20240929,Elite Tablet 2031,Electronics,1001.7,4.7,556,M00520,TechStore 520,Electronics,Hauts-de-France,0.0951,22,Samedi,Février,1,Night,0,2025-02-01T22:23:53.000Z,2025-02-01,1738448633,Jeune,0,9,11,1905.11,1,0,151,13061209,3628.11,293.626250,548.82,2,1
M00291,P01473,U00454,TX0072356,868.01,20250205151307,Paris,PAYPAL,Electronics,17,38015.85,Paris,Standard,"[""Health""]",20240929,Pro Laptop 1473,Electronics,942.7,3.3,277,M00291,TechStore 291,Electronics,Occitanie,0.0973,15,Mercredi,Février,0,Afternoon,1,2025-02-05T15:13:07.000Z,2025-02-05,1738768387,Jeune,0,10,11,2773.12,2,0,4,319754,88.82,472.680000,83.64,0,0
M00350,P03264,U00454,TX0033408,109.87,20250219090252,Paris,PAYPAL,Health,17,38015.85,Paris,Standard,"[""Health""]",20240929,Elite Blood Monitor 3264,Health,111.78,2.9,171,M00350,HealthShop 350,Health,Hauts-de-France,0.0452,9,Mercredi,Février,0,Morning,1,2025-02-19T09:02:52.000Z,2025-02-19,1739955772,Jeune,0,11,11,109.87,1,0,14,1187385,329.83,512.213000,-78.55,0,0
M00122,P05156,U00461,TX0106252,479.63,20240408154819,Strasbourg,PAYPAL,Electronics,65,30638.74,Strasbourg,Standard,"[""Electronics""]",20231216,Classic Camera 5156,Electronics,444.43,1.6,695,M00122,ElectroWorld 122,Electronics,Auvergne-Rhône-Alpes,0.0557,15,Lundi,Avril,0,Afternoon,1,2024-04-08T15:48:19.000Z,2024-04-08,1712591299,Senior,0,1,9,479.63,1,0,,,,,,0,0
M00266,P03850,U00461,TX0025987,3962.13,20240414070822,Lyon,PAYPAL,Electronics,65,30638.74,Strasbourg,Standard,"[""Electronics""]",20231216,Premium Tablet 3850,Electronics,2093.98,5.0,327,M00266,ElectroWorld 266,Electronics,Normandie,0.0147,7,Dimanche,Avril,1,Morning,0,2024-04-14T07:08:22.000Z,2024-04-14,1713078502,Senior,0,2,9,4441.76,2,0,6,487203,135.33,479.630000,726.08,1,0
M00204,P05145,U00461,TX0017912,2081.17,20240414134507,Strasbourg,PAYPAL,Electronics,65,30638.74,Strasbourg,Standard,"[""Electronics""]",20231216,Elite Headphones 5145,Electronics,1925.7,5.0,273,M00204,DigitalHub 204,Electronics,Auvergne-Rhône-Alpes,0.0541,13,Dimanche,Avril,1,Afternoon,1,2024-04-14T13:45:07.000Z,2024-04-14,1713102307,Senior,0,3,9,6522.93,2,0,0,23805,6.61,2220.880000,-6.29,0,0
M00122,P05156,U00461,TX0050475,478.51,20240426034941,Strasbourg,PAYPAL,Electronics,65,30638.74,Strasbourg,Standard,"[""Electronics""]",20231216,Classic Camera 5156,Electronics,444.43,1.6,695,M00122,ElectroWorld 122,Electronics,Auvergne-Rhône-Alpes,0.0557,3,Vendredi,Avril,0,Night,0,2024-04-26T03:49:41.000Z,2024-04-26,1714103381,Senior,0,4,9,478.51,1,0,12,1001074,278.08,2174.310000,-77.99,1,0
M00292,P01167,U00461,TX0113078,2089.28,20240512123847,Strasbourg,CARD,Electronics,65,30638.74,Strasbourg,Standard,"[""Electronics""]",20231216,Standard Laptop 1167,Electronics,2011.94,4.1,631,M00292,GadgetShop 292,Electronics,Ile-de-France,0.0133,12,Dimanche,Mai,1,Afternoon,1,2024-05-12T12:38:47.000Z,2024-05-12,1715517527,Senior,0,5,9,2089.28,1,0,16,1414146,392.82,1750.360000,19.36,0,0
M00584,P02410,U00461,TX0130757,2119.32,20240516084334,Strasbourg,CARD,Electronics,65,30638.74,Strasbourg,Standard,"[""Electronics""]",20231216,Essential Smartphone 2410,Electronics,1920.72,4.8,180,M00584,GadgetShop 584,Electronics,Bretagne,0.0121,8,Jeudi,Mai,0,Morning,0,2024-05-16T08:43:34.000Z,2024-05-16,1715849014,Senior,0,6,9,4208.60,2,0,4,331487,92.08,1818.144000,16.57,0,0
M00374,P05043,U00461,TX0061265,392.37,20250204083604,Saint-Etienne,BANK_TRANSFER,Home & Garden,65,30638.74,Strasbourg,Standard,"[""Electronics""]",20231216,Elite Cookware Set 5043,Home & Garden,365.19,3.4,130,M00374,DecorShop 374,Home & Garden,Auvergne-Rhône-Alpes,0.0678,8,Mardi,Février,0,Morning,0,2025-02-04T08:36:04.000Z,2025-02-04,1738658164,Senior,0,7,9,392.37,1,0,264,22809150,6335.88,1868.340000,-79.00,0,0
M00463,P03675,U00461,TX0037612,233.95,20250211050450,Grenoble,CARD,Electronics,65,30638.74,Strasbourg,Standard,"[""Electronics""]",20231216,Elite Smartphone 3675,Electronics,221.84,3.3,1140,M00463,ElectroWorld 463,Electronics,Auvergne-Rhône-Alpes,0.0446,5,Mardi,Février,0,Night,0,2025-02-11T05:04:50.000Z,2025-02-11,1739250290,Senior,0,8,9,626.32,2,0,7,592126,164.48,1657.487143,-85.89,1,0
M00197,P00444,U00461,TX0053381,1383.05,20250228101508,Strasbourg,PAYPAL,Electronics,65,30638.74,Strasbourg,Standard,"[""Electronics""]",20231216,Standard Tablet 444,Electronics,1427.31,3.4,670,M00197,TechStore 197,Electronics,Ile-de-France,0.0487,10,Vendredi,Février,0,Morning,1,2025-02-28T10:15:08.000Z,2025-02-28,1740737708,Senior,0,9,9,1383.05,1,0,17,1487418,413.17,1479.545000,-6.52,0,0
M00082,P02486,U00464,TX0105923,504.44,20240906093331,Nice,CARD,Sports,36,53142.62,Nice,Standard,"[""Health"",""Clothing"",""Sports""]",20240906,Premium Dumbbells 2486,Sports,530.88,4.1,545,M00082,ActiveWear 82,Sports,Normandie,0.0366,9,Vendredi,Septembre,0,Morning,1,2024-09-06T09:33:31.000Z,2024-09-06,1725615211,Adulte,0,1,16,504.44,1,0,,,,,,0,0
M00049,P01562,U00464,TX0126451,140.98,20240912224440,Dijon,CARD,Sports,36,53142.62,Nice,Standard,"[""Health"",""Clothing"",""Sports""]",20240906,Essential Yoga Mat 1562,Sports,152.07,3.1,671,M00049,ActiveWear 49,Sports,Auvergne-Rhône-Alpes,0.0341,22,Jeudi,Septembre,0,Night,0,2024-09-12T22:44:40.000Z,2024-09-12,1726181080,Adulte,0,2,16,645.42,2,0,6,565869,157.19,504.440000,-72.05,1,0
M00294,P05173,U00464,TX0101511,22.99,20240916135507,Nice,CARD,Books,36,53142.62,Nice,Standard,"[""Health"",""Clothing"",""Sports""]",20240906,Elite Novel 5173,Books,24.68,2.0,729,M00294,ReadMore 294,Books,Pays de la Loire,0.0908,13,Lundi,Septembre,0,Afternoon,1,2024-09-16T13:55:07.000Z,2024-09-16,1726494907,Adulte,0,3,16,163.97,2,0,4,313827,87.17,322.710000,-92.88,0,0
M00035,P03993,U00464,TX0108584,461.02,20240929114324,Nice,CARD,Sports,36,53142.62,Nice,Standard,"[""Health"",""Clothing"",""Sports""]",20240906,Classic Backpack 3993,Sports,463.83,4.3,1086,M00035,ActiveWear 35,Sports,Hauts-de-France,0.0286,11,Dimanche,Septembre,1,Morning,1,2024-09-29T11:43:24.000Z,2024-09-29,1727610204,Adulte,0,4,16,461.02,1,0,13,1115297,309.8,222.803333,106.92,0,0
M00106,P01697,U00464,TX0081052,196.97,20240930122300,Nice,PAYPAL,Health,36,53142.62,Nice,Standard,"[""Health"",""Clothing"",""Sports""]",20240906,Standard First Aid Kit 1697,Health,176.82,4.8,28,M00106,VitalShop 106,Health,Ile-de-France,0.0782,12,Lundi,Septembre,0,Afternoon,1,2024-09-30T12:23:00.000Z,2024-09-30,1727698980,Adulte,0,5,16,657.99,2,0,1,88776,24.66,282.357500,-30.24,0,0
M00486,P02398,U00464,TX0003354,62.86,20250122114941,Nice,BANK_TRANSFER,Books,36,53142.62,Nice,Standard,"[""Health"",""Clothing"",""Sports""]",20240906,Essential Novel 2398,Books,59.69,2.8,142,M00486,ReadMore 486,Books,Nouvelle-Aquitaine,0.0348,11,Mercredi,Janvier,0,Morning,1,2025-01-22T11:49:41.000Z,2025-01-22,1737546581,Adulte,0,6,16,62.86,1,0,114,9847601,2735.44,265.280000,-76.30,0,0
M00541,P01091,U00464,TX0036981,829.08,20250127061401,Nice,BANK_TRANSFER,Home & Garden,36,53142.62,Nice,Standard,"[""Health"",""Clothing"",""Sports""]",20240906,Premium Plant Pot 1091,Home & Garden,810.29,2.1,654,M00541,HomeStyle 541,Home & Garden,Normandie,0.019,6,Lundi,Janvier,0,Morning,0,2025-01-27T06:14:01.000Z,2025-01-27,1737958441,Adulte,0,7,16,891.94,2,0,5,411860,114.41,231.543333,258.07,0,0
M00330,P04904,U00464,TX0052012,59.92,20250504164250,Nice,CARD,Books,36,53142.62,Nice,Standard,"[""Health"",""Clothing"",""Sports""]",20240906,Premium Cookbook 4904,Books,62.26,3.7,1108,M00330,LibraryShop 330,Books,Occitanie,0.089,16,Dimanche,Mai,1,Afternoon,1,2025-05-04T16:42:50.000Z,2025-05-04,1746376970,Adulte,0,8,16,59.92,1,0,97,8418529,2338.48,316.905714,-81.09,0,0
M00198,P02076,U00464,TX0099118,353.74,20250507173743,Nice,CARD,Sports,36,53142.62,Nice,Standard,"[""Health"",""Clothing"",""Sports""]",20240906,Elite Bicycle Helmet 2076,Sports,330.14,1.5,226,M00198,ActiveWear 198,Sports,Bretagne,0.0673,17,Mercredi,Mai,0,Afternoon,1,2025-05-07T17:37:43.000Z,2025-05-07,1746639463,Adulte,0,9,16,413.66,2,0,3,262493,72.91,284.782500,24.21,0,0
M00035,P04912,U00464,TX0032034,407.31,20250520184628,Nice,CASH,Sports,36,53142.62,Nice,Standard,"[""Health"",""Clothing"",""Sports""]",20240906,Essential Bicycle Helmet 4912,Sports,443.58,3.9,59,M00035,ActiveWear 35,Sports,Hauts-de-France,0.0286,18,Mardi,Mai,0,Evening,0,2025-05-20T18:46:28.000Z,2025-05-20,1747766788,Adulte,0,10,16,407.31,1,0,13,1127325,313.15,292.444444,39.28,0,0
M00364,P00058,U00464,TX0050764,241.93,20250603065116,Nice,CARD,Sports,36,53142.62,Nice,Standard,"[""Health"",""Clothing"",""Sports""]",20240906,Pro Dumbbells 58,Sports,224.45,4.0,831,M00364,FitnessShop 364,Sports,Ile-de-France,0.0123,6,Mardi,Juin,0,Morning,0,2025-06-03T06:51:16.000Z,2025-06-03,1748933476,Adulte,0,11,16,241.93,1,0,14,1166688,324.08,303.931000,-20.40,0,0
M00236,P00521,U00464,TX0045324,259.10,20250613231417,Nice,CRYPTO,Sports,36,53142.62,Nice,Standard,"[""Health"",""Clothing"",""Sports""]",20240906,Premium Tennis Racket 521,Sports,240.14,3.6,761,M00236,SportZone 236,Sports,Ile-de-France,0.0887,23,Vendredi,Juin,0,Night,0,2025-06-13T23:14:17.000Z,2025-06-13,1749856457,Adulte,0,12,16,259.10,1,0,10,922981,256.38,298.294545,-13.14,2,1
M00576,P00753,U00464,TX0064210,29.04,20250616232316,Nice,CASH,Books,36,53142.62,Nice,Standard,"[""Health"",""Clothing"",""Sports""]",20240906,Classic Textbook 753,Books,31.52,3.7,1005,M00576,ReadMore 576,Books,Ile-de-France,0.0266,23,Lundi,Juin,0,Night,0,2025-06-16T23:23:16.000Z,2025-06-16,1750116196,Adulte,0,13,16,288.14,2,0,3,259739,72.15,295.028333,-90.16,1,0
M00437,P04515,U00464,TX0115648,164.68,20250621025749,Nice,CARD,Health,36,53142.62,Nice,Standard,"[""Health"",""Clothing"",""Sports""]",20240906,Elite Vitamins 4515,Health,165.81,3.1,155,M00437,VitalShop 437,Health,Bretagne,0.0819,2,Samedi,Juin,1,Night,0,2025-06-21T02:57:49.000Z,2025-06-21,1750474669,Adulte,0,14,16,193.72,2,0,5,358473,99.58,274.567692,-40.02,1,0
M00482,P05537,U00464,TX0081907,534.47,20250907151426,Nice,BANK_TRANSFER,Sports,36,53142.62,Nice,Standard,"[""Health"",""Clothing"",""Sports""]",20240906,Premium Running Shoes 5537,Sports,520.85,4.9,966,M00482,SportZone 482,Sports,Nouvelle-Aquitaine,0.0241,15,Dimanche,Septembre,1,Afternoon,1,2025-09-07T15:14:26.000Z,2025-09-07,1757258066,Adulte,0,15,16,534.47,1,0,78,6783397,1884.28,266.718571,100.39,0,0
M00307,P03296,U00464,TX0002708,332.56,20250919175554,Nice,CARD,Sports,36,53142.62,Nice,Standard,"[""Health"",""Clothing"",""Sports""]",20240906,Premium Tennis Racket 3296,Sports,325.71,3.8,715,M00307,SportZone 307,Sports,Bretagne,0.0933,17,Vendredi,Septembre,0,Afternoon,1,2025-09-19T17:55:54.000Z,2025-09-19,1758304554,Adulte,0,16,16,332.56,1,0,12,1046488,290.69,284.568667,16.86,0,0
M00037,P02135,U00470,TX0081663,9.66,20240501084916,Bordeaux,BANK_TRANSFER,Books,60,42627.3,Bordeaux,Premium,"[""Books""]",20240831,Premium Atlas 2135,Books,9.63,2.7,403,M00037,ReadMore 37,Books,Auvergne-Rhône-Alpes,0.0929,8,Mercredi,Mai,0,Morning,0,2024-05-01T08:49:16.000Z,2024-05-01,1714553356,Âge Moyen,0,1,6,9.66,1,0,,,,,,0,0
M00226,P04639,U00470,TX0133764,28.95,20240504102557,Bordeaux,PAYPAL,Books,60,42627.3,Bordeaux,Premium,"[""Books""]",20240831,Essential Textbook 4639,Books,31.32,2.6,661,M00226,BookHaven 226,Books,Grand Est,0.0651,10,Samedi,Mai,1,Morning,1,2024-05-04T10:25:57.000Z,2024-05-04,1714818357,Âge Moyen,0,2,6,38.61,2,0,3,265001,73.61,9.660000,199.69,0,0
M00515,P03153,U00470,TX0136896,10.89,20240504141641,Bordeaux,CASH,Books,60,42627.3,Bordeaux,Premium,"[""Books""]",20240831,Standard Biography 3153,Books,11.87,2.7,739,M00515,BookCorner 515,Books,Grand Est,0.0258,14,Samedi,Mai,1,Afternoon,1,2024-05-04T14:16:41.000Z,2024-05-04,1714832201,Âge Moyen,0,3,6,49.50,2,0,0,13844,3.85,19.305000,-43.59,0,0
M00147,P02196,U00470,TX0017417,5.05,20240516084541,Bordeaux,CARD,Books,60,42627.3,Bordeaux,Premium,"[""Books""]",20240831,Essential Cookbook 2196,Books,4.98,3.8,78,M00147,ReadMore 147,Books,Nouvelle-Aquitaine,0.0843,8,Jeudi,Mai,0,Morning,0,2024-05-16T08:45:41.000Z,2024-05-16,1715849141,Âge Moyen,0,4,6,5.05,1,0,12,1016940,282.48,16.500000,-69.39,0,0
M00069,P03442,U00470,TX0053498,386.79,20240518160906,Bordeaux,CASH,Home & Garden,60,42627.3,Bordeaux,Premium,"[""Books""]",20240831,Classic Rug 3442,Home & Garden,407.97,3.3,228,M00069,DecorShop 69,Home & Garden,Pays de la Loire,0.0598,16,Samedi,Mai,1,Afternoon,1,2024-05-18T16:09:06.000Z,2024-05-18,1716048546,Âge Moyen,0,5,6,391.84,2,0,2,199405,55.39,13.637500,2736.22,1,0
M00218,P03090,U00470,TX0132281,15.86,20240524103003,Bordeaux,CASH,Books,60,42627.3,Bordeaux,Premium,"[""Books""]",20240831,Essential Biography 3090,Books,15.77,2.5,868,M00218,BookCorner 218,Books,Normandie,0.0168,10,Vendredi,Mai,0,Morning,1,2024-05-24T10:30:03.000Z,2024-05-24,1716546603,Âge Moyen,0,6,6,402.65,2,0,6,498057,138.35,88.268000,-82.03,0,0
M00142,P00233,U00472,TX0013305,81.71,20240319145809,Bordeaux,CARD,Toys,40,56300.3,Bordeaux,Standard,"[""Electronics"",""Health"",""Home & Garden""]",20250810,Elite Puzzle 233,Toys,29.11,2.8,1108,M00142,KidsWorld 142,Toys,Bretagne,0.0683,14,Mardi,Mars,0,Afternoon,1,2024-03-19T14:58:09.000Z,2024-03-19,1710860289,Adulte,0,1,8,81.71,1,0,,,,,,0,0
M00141,P00529,U00472,TX0125706,97.92,20240902202348,Bordeaux,BANK_TRANSFER,Food,40,56300.3,Bordeaux,Standard,"[""Electronics"",""Health"",""Home & Garden""]",20250810,Elite Tea Set 529,Food,47.4,3.6,425,M00141,FoodMart 141,Food,Auvergne-Rhône-Alpes,0.049,20,Lundi,Septembre,0,Evening,0,2024-09-02T20:23:48.000Z,2024-09-02,1725308628,Adulte,0,2,8,97.92,1,0,167,14448339,4013.43,81.710000,19.84,0,0
M00115,P05119,U00472,TX0131883,98.89,20240914152358,Bordeaux,BANK_TRANSFER,Health,40,56300.3,Bordeaux,Standard,"[""Electronics"",""Health"",""Home & Garden""]",20250810,Essential Blood Monitor 5119,Health,100.65,1.7,198,M00115,WellnessStore 115,Health,Occitanie,0.043,15,Samedi,Septembre,1,Afternoon,1,2024-09-14T15:23:58.000Z,2024-09-14,1726327438,Adulte,0,3,8,98.89,1,0,12,1018810,283.0,89.815000,10.10,0,0
M00566,P05776,U00472,TX0024325,240.04,20240922184141,Bordeaux,CASH,Electronics,40,56300.3,Bordeaux,Standard,"[""Electronics"",""Health"",""Home & Garden""]",20250810,Classic Camera 5776,Electronics,264.19,2.7,59,M00566,DigitalHub 566,Electronics,Hauts-de-France,0.0772,18,Dimanche,Septembre,1,Evening,0,2024-09-22T18:41:41.000Z,2024-09-22,1727030501,Adulte,0,4,8,240.04,1,0,8,703063,195.3,92.840000,158.55,0,0
M00473,P00977,U00472,TX0099470,567.53,20241007115649,Rennes,BANK_TRANSFER,Home & Garden,40,56300.3,Bordeaux,Standard,"[""Electronics"",""Health"",""Home & Garden""]",20250810,Pro Garden Chair 977,Home & Garden,574.51,4.6,1143,M00473,DecorShop 473,Home & Garden,Hauts-de-France,0.0951,11,Lundi,Octobre,0,Morning,1,2024-10-07T11:56:49.000Z,2024-10-07,1728302209,Adulte,0,5,8,567.53,1,0,15,1271708,353.25,129.640000,337.77,1,0
M00154,P01237,U00472,TX0019502,85.66,20241028092509,Bordeaux,BANK_TRANSFER,Health,40,56300.3,Bordeaux,Standard,"[""Electronics"",""Health"",""Home & Garden""]",20250810,Pro Massage Gun 1237,Health,79.65,3.6,1089,M00154,WellnessStore 154,Health,Provence-Alpes-Côte d'Azur,0.0522,9,Lundi,Octobre,0,Morning,1,2024-10-28T09:25:09.000Z,2024-10-28,1730107509,Adulte,0,6,8,85.66,1,0,21,1805300,501.47,217.218000,-60.56,0,0
M00310,P04259,U00472,TX0091336,381.67,20241119012325,Bordeaux,CRYPTO,Home & Garden,40,56300.3,Bordeaux,Standard,"[""Electronics"",""Health"",""Home & Garden""]",20250810,Premium Cookware Set 4259,Home & Garden,412.0,5.0,401,M00310,GardenWorld 310,Home & Garden,Occitanie,0.0808,1,Mardi,Novembre,0,Night,0,2024-11-19T01:23:25.000Z,2024-11-19,1731979405,Adulte,0,7,8,381.67,1,0,22,1871896,519.97,195.291667,95.44,2,1
M00304,P03765,U00472,TX0034550,504.00,20241129114841,Angers,BANK_TRANSFER,Sports,40,56300.3,Bordeaux,Standard,"[""Electronics"",""Health"",""Home & Garden""]",20250810,Classic Yoga Mat 3765,Sports,485.18,4.6,547,M00304,SportZone 304,Sports,Auvergne-Rhône-Alpes,0.0155,11,Vendredi,Novembre,0,Morning,1,2024-11-29T11:48:41.000Z,2024-11-29,1732880921,Adulte,0,8,8,504.00,1,0,10,901516,250.42,221.917143,127.11,0,0
M00473,P05739,U00476,TX0104664,23.12,20240608151619,Paris,PAYPAL,Home & Garden,56,40178.22,Paris,Standard,"[""Electronics"",""Clothing"",""Health""]",20250402,Classic Sofa 5739,Home & Garden,20.94,2.0,102,M00473,DecorShop 473,Home & Garden,Hauts-de-France,0.0951,15,Samedi,Juin,1,Afternoon,1,2024-06-08T15:16:19.000Z,2024-06-08,1717859779,Âge Moyen,0,1,13,23.12,1,0,,,,,,0,0
M00328,P05252,U00476,TX0002930,16.26,20240615151632,Paris,PAYPAL,Health,56,40178.22,Paris,Standard,"[""Electronics"",""Clothing"",""Health""]",20250402,Classic Vitamins 5252,Health,17.28,1.3,142,M00328,HealthHub 328,Health,,0.0874,15,Samedi,Juin,1,Afternoon,1,2024-06-15T15:16:32.000Z,2024-06-15,1718464592,Âge Moyen,0,2,13,16.26,1,0,7,604813,168.0,23.120000,-29.67,0,0
M00055,P01462,U00476,TX0057564,22.64,20240618111709,Paris,PAYPAL,Books,56,40178.22,Paris,Standard,"[""Electronics"",""Clothing"",""Health""]",20250402,Premium Cookbook 1462,Books,21.6,2.5,587,M00055,BookCorner 55,Books,Auvergne-Rhône-Alpes,0.0184,11,Mardi,Juin,0,Morning,1,2024-06-18T11:17:09.000Z,2024-06-18,1718709429,Âge Moyen,0,3,13,38.90,2,0,3,244837,68.01,19.690000,14.98,0,0
M00336,P00492,U00476,TX0096654,336.76,20240626205105,Bordeaux,PAYPAL,Electronics,56,40178.22,Paris,Standard,"[""Electronics"",""Clothing"",""Health""]",20250402,Pro Tablet 492,Electronics,309.25,2.7,849,M00336,TechStore 336,Electronics,Nouvelle-Aquitaine,0.0241,20,Mercredi,Juin,0,Evening,0,2024-06-26T20:51:05.000Z,2024-06-26,1719435065,Âge Moyen,0,4,13,336.76,1,0,8,725636,201.57,20.673333,1528.96,1,0
M00230,P05171,U00476,TX0070861,17.80,20240630134736,Lille,PAYPAL,Health,56,40178.22,Paris,Standard,"[""Electronics"",""Clothing"",""Health""]",20250402,Standard Vitamins 5171,Health,18.07,2.2,783,M00230,HealthShop 230,Health,Nouvelle-Aquitaine,0.014,13,Dimanche,Juin,1,Afternoon,1,2024-06-30T13:47:36.000Z,2024-06-30,1719755256,Âge Moyen,0,5,13,354.56,2,0,4,320191,88.94,99.695000,-82.15,0,0
M00122,P05389,U00476,TX0120798,978.79,20240806172254,Paris,PAYPAL,Electronics,56,40178.22,Paris,Standard,"[""Electronics"",""Clothing"",""Health""]",20250402,Standard Headphones 5389,Electronics,895.09,2.0,795,M00122,ElectroWorld 122,Electronics,Auvergne-Rhône-Alpes,0.0557,17,Mardi,Août,0,Afternoon,1,2024-08-06T17:22:54.000Z,2024-08-06,1722964974,Âge Moyen,0,6,13,978.79,1,0,37,3209718,891.59,83.316000,1074.79,1,0
M00413,P03575,U00476,TX0009615,45.20,20240816130331,Paris,CASH,Automotive,56,40178.22,Paris,Standard,"[""Electronics"",""Clothing"",""Health""]",20250402,Classic Car Battery 3575,Automotive,46.86,1.9,390,M00413,AutoCenter 413,Automotive,Occitanie,0.0275,13,Vendredi,Août,0,Afternoon,1,2024-08-16T13:03:31.000Z,2024-08-16,1723813411,Âge Moyen,0,7,13,45.20,1,0,10,848437,235.68,232.561667,-80.56,0,0
M00569,P03833,U00476,TX0070955,106.07,20240827095419,Paris,BANK_TRANSFER,Health,56,40178.22,Paris,Standard,"[""Electronics"",""Clothing"",""Health""]",20250402,Standard Scale 3833,Health,96.86,3.8,834,M00569,VitalShop 569,Health,Ile-de-France,0.0949,9,Mardi,Août,0,Morning,1,2024-08-27T09:54:19.000Z,2024-08-27,1724752459,Âge Moyen,0,8,13,106.07,1,0,11,939048,260.85,205.795714,-48.46,0,0
M00241,P04857,U00476,TX0004301,68.61,20240923105806,Paris,CRYPTO,Beauty,56,40178.22,Paris,Standard,"[""Electronics"",""Clothing"",""Health""]",20250402,Premium Nail Kit 4857,Beauty,75.16,3.3,900,M00241,CosmeticHub 241,Beauty,Provence-Alpes-Côte d'Azur,0.0162,10,Lundi,Septembre,0,Morning,1,2024-09-23T10:58:06.000Z,2024-09-23,1727089086,Âge Moyen,0,9,13,68.61,1,0,27,2336627,649.06,193.330000,-64.51,1,0
M00522,P02360,U00476,TX0073258,464.46,20250104170218,Le Havre,PAYPAL,Home & Garden,56,40178.22,Paris,Standard,"[""Electronics"",""Clothing"",""Health""]",20250402,Pro Lamp 2360,Home & Garden,421.82,2.7,93,M00522,GardenWorld 522,Home & Garden,Auvergne-Rhône-Alpes,0.0203,17,Samedi,Janvier,1,Afternoon,1,2025-01-04T17:02:18.000Z,2025-01-04,1736010138,Âge Moyen,0,10,13,464.46,1,0,103,8921052,2478.07,179.472222,158.79,0,0
M00009,P03773,U00476,TX0028306,96.60,20250107210624,Paris,PAYPAL,Health,56,40178.22,Paris,Standard,"[""Electronics"",""Clothing"",""Health""]",20250402,Premium Massage Gun 3773,Health,88.79,3.7,1163,M00009,VitalShop 9,Health,Nouvelle-Aquitaine,0.0627,21,Mardi,Janvier,0,Evening,0,2025-01-07T21:06:24.000Z,2025-01-07,1736283984,Âge Moyen,0,11,13,561.06,2,0,3,273846,76.07,207.971000,-53.55,0,0
M00100,P01945,U00476,TX0113448,284.14,20250109225807,Paris,PAYPAL,Clothing,56,40178.22,Paris,Standard,"[""Electronics"",""Clothing"",""Health""]",20250402,Standard T-Shirt 1945,Clothing,292.17,4.7,515,M00100,StyleShop 100,Clothing,Hauts-de-France,0.0211,22,Jeudi,Janvier,0,Night,0,2025-01-09T22:58:07.000Z,2025-01-09,1736463487,Âge Moyen,0,12,13,845.20,3,0,2,179503,49.86,197.846364,43.62,1,0
M00547,P02966,U00476,TX0041786,102.26,20250127122803,Paris,CARD,Health,56,40178.22,Paris,Standard,"[""Electronics"",""Clothing"",""Health""]",20250402,Classic Scale 2966,Health,94.82,3.8,4,M00547,HealthShop 547,Health,Grand Est,0.0112,12,Lundi,Janvier,0,Afternoon,1,2025-01-27T12:28:03.000Z,2025-01-27,1737980883,Âge Moyen,0,13,13,102.26,1,0,18,1517396,421.5,205.037500,-50.13,0,0
M00554,P04626,U00478,TX0102987,1363.62,20240902152512,Paris,CASH,Automotive,22,117564.99,Paris,VIP,"[""Automotive""]",20250207,Essential Car Parts 4626,Automotive,712.67,2.9,313,M00554,MotorHub 554,Automotive,Auvergne-Rhône-Alpes,0.0458,15,Lundi,Septembre,0,Afternoon,1,2024-09-02T15:25:12.000Z,2024-09-02,1725290712,Jeune,0,1,40,1363.62,1,0,,,,,,0,0
M00525,P05757,U00478,TX0002550,635.12,20240908052329,Paris,CASH,Automotive,22,117564.99,Paris,VIP,"[""Automotive""]",20250207,Essential Car Battery 5757,Automotive,698.74,4.1,405,M00525,AutoShop 525,Automotive,Bretagne,0.0879,5,Dimanche,Septembre,1,Night,0,2024-09-08T05:23:29.000Z,2024-09-08,1725773009,Jeune,0,2,40,1998.74,2,0,6,482297,133.97,1363.620000,-53.42,1,0
M00525,P04243,U00478,TX0008100,1072.12,20240909190621,Paris,CASH,Automotive,22,117564.99,Paris,VIP,"[""Automotive""]",20250207,Pro Car Battery 4243,Automotive,1033.12,2.8,239,M00525,AutoShop 525,Automotive,Bretagne,0.0879,19,Lundi,Septembre,0,Evening,0,2024-09-09T19:06:21.000Z,2024-09-09,1725908781,Jeune,0,3,40,1707.24,2,0,1,135772,37.71,999.370000,7.28,0,0
M00471,P05766,U00478,TX0019567,673.81,20240915073446,Paris,CASH,Automotive,22,117564.99,Paris,VIP,"[""Automotive""]",20250207,Elite Car Parts 5766,Automotive,612.79,3.6,141,M00471,AutoShop 471,Automotive,Auvergne-Rhône-Alpes,0.0342,7,Dimanche,Septembre,1,Morning,0,2024-09-15T07:34:46.000Z,2024-09-15,1726385686,Jeune,0,4,40,1745.93,2,0,6,476905,132.47,1023.620000,-34.17,0,0
M00505,P01277,U00478,TX0017103,596.12,20240920171502,Paris,CASH,Automotive,22,117564.99,Paris,VIP,"[""Automotive""]",20250207,Classic Oil Filter 1277,Automotive,535.95,2.8,270,M00505,MotorHub 505,Automotive,Ile-de-France,0.0936,17,Vendredi,Septembre,0,Afternoon,1,2024-09-20T17:15:02.000Z,2024-09-20,1726852502,Jeune,0,5,40,1269.93,2,0,5,466816,129.67,936.167500,-36.32,0,0
M00041,P05225,U00478,TX0067067,1221.94,20240925100529,Paris,CASH,Automotive,22,117564.99,Paris,VIP,"[""Automotive""]",20250207,Premium Car Parts 5225,Automotive,1115.48,2.6,510,M00041,AutoCenter 41,Automotive,Nouvelle-Aquitaine,0.0171,10,Mercredi,Septembre,0,Morning,1,2024-09-25T10:05:29.000Z,2024-09-25,1727258729,Jeune,0,6,40,1818.06,2,0,5,406227,112.84,868.158000,40.75,0,0
M00083,P01804,U00478,TX0066450,854.22,20240930141652,Paris,PAYPAL,Automotive,22,117564.99,Paris,VIP,"[""Automotive""]",20250207,Essential Car Parts 1804,Automotive,833.24,3.8,230,M00083,MotorHub 83,Automotive,Bretagne,0.027,14,Lundi,Septembre,0,Afternoon,1,2024-09-30T14:16:52.000Z,2024-09-30,1727705812,Jeune,0,7,40,2076.16,2,0,5,447083,124.19,927.121667,-7.86,0,0
M00251,P04847,U00478,TX0118225,3704.39,20241002141223,Paris,CASH,Automotive,22,117564.99,Paris,VIP,"[""Automotive""]",20250207,Pro Roof Rack 4847,Automotive,1199.43,3.9,1067,M00251,CarParts 251,Automotive,Auvergne-Rhône-Alpes,0.0682,14,Mercredi,Octobre,0,Afternoon,1,2024-10-02T14:12:23.000Z,2024-10-02,1727878343,Jeune,0,8,40,4558.61,2,0,2,172531,47.93,916.707143,304.10,1,0
M00433,P04129,U00478,TX0007707,1026.06,20241009100222,Paris,CASH,Automotive,22,117564.99,Paris,VIP,"[""Automotive""]",20250207,Pro Car Parts 4129,Automotive,1023.03,3.0,38,M00433,AutoShop 433,Automotive,Grand Est,0.0138,10,Mercredi,Octobre,0,Morning,1,2024-10-09T10:02:22.000Z,2024-10-09,1728468142,Jeune,0,9,40,4730.45,2,0,7,589799,163.83,1265.167500,-18.90,0,0
M00519,P05561,U00478,TX0044862,204.32,20241009112104,Paris,CASH,Automotive,22,117564.99,Paris,VIP,"[""Automotive""]",20250207,Elite Car Battery 5561,Automotive,201.52,2.5,473,M00519,CarParts 519,Automotive,Occitanie,0.0351,11,Mercredi,Octobre,0,Morning,1,2024-10-09T11:21:04.000Z,2024-10-09,1728472864,Jeune,0,10,40,4934.77,2,0,0,4722,1.31,1238.600000,-83.50,0,0
M00074,P03673,U00478,TX0100824,116.09,20241016154735,Toulon,CASH,Clothing,22,117564.99,Paris,VIP,"[""Automotive""]",20250207,Classic Jacket 3673,Clothing,111.86,3.6,495,M00074,StyleShop 74,Clothing,Occitanie,0.0512,15,Mercredi,Octobre,0,Afternoon,1,2024-10-16T15:47:35.000Z,2024-10-16,1729093655,Jeune,0,11,40,116.09,1,0,7,620791,172.44,1135.172000,-89.77,0,0
M00398,P04372,U00478,TX0097033,53.51,20241017024810,Paris,CARD,Automotive,22,117564.99,Paris,VIP,"[""Automotive""]",20250207,Essential Roof Rack 4372,Automotive,58.77,3.3,1006,M00398,CarParts 398,Automotive,Bretagne,0.0858,2,Jeudi,Octobre,0,Night,0,2024-10-17T02:48:10.000Z,2024-10-17,1729133290,Jeune,0,12,40,169.60,2,0,1,39635,11.01,1042.528182,-94.87,1,0
M00596,P02017,U00478,TX0045730,557.77,20241022122653,Paris,PAYPAL,Home & Garden,22,117564.99,Paris,VIP,"[""Automotive""]",20250207,Elite Plant Pot 2017,Home & Garden,168.73,2.4,243,M00596,HomeCenter 596,Home & Garden,Normandie,0.0151,12,Mardi,Octobre,0,Afternoon,1,2024-10-22T12:26:53.000Z,2024-10-22,1729600013,Jeune,0,13,40,727.37,3,0,5,466723,129.65,960.110000,-41.91,0,0
M00505,P03522,U00478,TX0109807,686.59,20241027002833,Paris,CASH,Automotive,22,117564.99,Paris,VIP,"[""Automotive""]",20250207,Essential Roof Rack 3522,Automotive,756.53,4.2,594,M00505,MotorHub 505,Automotive,Ile-de-France,0.0936,0,Dimanche,Octobre,1,Night,0,2024-10-27T00:28:33.000Z,2024-10-27,1729988913,Jeune,0,14,40,1244.36,2,0,5,388900,108.03,929.160769,-26.11,1,0
M00059,P00861,U00478,TX0051675,611.88,20241028081720,Paris,CASH,Automotive,22,117564.99,Paris,VIP,"[""Automotive""]",20250207,Essential Oil Filter 861,Automotive,605.64,3.2,1068,M00059,AutoCenter 59,Automotive,Bretagne,0.0421,8,Lundi,Octobre,0,Morning,0,2024-10-28T08:17:20.000Z,2024-10-28,1730103440,Jeune,0,15,40,1856.24,3,0,1,114527,31.81,911.834286,-32.90,0,0
M00089,P01932,U00478,TX0092985,56.19,20241203114709,Montpellier,CARD,Books,22,117564.99,Paris,VIP,"[""Automotive""]",20250207,Essential Atlas 1932,Books,53.48,3.7,823,M00089,LibraryShop 89,Books,Auvergne-Rhône-Alpes,0.0371,11,Mardi,Décembre,0,Morning,1,2024-12-03T11:47:09.000Z,2024-12-03,1733226429,Jeune,0,16,40,56.19,1,0,36,3122989,867.5,891.837333,-93.70,0,0
M00128,P01185,U00478,TX0098100,67.87,20241203173828,Paris,CASH,Food,22,117564.99,Paris,VIP,"[""Automotive""]",20250207,,Food,64.15,3.5,1154,M00128,FoodHub 128,Food,Bretagne,0.0724,17,Mardi,Décembre,0,Afternoon,1,2024-12-03T17:38:28.000Z,2024-12-03,1733247508,Jeune,0,17,40,124.06,1,0,0,21079,5.86,839.609375,-91.92,0,0
M00149,P03693,U00478,TX0083761,3034.21,20241206181254,Paris,BANK_TRANSFER,Electronics,22,117564.99,Paris,VIP,"[""Automotive""]",20250207,Classic Headphones 3693,Electronics,1457.58,2.9,762,M00149,DigitalHub 149,Electronics,Normandie,0.0608,18,Vendredi,Décembre,0,Evening,0,2024-12-06T18:12:54.000Z,2024-12-06,1733508774,Jeune,0,18,40,3158.27,2,0,3,261266,72.57,794.212941,282.04,0,0
M00143,P01997,U00478,TX0102860,26.87,20241221115320,Paris,CARD,Automotive,22,117564.99,Paris,VIP,"[""Automotive""]",20250207,Essential Roof Rack 1997,Automotive,25.06,3.1,345,M00143,MotorHub 143,Automotive,Nouvelle-Aquitaine,0.0529,11,Samedi,Décembre,1,Morning,1,2024-12-21T11:53:20.000Z,2024-12-21,1734782000,Jeune,0,19,40,26.87,1,0,15,1273226,353.67,918.657222,-97.08,0,0
M00502,P02530,U00478,TX0054041,1173.50,20241222131512,Paris,BANK_TRANSFER,Automotive,22,117564.99,Paris,VIP,"[""Automotive""]",20250207,Premium Dash Cam 2530,Automotive,1178.95,2.8,1098,M00502,CarParts 502,Automotive,Bretagne,0.0543,13,Dimanche,Décembre,1,Afternoon,1,2024-12-22T13:15:12.000Z,2024-12-22,1734873312,Jeune,0,20,40,1200.37,2,0,1,91312,25.36,871.721053,34.62,0,0
M00599,P05660,U00478,TX0076393,32.00,20241227071408,Paris,CASH,Food,22,117564.99,Paris,VIP,"[""Automotive""]",20250207,Elite Pasta Box 5660,Food,30.94,3.7,446,M00599,GourmetShop 599,Food,Provence-Alpes-Côte d'Azur,0.0134,7,Vendredi,Décembre,0,Morning,0,2024-12-27T07:14:08.000Z,2024-12-27,1735283648,Jeune,0,21,40,1232.37,3,0,5,410336,113.98,886.810000,-96.39,0,0
M00444,P05779,U00478,TX0120112,1125.52,20250207053023,Paris,BANK_TRANSFER,Automotive,22,117564.99,Paris,VIP,"[""Automotive""]",20250207,Pro Car Battery 5779,Automotive,1081.75,3.4,731,M00444,AutoCenter 444,Automotive,Auvergne-Rhône-Alpes,0.0521,5,Vendredi,Février,0,Night,0,2025-02-07T05:30:23.000Z,2025-02-07,1738906223,Jeune,0,22,40,1125.52,1,0,42,3622575,1006.27,846.104762,33.02,1,0
M00251,P05903,U00478,TX0024984,844.00,20250212203034,Paris,CASH,Automotive,22,117564.99,Paris,VIP,"[""Automotive""]",20250207,Standard Car Parts 5903,Automotive,792.25,5.0,628,M00251,CarParts 251,Automotive,Auvergne-Rhône-Alpes,0.0682,20,Mercredi,Février,0,Evening,0,2025-02-12T20:30:34.000Z,2025-02-12,1739392234,Jeune,0,23,40,1969.52,2,0,5,486011,135.0,858.805455,-1.72,0,0
M00453,P00947,U00478,TX0135286,86.09,20250217195710,Paris,CARD,Health,22,117564.99,Paris,VIP,"[""Automotive""]",20250207,Classic Blood Monitor 947,Health,79.63,2.9,750,M00453,HealthHub 453,Health,Ile-de-France,0.0804,19,Lundi,Février,0,Evening,0,2025-02-17T19:57:10.000Z,2025-02-17,1739822230,Jeune,0,24,40,930.09,2,0,5,429996,119.44,858.161739,-89.97,0,0
M00224,P03430,U00478,TX0055638,515.64,20250222103413,Paris,CARD,Automotive,22,117564.99,Paris,VIP,"[""Automotive""]",20250207,Pro Oil Filter 3430,Automotive,572.14,2.0,709,M00224,MotorHub 224,Automotive,Ile-de-France,0.0646,10,Samedi,Février,1,Morning,1,2025-02-22T10:34:13.000Z,2025-02-22,1740220453,Jeune,0,25,40,601.73,2,0,5,398223,110.62,825.992083,-37.57,0,0
M00099,P01274,U00478,TX0135320,784.68,20250226192228,Paris,CASH,Automotive,22,117564.99,Paris,VIP,"[""Automotive""]",20250207,Standard Car Battery 1274,Automotive,847.06,4.1,118,M00099,AutoCenter 99,Automotive,Ile-de-France,0.0664,19,Mercredi,Février,0,Evening,0,2025-02-26T19:22:28.000Z,2025-02-26,1740597748,Jeune,0,26,40,1300.32,2,0,4,377295,104.8,813.578000,-3.55,0,0
M00426,P04027,U00478,TX0122871,124.58,20250227061705,Paris,CASH,Beauty,22,117564.99,Paris,VIP,"[""Automotive""]",20250207,Essential Serum 4027,Beauty,121.27,2.6,305,M00426,GlowShop 426,Beauty,Hauts-de-France,0.0966,6,Jeudi,Février,0,Morning,0,2025-02-27T06:17:05.000Z,2025-02-27,1740637025,Jeune,0,27,40,1424.90,3,0,1,39277,10.91,812.466538,-84.67,0,0
M00114,P04484,U00478,TX0059046,136.41,20250228184607,Paris,CASH,Automotive,22,117564.99,Paris,VIP,"[""Automotive""]",20250207,Pro Tyre Set 4484,Automotive,138.66,2.7,1192,M00114,AutoCenter 114,Automotive,Pays de la Loire,0.0133,18,Vendredi,Février,0,Evening,0,2025-02-28T18:46:07.000Z,2025-02-28,1740768367,Jeune,0,28,40,1561.31,4,0,1,131342,36.48,786.989259,-82.67,0,0
M00413,P05885,U00478,TX0067559,777.28,20250305142004,Dijon,CARD,Automotive,22,117564.99,Paris,VIP,"[""Automotive""]",20250207,Pro Car Battery 5885,Automotive,379.89,2.6,1085,M00413,AutoCenter 413,Automotive,Occitanie,0.0275,14,Mercredi,Mars,0,Afternoon,1,2025-03-05T14:20:04.000Z,2025-03-05,1741184404,Jeune,0,29,40,1822.95,4,0,5,416037,115.57,763.754286,1.77,0,0
M00241,P04418,U00478,TX0075100,129.70,20250305220624,Paris,CRYPTO,Beauty,22,117564.99,Paris,VIP,"[""Automotive""]",20250207,Pro Nail Kit 4418,Beauty,128.4,3.4,288,M00241,CosmeticHub 241,Beauty,Provence-Alpes-Côte d'Azur,0.0162,22,Mercredi,Mars,0,Night,0,2025-03-05T22:06:24.000Z,2025-03-05,1741212384,Jeune,0,30,40,1167.97,3,0,0,27980,7.77,764.220690,-83.03,2,1
M00143,P02068,U00478,TX0095768,669.47,20250312232535,Angers,CASH,Automotive,22,117564.99,Paris,VIP,"[""Automotive""]",20250207,Pro Dash Cam 2068,Automotive,607.9,4.3,545,M00143,MotorHub 143,Automotive,Nouvelle-Aquitaine,0.0529,23,Mercredi,Mars,0,Night,0,2025-03-12T23:25:35.000Z,2025-03-12,1741821935,Jeune,0,31,40,669.47,1,0,7,609551,169.32,743.070000,-9.90,1,0
M00510,P03087,U00478,TX0051392,64.79,20250314111817,Paris,CASH,Automotive,22,117564.99,Paris,VIP,"[""Automotive""]",20250207,Premium Roof Rack 3087,Automotive,33.69,3.6,875,M00510,MotorHub 510,Automotive,Bretagne,0.0681,11,Vendredi,Mars,0,Morning,1,2025-03-14T11:18:17.000Z,2025-03-14,1741951097,Jeune,0,32,40,734.26,2,0,2,129162,35.88,740.695806,-91.25,0,0
M00544,P01885,U00478,TX0015913,163.03,20250325171610,Paris,PAYPAL,Automotive,22,117564.99,Paris,VIP,"[""Automotive""]",20250207,Classic Roof Rack 1885,Automotive,180.69,2.7,1182,M00544,AutoCenter 544,Automotive,Occitanie,0.0282,17,Mardi,Mars,0,Afternoon,1,2025-03-25T17:16:10.000Z,2025-03-25,1742922970,Jeune,0,33,40,163.03,1,0,11,971873,269.96,719.573750,-77.34,0,0
M00190,P05089,U00478,TX0047637,675.78,20250326230940,Paris,CASH,Automotive,22,117564.99,Paris,VIP,"[""Automotive""]",20250207,Premium Tyre Set 5089,Automotive,728.48,3.1,841,M00190,MotorHub 190,Automotive,Provence-Alpes-Côte d'Azur,0.0469,23,Mercredi,Mars,0,Night,0,2025-03-26T23:09:40.000Z,2025-03-26,1743030580,Jeune,0,34,40,838.81,2,0,1,107610,29.89,702.708788,-3.83,1,0
M00100,P01083,U00478,TX0105267,287.45,20250501063201,Paris,BANK_TRANSFER,Clothing,22,117564.99,Paris,VIP,"[""Automotive""]",20250207,Elite Sneakers 1083,Clothing,262.77,4.9,174,M00100,StyleShop 100,Clothing,Hauts-de-France,0.0211,6,Jeudi,Mai,0,Morning,0,2025-05-01T06:32:01.000Z,2025-05-01,1746081121,Jeune,0,35,40,287.45,1,0,36,3050541,847.37,701.916765,-59.05,0,0
M00108,P02889,U00478,TX0031028,439.59,20250512233233,Paris,CASH,Health,22,117564.99,Paris,VIP,"[""Automotive""]",20250207,Classic Vitamins 2889,Health,197.82,4.2,1181,M00108,HealthHub 108,Health,Ile-de-France,0.0723,23,Lundi,Mai,0,Night,0,2025-05-12T23:32:33.000Z,2025-05-12,1747092753,Jeune,0,36,40,439.59,1,0,11,1011632,281.01,690.074857,-36.30,1,0
M00534,P02784,U00478,TX0079083,424.47,20250515233906,Paris,PAYPAL,Health,22,117564.99,Paris,VIP,"[""Automotive""]",20250207,Premium First Aid Kit 2784,Health,206.52,4.4,158,M00534,HealthShop 534,Health,Hauts-de-France,0.0555,23,Jeudi,Mai,0,Night,0,2025-05-15T23:39:06.000Z,2025-05-15,1747352346,Jeune,0,37,40,864.06,2,0,3,259593,72.11,683.116944,-37.86,1,0
M00095,P04087,U00478,TX0078937,192.55,20250520010451,Paris,CASH,Health,22,117564.99,Paris,VIP,"[""Automotive""]",20250207,Classic Massage Gun 4087,Health,204.27,3.9,83,M00095,VitalShop 95,Health,Ile-de-France,0.0826,1,Mardi,Mai,0,Night,0,2025-05-20T01:04:51.000Z,2025-05-20,1747703091,Jeune,0,38,40,617.02,2,0,5,350745,97.43,676.126486,-71.52,1,0
M00295,P04168,U00478,TX0017995,168.99,20250521005019,Paris,CASH,Automotive,22,117564.99,Paris,VIP,"[""Automotive""]",20250207,Pro Roof Rack 4168,Automotive,181.58,1.6,123,M00295,AutoCenter 295,Automotive,Nouvelle-Aquitaine,0.0172,0,Mercredi,Mai,0,Night,0,2025-05-21T00:50:19.000Z,2025-05-21,1747788619,Jeune,0,39,40,786.01,3,0,1,85528,23.76,663.400789,-74.53,1,0
M00418,P03779,U00478,TX0124661,118.65,20250530214047,Paris,CARD,Automotive,22,117564.99,Paris,VIP,"[""Automotive""]",20250207,Essential Dash Cam 3779,Automotive,53.01,1.5,13,M00418,AutoShop 418,Automotive,Grand Est,0.0839,21,Vendredi,Mai,0,Evening,0,2025-05-30T21:40:47.000Z,2025-05-30,1748641247,Jeune,0,40,40,118.65,1,0,9,852628,236.84,650.723590,-81.77,0,0
M00302,P00550,U00488,TX0052736,18.25,20240408200553,Montpellier,BANK_TRANSFER,Food,35,17939.26,Montpellier,Budget,"[""Food"",""Health""]",20230714,Classic Tea Set 550,Food,20.02,2.6,325,M00302,GourmetShop 302,Food,Ile-de-France,0.0405,20,Lundi,Avril,0,Evening,0,2024-04-08T20:05:53.000Z,2024-04-08,1712606753,Adulte,0,1,7,18.25,1,0,,,,,,0,0
M00141,P02200,U00488,TX0008581,44.32,20240426125838,Montpellier,CARD,Food,35,17939.26,Montpellier,Budget,"[""Food"",""Health""]",20230714,Essential Olive Oil 2200,Food,49.19,3.9,547,M00141,FoodMart 141,Food,Auvergne-Rhône-Alpes,0.049,12,Vendredi,Avril,0,Afternoon,1,2024-04-26T12:58:38.000Z,2024-04-26,1714136318,Adulte,0,2,7,44.32,1,0,18,1529565,424.88,18.250000,142.85,0,0
M00533,P04618,U00488,TX0015996,72.97,20240428102714,Montpellier,CASH,Toys,35,17939.26,Montpellier,Budget,"[""Food"",""Health""]",20230714,Classic Building Blocks 4618,Toys,74.53,3.3,901,M00533,ToyLand 533,Toys,Hauts-de-France,0.0203,10,Dimanche,Avril,1,Morning,1,2024-04-28T10:27:14.000Z,2024-04-28,1714300034,Adulte,0,3,7,117.29,2,0,2,163716,45.48,31.285000,133.24,0,0
M00524,P01607,U00488,TX0006923,178.16,20240531125639,Montpellier,CARD,Food,35,17939.26,Montpellier,Budget,"[""Food"",""Health""]",20230714,Pro Coffee Pack 1607,Food,84.45,3.4,171,M00524,GourmetShop 524,Food,Bretagne,0.0973,12,Vendredi,Mai,0,Afternoon,1,2024-05-31T12:56:39.000Z,2024-05-31,1717160199,Adulte,0,4,7,178.16,1,0,33,2860165,794.49,45.180000,294.33,0,0
M00324,P03657,U00488,TX0023589,57.19,20240805105740,Montpellier,CASH,Food,35,17939.26,Montpellier,Budget,"[""Food"",""Health""]",20230714,Essential Coffee Pack 3657,Food,17.36,4.4,111,M00324,FoodMart 324,Food,Grand Est,0.0257,10,Lundi,Août,0,Morning,1,2024-08-05T10:57:40.000Z,2024-08-05,1722855460,Adulte,0,5,7,57.19,1,0,66,5695261,1582.02,78.425000,-27.08,0,0
M00381,P02437,U00488,TX0114201,25.54,20240919190448,Montpellier,BANK_TRANSFER,Food,35,17939.26,Montpellier,Budget,"[""Food"",""Health""]",20230714,Standard Chocolate Box 2437,Food,24.33,3.9,670,M00381,FreshMarket 381,Food,Hauts-de-France,0.015,19,Jeudi,Septembre,0,Evening,0,2024-09-19T19:04:48.000Z,2024-09-19,1726772688,Adulte,0,6,7,25.54,1,0,45,3917228,1088.12,74.178000,-65.57,0,0
M00599,P01094,U00488,TX0004581,72.99,20250217230148,Nice,CARD,Food,35,17939.26,Montpellier,Budget,"[""Food"",""Health""]",20230714,Elite Tea Set 1094,Food,34.99,2.8,1047,M00599,GourmetShop 599,Food,Provence-Alpes-Côte d'Azur,0.0134,23,Lundi,Février,0,Night,0,2025-02-17T23:01:48.000Z,2025-02-17,1739833308,Adulte,0,7,7,72.99,1,0,151,13060620,3627.95,66.071667,10.47,1,0
M00191,P01005,U00493,TX0085423,4281.41,20241008153712,Angers,CARD,Automotive,61,27430.25,Angers,Standard,"[""Automotive"",""Books""]",20241210,Pro Tyre Set 1005,Automotive,1425.14,4.3,419,M00191,MotorHub 191,Automotive,Ile-de-France,0.0593,15,Mardi,Octobre,0,Afternoon,1,2024-10-08T15:37:12.000Z,2024-10-08,1728401832,Âge Moyen,0,1,8,4281.41,1,0,,,,,,0,0
M00022,P04914,U00493,TX0036631,14.76,20241025074603,Angers,CARD,Books,61,27430.25,Angers,Standard,"[""Automotive"",""Books""]",20241210,Essential Novel 4914,Books,14.6,1.8,633,M00022,ReadMore 22,Books,Auvergne-Rhône-Alpes,0.093,7,Vendredi,Octobre,0,Morning,0,2024-10-25T07:46:03.000Z,2024-10-25,1729842363,Âge Moyen,0,2,8,14.76,1,0,17,1440531,400.15,4281.410000,-99.66,0,0
M00456,P00958,U00493,TX0021174,612.33,20241102091500,Angers,CARD,Automotive,61,27430.25,Angers,Standard,"[""Automotive"",""Books""]",20241210,Standard Car Battery 958,Automotive,638.74,3.3,1033,M00456,AutoShop 456,Automotive,Nouvelle-Aquitaine,0.0162,9,Samedi,Novembre,1,Morning,1,2024-11-02T09:15:00.000Z,2024-11-02,1730538900,Âge Moyen,0,3,8,612.33,1,0,8,696537,193.48,2148.085000,-71.49,0,0
M00228,P01624,U00493,TX0017395,88.70,20241111134917,Angers,CARD,Toys,61,27430.25,Angers,Standard,"[""Automotive"",""Books""]",20241210,Standard Building Blocks 1624,Toys,83.99,3.6,655,M00228,PlayShop 228,Toys,Nouvelle-Aquitaine,0.044,13,Lundi,Novembre,0,Afternoon,1,2024-11-11T13:49:17.000Z,2024-11-11,1731332957,Âge Moyen,0,4,8,88.70,1,0,9,794057,220.57,1636.166667,-94.58,0,0
M00556,P00661,U00493,TX0019983,1360.94,20241128093759,Angers,PAYPAL,Electronics,61,27430.25,Angers,Standard,"[""Automotive"",""Books""]",20241210,Standard Tablet 661,Electronics,1363.64,2.9,23,M00556,ElectroWorld 556,Electronics,Normandie,0.0204,9,Jeudi,Novembre,0,Morning,1,2024-11-28T09:37:59.000Z,2024-11-28,1732786679,Âge Moyen,0,5,8,1360.94,1,0,17,1453722,403.81,1249.300000,8.94,0,0
M00540,P03340,U00493,TX0104210,29.89,20241220101154,Angers,CRYPTO,Books,61,27430.25,Angers,Standard,"[""Automotive"",""Books""]",20241210,Elite Comic Book 3340,Books,27.46,3.5,1007,M00540,ReadMore 540,Books,Auvergne-Rhône-Alpes,0.0661,10,Vendredi,Décembre,0,Morning,1,2024-12-20T10:11:54.000Z,2024-12-20,1734689514,Âge Moyen,0,6,8,29.89,1,0,22,1902835,528.57,1271.628000,-97.65,1,0
M00419,P04236,U00493,TX0048263,960.69,20241227110810,Angers,CARD,Automotive,61,27430.25,Angers,Standard,"[""Automotive"",""Books""]",20241210,Pro Car Battery 4236,Automotive,918.41,2.4,466,M00419,AutoCenter 419,Automotive,Occitanie,0.0757,11,Vendredi,Décembre,0,Morning,1,2024-12-27T11:08:10.000Z,2024-12-27,1735297690,Âge Moyen,0,7,8,960.69,1,0,7,608176,168.94,1064.671667,-9.77,0,0
M00177,P02801,U00493,TX0090321,58.26,20241228092442,Angers,CARD,Books,61,27430.25,Angers,Standard,"[""Automotive"",""Books""]",20241210,Elite Textbook 2801,Books,60.89,4.7,79,M00177,BookCorner 177,Books,Pays de la Loire,0.0801,9,Samedi,Décembre,1,Morning,1,2024-12-28T09:24:42.000Z,2024-12-28,1735377882,Âge Moyen,0,8,8,1018.95,2,0,1,80192,22.28,1049.817143,-94.45,0,0
M00124,P03267,U00497,TX0113585,134.12,20250904185652,Bordeaux,CARD,Health,32,31967.72,Bordeaux,Budget,"[""Health""]",20250215,Premium Massage Gun 3267,Health,138.16,4.3,856,M00124,WellnessStore 124,Health,Grand Est,0.0871,18,Jeudi,Septembre,0,Evening,0,2025-09-04T18:56:52.000Z,2025-09-04,1757012212,Adulte,0,1,3,134.12,1,0,,,,,,0,0
M00159,P03747,U00497,TX0031679,83.22,20250921223553,Bordeaux,CASH,Health,32,31967.72,Bordeaux,Budget,"[""Health""]",20250215,Standard Scale 3747,Health,81.78,3.0,551,M00159,WellnessStore 159,Health,Auvergne-Rhône-Alpes,0.0569,22,Dimanche,Septembre,1,Night,0,2025-09-21T22:35:53.000Z,2025-09-21,1758494153,Adulte,0,2,3,83.22,1,0,17,1481941,411.65,134.120000,-37.95,1,0
M00046,P05152,U00497,TX0115148,39.38,20251004114507,Bordeaux,CASH,Health,32,31967.72,Bordeaux,Budget,"[""Health""]",20250215,Premium First Aid Kit 5152,Health,35.4,1.5,1044,M00046,HealthHub 46,Health,Hauts-de-France,0.085,11,Samedi,Octobre,1,Morning,1,2025-10-04T11:45:07.000Z,2025-10-04,1759578307,Adulte,0,3,3,39.38,1,0,13,1084154,301.15,108.670000,-63.76,0,0
M00274,P00310,U00501,TX0124852,281.26,20250526063610,Paris,CARD,Toys,28,39639.15,Paris,Standard,"[""Toys""]",20250502,Classic Toy Car 310,Toys,138.63,4.9,473,M00274,PlayShop 274,Toys,Normandie,0.0647,6,Lundi,Mai,0,Morning,0,2025-05-26T06:36:10.000Z,2025-05-26,1748241370,Adulte,0,1,11,281.26,1,0,,,,,,0,0
M00349,P03419,U00501,TX0108251,93.42,20250704211122,Paris,PAYPAL,Toys,28,39639.15,Paris,Standard,"[""Toys""]",20250502,Premium Toy Car 3419,Toys,89.87,4.0,1046,M00349,PlayShop 349,Toys,Auvergne-Rhône-Alpes,0.0996,21,Vendredi,Juillet,0,Evening,0,2025-07-04T21:11:22.000Z,2025-07-04,1751663482,Adulte,0,2,11,93.42,1,0,39,3422112,950.59,281.260000,-66.79,0,0
M00551,P01594,U00501,TX0005751,149.04,20250727124421,Paris,CASH,Toys,28,39639.15,Paris,Standard,"[""Toys""]",20250502,Premium Action Figure 1594,Toys,154.12,4.7,822,M00551,ToyLand 551,Toys,Provence-Alpes-Côte d'Azur,0.085,12,Dimanche,Juillet,1,Afternoon,1,2025-07-27T12:44:21.000Z,2025-07-27,1753620261,Adulte,0,3,11,149.04,1,0,23,1956779,543.55,187.340000,-20.44,0,0
M00353,P00392,U00501,TX0017199,142.56,20250908112016,Paris,CARD,Toys,28,39639.15,Paris,Standard,"[""Toys""]",20250502,Classic Building Blocks 392,Toys,128.02,3.5,665,M00353,ToyHub 353,Toys,Auvergne-Rhône-Alpes,0.0558,11,Lundi,Septembre,0,Morning,1,2025-09-08T11:20:16.000Z,2025-09-08,1757330416,Adulte,0,4,11,142.56,1,0,43,3710155,1030.6,174.573333,-18.34,0,0
M00030,P02214,U00501,TX0045047,18.14,20250911161900,Paris,PAYPAL,Food,28,39639.15,Paris,Standard,"[""Toys""]",20250502,Elite Cheese Platter 2214,Food,19.55,1.9,660,M00030,FreshMarket 30,Food,Nouvelle-Aquitaine,0.0827,16,Jeudi,Septembre,0,Afternoon,1,2025-09-11T16:19:00.000Z,2025-09-11,1757607540,Adulte,0,5,11,160.70,2,0,3,277124,76.98,166.570000,-89.11,0,0
M00173,P04997,U00501,TX0115617,43.01,20250920194520,Paris,CRYPTO,Toys,28,39639.15,Paris,Standard,"[""Toys""]",20250502,Essential Doll 4997,Toys,46.05,3.0,394,M00173,PlayShop 173,Toys,Auvergne-Rhône-Alpes,0.0114,19,Samedi,Septembre,1,Evening,0,2025-09-20T19:45:20.000Z,2025-09-20,1758397520,Adulte,0,6,11,43.01,1,0,9,789980,219.44,136.884000,-68.58,1,0
M00142,P04110,U00501,TX0086424,144.19,20250921042051,Paris,CASH,Toys,28,39639.15,Paris,Standard,"[""Toys""]",20250502,Essential Action Figure 4110,Toys,143.74,5.0,1162,M00142,KidsWorld 142,Toys,Bretagne,0.0683,4,Dimanche,Septembre,1,Night,0,2025-09-21T04:20:51.000Z,2025-09-21,1758428451,Adulte,0,7,11,187.20,2,0,1,30931,8.59,121.238333,18.93,1,0
M00205,P00775,U00501,TX0013683,19.45,20250929084022,Paris,PAYPAL,Toys,28,39639.15,Paris,Standard,"[""Toys""]",20250502,Essential Toy Car 775,Toys,19.28,2.9,795,M00205,PlayShop 205,Toys,Occitanie,0.0271,8,Lundi,Septembre,0,Morning,0,2025-09-29T08:40:22.000Z,2025-09-29,1759135222,Adulte,0,8,11,19.45,1,0,8,706771,196.33,124.517143,-84.38,0,0
M00533,P04790,U00501,TX0003176,106.67,20251025105134,Paris,CARD,Toys,28,39639.15,Paris,Standard,"[""Toys""]",20250502,Essential Board Game 4790,Toys,113.42,2.4,597,M00533,ToyLand 533,Toys,Hauts-de-France,0.0203,10,Samedi,Octobre,1,Morning,1,2025-10-25T10:51:34.000Z,2025-10-25,1761389494,Adulte,0,9,11,106.67,1,0,26,2254272,626.19,111.383750,-4.23,0,0
M00142,P02938,U00501,TX0132587,54.11,20251208103116,Paris,PAYPAL,Toys,28,39639.15,Paris,Standard,"[""Toys""]",20250502,Premium Doll 2938,Toys,54.51,3.4,723,M00142,KidsWorld 142,Toys,Bretagne,0.0683,10,Lundi,Décembre,0,Morning,1,2025-12-08T10:31:16.000Z,2025-12-08,1765189876,Adulte,0,10,11,54.11,1,0,44,3800382,1055.66,110.860000,-51.19,0,0
M00111,P01408,U00501,TX0070974,89.18,20251216113122,Paris,BANK_TRANSFER,Toys,28,39639.15,Paris,Standard,"[""Toys""]",20250502,Classic Board Game 1408,Toys,84.28,3.5,833,M00111,ToyLand 111,Toys,Ile-de-France,0.0945,11,Mardi,Décembre,0,Morning,1,2025-12-16T11:31:22.000Z,2025-12-16,1765884682,Adulte,0,11,11,89.18,1,0,8,694806,193.0,105.185000,-15.22,0,0
M00338,P03343,U00520,TX0061974,51.45,20251007091459,Nantes,CARD,Books,73,100676.74,Nantes,Premium,"[""Books""]",20230917,Pro Atlas 3343,Books,46.17,3.5,343,M00338,BookHaven 338,Books,Normandie,0.0641,9,Mardi,Octobre,0,Morning,1,2025-10-07T09:14:59.000Z,2025-10-07,1759828499,Senior,0,1,8,51.45,1,0,,,,,,0,0
M00391,P02055,U00520,TX0086372,8.58,20251026190753,Nantes,BANK_TRANSFER,Books,73,100676.74,Nantes,Premium,"[""Books""]",20230917,Premium Comic Book 2055,Books,9.46,3.6,648,M00391,BookHaven 391,Books,Ile-de-France,0.0789,19,Dimanche,Octobre,1,Evening,0,2025-10-26T19:07:53.000Z,2025-10-26,1761505673,Senior,0,2,8,8.58,1,0,19,1677174,465.88,51.450000,-83.32,0,0
M00163,P04927,U00520,TX0085831,95.80,20251029113651,Nantes,BANK_TRANSFER,Books,73,100676.74,Nantes,Premium,"[""Books""]",20230917,Elite Comic Book 4927,Books,44.38,2.4,1156,M00163,LibraryShop 163,Books,Nouvelle-Aquitaine,0.0105,11,Mercredi,Octobre,0,Morning,1,2025-10-29T11:36:51.000Z,2025-10-29,1761737811,Senior,0,3,8,104.38,2,0,3,232138,64.48,30.015000,219.17,0,0
M00226,P01066,U00520,TX0123579,12.59,20251031140811,Nantes,BANK_TRANSFER,Books,73,100676.74,Nantes,Premium,"[""Books""]",20230917,Pro Cookbook 1066,Books,13.67,2.7,106,M00226,BookHaven 226,Books,Grand Est,0.0651,14,Vendredi,Octobre,0,Afternoon,1,2025-10-31T14:08:11.000Z,2025-10-31,1761919691,Senior,0,4,8,116.97,3,0,2,181880,50.52,51.943333,-75.76,0,0
M00447,P01609,U00520,TX0003209,31.98,20251203054255,Nantes,BANK_TRANSFER,Books,73,100676.74,Nantes,Premium,"[""Books""]",20230917,Premium Biography 1609,Books,32.39,2.2,333,M00447,BookCorner 447,Books,Provence-Alpes-Côte d'Azur,0.0344,5,Mercredi,Décembre,0,Night,0,2025-12-03T05:42:55.000Z,2025-12-03,1764740575,Senior,0,5,8,31.98,1,0,33,2820884,783.58,42.105000,-24.05,1,0
M00525,P05322,U00520,TX0092760,952.49,20251210140243,Nantes,BANK_TRANSFER,Automotive,73,100676.74,Nantes,Premium,"[""Books""]",20230917,Essential Dash Cam 5322,Automotive,1027.72,3.9,649,M00525,AutoShop 525,Automotive,Bretagne,0.0879,14,Mercredi,Décembre,0,Afternoon,1,2025-12-10T14:02:43.000Z,2025-12-10,1765375363,Senior,0,6,8,952.49,1,0,7,634788,176.33,40.080000,2276.47,1,0
M00399,P04874,U00520,TX0032346,190.00,20251215214756,Nantes,BANK_TRANSFER,Beauty,73,100676.74,Nantes,Premium,"[""Books""]",20230917,Essential Lipstick 4874,Beauty,85.03,4.3,772,M00399,BeautyWorld 399,Beauty,Hauts-de-France,0.0398,21,Lundi,Décembre,0,Evening,0,2025-12-15T21:47:56.000Z,2025-12-15,1765835276,Senior,0,7,8,1142.49,2,0,5,459913,127.75,192.148333,-1.12,0,0
M00177,P05274,U00520,TX0082713,52.54,20251226075121,Nantes,PAYPAL,Books,73,100676.74,Nantes,Premium,"[""Books""]",20230917,Pro Comic Book 5274,Books,52.1,4.5,230,M00177,BookCorner 177,Books,Pays de la Loire,0.0801,7,Vendredi,Décembre,0,Morning,0,2025-12-26T07:51:21.000Z,2025-12-26,1766735481,Senior,0,8,8,52.54,1,0,11,900205,250.06,191.841429,-72.61,0,0
M00163,P02523,U00522,TX0104373,24.72,20240402193512,Lyon,CARD,Books,48,25588.67,Lyon,Budget,"[""Books""]",20230202,Classic Biography 2523,Books,26.49,4.5,940,M00163,LibraryShop 163,Books,Nouvelle-Aquitaine,0.0105,19,Mardi,Avril,0,Evening,0,2024-04-02T19:35:12.000Z,2024-04-02,1712086512,Âge Moyen,0,1,4,24.72,1,0,,,,,,0,0
M00007,P03302,U00522,TX0029704,174.65,20240418013417,Reims,CRYPTO,Books,48,25588.67,Lyon,Budget,"[""Books""]",20230202,Standard Atlas 3302,Books,17.54,1.4,115,M00007,BookHaven 7,Books,Occitanie,0.0889,1,Jeudi,Avril,0,Night,0,2024-04-18T01:34:17.000Z,2024-04-18,1713404057,Âge Moyen,0,2,4,174.65,1,0,16,1317545,365.98,24.720000,606.51,3,1
M00007,P03302,U00522,TX0029987,17.56,20240418155720,Le Havre,CARD,Books,48,25588.67,Lyon,Budget,"[""Books""]",20230202,Standard Atlas 3302,Books,17.54,1.4,115,M00007,BookHaven 7,Books,Occitanie,0.0889,15,Jeudi,Avril,0,Afternoon,1,2024-04-18T15:57:20.000Z,2024-04-18,1713455840,Âge Moyen,0,3,4,192.21,1,0,0,51783,14.38,99.685000,-82.38,0,0
M00391,P05793,U00522,TX0005863,67.40,20240812211135,Lyon,BANK_TRANSFER,Books,48,25588.67,Lyon,Budget,"[""Books""]",20230202,Elite Cookbook 5793,Books,63.19,4.9,0,M00391,BookHaven 391,Books,Ile-de-France,0.0789,21,Lundi,Août,0,Evening,0,2024-08-12T21:11:35.000Z,2024-08-12,1723497095,Âge Moyen,0,4,4,67.40,1,0,116,10041255,2789.24,72.310000,-6.79,0,0
M00175,P04314,U00527,TX0084463,183.82,20250510114143,Paris,BANK_TRANSFER,Clothing,75,59454.8,Paris,Premium,"[""Clothing"",""Home & Garden""]",20250617,Premium Sneakers 4314,Clothing,171.46,3.3,226,M00175,ClothingHub 175,Clothing,Auvergne-Rhône-Alpes,0.0781,11,Samedi,Mai,1,Morning,1,2025-05-10T11:41:43.000Z,2025-05-10,1746877303,Senior,0,1,27,183.82,1,0,,,,,,0,0
M00411,P04602,U00527,TX0115880,564.25,20250510224312,Angers,PAYPAL,Sports,75,59454.8,Paris,Premium,"[""Clothing"",""Home & Garden""]",20250617,Elite Dumbbells 4602,Sports,533.08,3.4,1192,M00411,SportZone 411,Sports,Grand Est,0.0322,22,Samedi,Mai,1,Night,0,2025-05-10T22:43:12.000Z,2025-05-10,1746916992,Senior,0,2,27,748.07,1,0,0,39689,11.02,183.820000,206.96,1,0
M00564,P02136,U00527,TX0075435,366.04,20250517055314,Dijon,BANK_TRANSFER,Home & Garden,75,59454.8,Paris,Premium,"[""Clothing"",""Home & Garden""]",20250617,Pro Garden Chair 2136,Home & Garden,357.35,3.2,289,M00564,DecorShop 564,Home & Garden,Occitanie,0.0438,5,Samedi,Mai,1,Night,0,2025-05-17T05:53:14.000Z,2025-05-17,1747461194,Senior,0,3,27,1114.11,2,0,7,544202,151.17,374.035000,-2.14,1,0
M00027,P00852,U00527,TX0019255,47.47,20250517104513,Paris,BANK_TRANSFER,Beauty,75,59454.8,Paris,Premium,"[""Clothing"",""Home & Garden""]",20250617,Elite Nail Kit 852,Beauty,43.93,3.0,564,M00027,GlowShop 27,Beauty,Ile-de-France,0.0382,10,Samedi,Mai,1,Morning,1,2025-05-17T10:45:13.000Z,2025-05-17,1747478713,Senior,0,4,27,1161.58,2,0,0,17519,4.87,371.370000,-87.22,0,0
M00503,P00663,U00527,TX0055702,40.63,20250601074026,Paris,CRYPTO,Clothing,75,59454.8,Paris,Premium,"[""Clothing"",""Home & Garden""]",20250617,Pro Scarf 663,Clothing,42.42,1.9,1053,M00503,ClothingHub 503,Clothing,Occitanie,0.0787,7,Dimanche,Juin,1,Morning,0,2025-06-01T07:40:26.000Z,2025-06-01,1748763626,Senior,0,5,27,40.63,1,0,15,1284913,356.92,290.395000,-86.01,1,0
M00472,P01374,U00527,TX0036969,331.82,20250612092912,Paris,CASH,Home & Garden,75,59454.8,Paris,Premium,"[""Clothing"",""Home & Garden""]",20250617,Premium Lamp 1374,Home & Garden,304.09,2.9,615,M00472,GardenWorld 472,Home & Garden,Auvergne-Rhône-Alpes,0.0942,9,Jeudi,Juin,0,Morning,1,2025-06-12T09:29:12.000Z,2025-06-12,1749720552,Senior,0,6,27,331.82,1,0,11,956926,265.81,240.442000,38.00,0,0
M00419,P03504,U00527,TX0065234,3379.96,20250621193734,Paris,CRYPTO,Automotive,75,59454.8,Paris,Premium,"[""Clothing"",""Home & Garden""]",20250617,Premium Car Parts 3504,Automotive,1573.12,4.4,998,M00419,AutoCenter 419,Automotive,Occitanie,0.0757,19,Samedi,Juin,1,Evening,0,2025-06-21T19:37:34.000Z,2025-06-21,1750534654,Senior,0,7,27,3379.96,1,0,9,814102,226.14,255.671667,1221.99,2,1
M00463,P00937,U00527,TX0048703,106.68,20250625203437,Nantes,CARD,Electronics,75,59454.8,Paris,Premium,"[""Clothing"",""Home & Garden""]",20250617,Classic Smartphone 937,Electronics,98.64,2.7,870,M00463,ElectroWorld 463,Electronics,Auvergne-Rhône-Alpes,0.0446,20,Mercredi,Juin,0,Evening,0,2025-06-25T20:34:37.000Z,2025-06-25,1750883677,Senior,0,8,27,3486.64,2,0,4,349023,96.95,701.998571,-84.80,0,0
M00533,P04618,U00527,TX0075236,81.72,20250625225303,Paris,BANK_TRANSFER,Toys,75,59454.8,Paris,Premium,"[""Clothing"",""Home & Garden""]",20250617,Classic Building Blocks 4618,Toys,74.53,3.3,901,M00533,ToyLand 533,Toys,Hauts-de-France,0.0203,22,Mercredi,Juin,0,Night,0,2025-06-25T22:53:03.000Z,2025-06-25,1750891983,Senior,0,9,27,3568.36,2,0,0,8306,2.31,627.583750,-86.98,1,0
M00360,P01943,U00527,TX0065063,229.70,20250629172900,Toulouse,CARD,Home & Garden,75,59454.8,Paris,Premium,"[""Clothing"",""Home & Garden""]",20250617,Standard Sofa 1943,Home & Garden,239.38,3.2,858,M00360,GardenWorld 360,Home & Garden,Provence-Alpes-Côte d'Azur,0.0592,17,Dimanche,Juin,1,Afternoon,1,2025-06-29T17:29:00.000Z,2025-06-29,1751218140,Senior,0,10,27,418.10,2,0,4,326157,90.6,566.932222,-59.48,0,0
M00102,P05104,U00527,TX0012823,143.57,20250905135417,Paris,CARD,Home & Garden,75,59454.8,Paris,Premium,"[""Clothing"",""Home & Garden""]",20250617,Pro Cookware Set 5104,Home & Garden,148.99,4.0,76,M00102,HomeStyle 102,Home & Garden,Ile-de-France,0.079,13,Vendredi,Septembre,0,Afternoon,1,2025-09-05T13:54:17.000Z,2025-09-05,1757080457,Senior,0,11,27,143.57,1,0,68,5862317,1628.42,533.209000,-73.07,0,0
M00054,P02995,U00527,TX0121388,1464.38,20250915114630,Paris,BANK_TRANSFER,Electronics,75,59454.8,Paris,Premium,"[""Clothing"",""Home & Garden""]",20250617,Pro Laptop 2995,Electronics,1336.14,3.7,889,M00054,ElectroWorld 54,Electronics,Nouvelle-Aquitaine,0.0114,11,Lundi,Septembre,0,Morning,1,2025-09-15T11:46:30.000Z,2025-09-15,1757936790,Senior,0,12,27,1464.38,1,0,10,856333,237.87,497.787273,194.18,0,0
M00561,P02053,U00527,TX0039581,822.82,20250917192114,Paris,BANK_TRANSFER,Home & Garden,75,59454.8,Paris,Premium,"[""Clothing"",""Home & Garden""]",20250617,Elite Cookware Set 2053,Home & Garden,752.03,3.7,850,M00561,DecorShop 561,Home & Garden,Hauts-de-France,0.0282,19,Mercredi,Septembre,0,Evening,0,2025-09-17T19:21:14.000Z,2025-09-17,1758136874,Senior,0,13,27,2287.20,2,0,2,200084,55.58,578.336667,42.27,0,0
M00058,P00838,U00527,TX0054923,17.83,20250918154118,Paris,BANK_TRANSFER,Health,75,59454.8,Paris,Premium,"[""Clothing"",""Home & Garden""]",20250617,Standard Massage Gun 838,Health,16.41,1.7,378,M00058,VitalShop 58,Health,Grand Est,0.0875,15,Jeudi,Septembre,0,Afternoon,1,2025-09-18T15:41:18.000Z,2025-09-18,1758210078,Senior,0,14,27,2305.03,3,0,1,73204,20.33,597.143077,-97.01,0,0
M00585,P03569,U00527,TX0073355,42.65,20250925060044,Paris,BANK_TRANSFER,Clothing,75,59454.8,Paris,Premium,"[""Clothing"",""Home & Garden""]",20250617,Elite Jacket 3569,Clothing,40.25,2.8,528,M00585,StyleShop 585,Clothing,Ile-de-France,0.0194,6,Jeudi,Septembre,0,Morning,0,2025-09-25T06:00:44.000Z,2025-09-25,1758780044,Senior,0,15,27,60.48,2,0,7,569966,158.32,555.763571,-92.33,0,0
M00388,P02714,U00527,TX0040201,736.59,20250930210142,Paris,BANK_TRANSFER,Home & Garden,75,59454.8,Paris,Premium,"[""Clothing"",""Home & Garden""]",20250617,Classic Rug 2714,Home & Garden,744.85,4.4,712,M00388,HomeCenter 388,Home & Garden,Provence-Alpes-Côte d'Azur,0.0926,21,Mardi,Septembre,0,Evening,0,2025-09-30T21:01:42.000Z,2025-09-30,1759266102,Senior,0,16,27,779.24,2,0,5,486058,135.02,521.556000,41.23,0,0
M00066,P03009,U00527,TX0097123,283.21,20251206114227,Paris,BANK_TRANSFER,Clothing,75,59454.8,Paris,Premium,"[""Clothing"",""Home & Garden""]",20250617,Elite Jeans 3009,Clothing,256.09,4.5,227,M00066,ClothingHub 66,Clothing,Hauts-de-France,0.0695,11,Samedi,Décembre,1,Morning,1,2025-12-06T11:42:27.000Z,2025-12-06,1765021347,Senior,0,17,27,283.21,1,0,67,5755245,1598.68,534.995625,-47.06,0,0
M00446,P04651,U00527,TX0047504,249.22,20251211084905,Paris,BANK_TRANSFER,Home & Garden,75,59454.8,Paris,Premium,"[""Clothing"",""Home & Garden""]",20250617,Classic Plant Pot 4651,Home & Garden,241.15,2.3,826,M00446,DecorShop 446,Home & Garden,Normandie,0.0539,8,Jeudi,Décembre,0,Morning,0,2025-12-11T08:49:05.000Z,2025-12-11,1765442945,Senior,0,18,27,532.43,2,0,5,421598,117.11,520.184706,-52.09,0,0
M00162,P05700,U00527,TX0091130,36.15,20251212193829,Paris,CARD,Clothing,75,59454.8,Paris,Premium,"[""Clothing"",""Home & Garden""]",20250617,Standard Dress 5700,Clothing,33.49,3.3,637,M00162,TrendyWear 162,Clothing,Ile-de-France,0.0465,19,Vendredi,Décembre,0,Evening,0,2025-12-12T19:38:29.000Z,2025-12-12,1765568309,Senior,0,19,27,568.58,3,0,1,125364,34.82,505.131111,-92.84,0,0
M00073,P01723,U00527,TX0019277,77.15,20251215110205,Lille,BANK_TRANSFER,Toys,75,59454.8,Paris,Premium,"[""Clothing"",""Home & Garden""]",20250617,Classic Action Figure 1723,Toys,85.7,3.7,591,M00073,ToyHub 73,Toys,Hauts-de-France,0.0348,11,Lundi,Décembre,0,Morning,1,2025-12-15T11:02:05.000Z,2025-12-15,1765796525,Senior,0,20,27,362.52,3,0,3,228216,63.39,480.447895,-83.94,0,0
M00035,P03671,U00527,TX0099973,290.43,20251217164410,Paris,PAYPAL,Sports,75,59454.8,Paris,Premium,"[""Clothing"",""Home & Garden""]",20250617,Pro Backpack 3671,Sports,310.78,5.0,567,M00035,ActiveWear 35,Sports,Hauts-de-France,0.0286,16,Mercredi,Décembre,0,Afternoon,1,2025-12-17T16:44:10.000Z,2025-12-17,1765989850,Senior,0,21,27,652.95,4,0,2,193325,53.7,460.283000,-36.90,0,0
M00522,P03276,U00527,TX0104329,160.85,20251217211551,Paris,BANK_TRANSFER,Home & Garden,75,59454.8,Paris,Premium,"[""Clothing"",""Home & Garden""]",20250617,Standard Garden Chair 3276,Home & Garden,154.74,3.8,1165,M00522,GardenWorld 522,Home & Garden,Auvergne-Rhône-Alpes,0.0203,21,Mercredi,Décembre,0,Evening,0,2025-12-17T21:15:51.000Z,2025-12-17,1766006151,Senior,0,22,27,813.80,4,0,0,16301,4.53,452.194762,-64.43,0,0
M00578,P05800,U00527,TX0033052,244.67,20251218073542,Paris,PAYPAL,Home & Garden,75,59454.8,Paris,Premium,"[""Clothing"",""Home & Garden""]",20250617,Essential Sofa 5800,Home & Garden,218.87,2.6,1093,M00578,HomeCenter 578,Home & Garden,Grand Est,0.054,7,Jeudi,Décembre,0,Morning,0,2025-12-18T07:35:42.000Z,2025-12-18,1766043342,Senior,0,23,27,1058.47,5,1,1,37191,10.33,438.951818,-44.26,0,0
M00596,P01113,U00527,TX0014324,727.20,20251219170811,Nîmes,PAYPAL,Home & Garden,75,59454.8,Paris,Premium,"[""Clothing"",""Home & Garden""]",20250617,Pro Rug 1113,Home & Garden,760.47,4.2,721,M00596,HomeCenter 596,Home & Garden,Normandie,0.0151,17,Vendredi,Décembre,0,Afternoon,1,2025-12-19T17:08:11.000Z,2025-12-19,1766164091,Senior,0,24,27,1536.45,5,1,1,120749,33.54,430.504783,68.92,0,0
M00155,P00946,U00527,TX0086119,58.38,20251220225427,Paris,PAYPAL,Clothing,75,59454.8,Paris,Premium,"[""Clothing"",""Home & Garden""]",20250617,Premium Scarf 946,Clothing,59.2,4.3,240,M00155,FashionStore 155,Clothing,Occitanie,0.0864,22,Samedi,Décembre,1,Night,0,2025-12-20T22:54:27.000Z,2025-12-20,1766271267,Senior,0,25,27,1558.68,5,1,1,107176,29.77,442.867083,-86.82,1,0
M00162,P04033,U00527,TX0088151,170.27,20251222193550,Paris,BANK_TRANSFER,Clothing,75,59454.8,Paris,Premium,"[""Clothing"",""Home & Garden""]",20250617,Classic Scarf 4033,Clothing,156.7,3.1,13,M00162,TrendyWear 162,Clothing,Ile-de-France,0.0465,19,Lundi,Décembre,0,Evening,0,2025-12-22T19:35:50.000Z,2025-12-22,1766432150,Senior,0,26,27,1651.80,5,1,2,160883,44.69,427.487600,-60.17,0,0
M00464,P04706,U00527,TX0017411,666.57,20251223074052,Paris,PAYPAL,Home & Garden,75,59454.8,Paris,Premium,"[""Clothing"",""Home & Garden""]",20250617,Pro Sofa 4706,Home & Garden,611.14,3.9,1178,M00464,HomeCenter 464,Home & Garden,Provence-Alpes-Côte d'Azur,0.0732,7,Mardi,Décembre,0,Morning,0,2025-12-23T07:40:52.000Z,2025-12-23,1766475652,Senior,0,27,27,2318.37,6,1,1,43502,12.08,417.594615,59.62,0,0
M00581,P04830,U00548,TX0041680,66.75,20240408100440,Villeurbanne,PAYPAL,Sports,57,61901.8,Villeurbanne,Standard,"[""Health"",""Books""]",20240226,Essential Tennis Racket 4830,Sports,60.54,3.2,527,M00581,SportZone 581,Sports,Hauts-de-France,0.054,10,Lundi,Avril,0,Morning,1,2024-04-08T10:04:40.000Z,2024-04-08,1712570680,Âge Moyen,0,1,14,66.75,1,0,,,,,,0,0
M00359,P02894,U00548,TX0092438,130.13,20240604143344,Villeurbanne,CARD,Health,57,61901.8,Villeurbanne,Standard,"[""Health"",""Books""]",20240226,Standard First Aid Kit 2894,Health,134.29,4.9,10,M00359,HealthHub 359,Health,Occitanie,0.0949,14,Mardi,Juin,0,Afternoon,1,2024-06-04T14:33:44.000Z,2024-06-04,1717511624,Âge Moyen,0,2,14,130.13,1,0,57,4940944,1372.48,66.750000,94.95,0,0
M00240,P02493,U00548,TX0077645,89.00,20240709054618,Villeurbanne,CASH,Health,57,61901.8,Villeurbanne,Standard,"[""Health"",""Books""]",20240226,Premium Vitamins 2493,Health,82.23,2.2,488,M00240,WellnessStore 240,Health,Nouvelle-Aquitaine,0.0235,5,Mardi,Juillet,0,Night,0,2024-07-09T05:46:18.000Z,2024-07-09,1720503978,Âge Moyen,0,3,14,89.00,1,0,35,2992354,831.21,98.440000,-9.59,1,0
M00187,P01387,U00548,TX0001852,25.54,20240713132322,Villeurbanne,PAYPAL,Health,57,61901.8,Villeurbanne,Standard,"[""Health"",""Books""]",20240226,Standard Vitamins 1387,Health,12.48,1.2,826,M00187,HealthHub 187,Health,Nouvelle-Aquitaine,0.0663,13,Samedi,Juillet,1,Afternoon,1,2024-07-13T13:23:22.000Z,2024-07-13,1720877002,Âge Moyen,0,4,14,114.54,2,0,4,373024,103.62,95.293333,-73.20,0,0
M00238,P01746,U00548,TX0084686,38.36,20241005082916,Villeurbanne,CARD,Books,57,61901.8,Villeurbanne,Standard,"[""Health"",""Books""]",20240226,Elite Textbook 1746,Books,41.23,3.4,752,M00238,ReadMore 238,Books,Ile-de-France,0.0973,8,Samedi,Octobre,1,Morning,0,2024-10-05T08:29:16.000Z,2024-10-05,1728116956,Âge Moyen,0,5,14,38.36,1,0,84,7239954,2011.1,77.855000,-50.73,0,0
M00094,P02642,U00548,TX0069725,233.01,20241007223554,Villeurbanne,CARD,Home & Garden,57,61901.8,Villeurbanne,Standard,"[""Health"",""Books""]",20240226,Essential Plant Pot 2642,Home & Garden,223.02,2.4,708,M00094,HomeStyle 94,Home & Garden,Hauts-de-France,0.039,22,Lundi,Octobre,0,Night,0,2024-10-07T22:35:54.000Z,2024-10-07,1728340554,Âge Moyen,0,6,14,271.37,2,0,2,223598,62.11,69.956000,233.08,1,0
M00251,P05592,U00548,TX0015130,22.13,20241009194148,Villeurbanne,CRYPTO,Automotive,57,61901.8,Villeurbanne,Standard,"[""Health"",""Books""]",20240226,Standard Tyre Set 5592,Automotive,20.26,3.3,462,M00251,CarParts 251,Automotive,Auvergne-Rhône-Alpes,0.0682,19,Mercredi,Octobre,0,Evening,0,2024-10-09T19:41:48.000Z,2024-10-09,1728502908,Âge Moyen,0,7,14,293.50,3,0,2,162354,45.1,97.131667,-77.22,1,0
M00379,P00628,U00548,TX0065067,47.02,20241019193426,Villeurbanne,PAYPAL,Books,57,61901.8,Villeurbanne,Standard,"[""Health"",""Books""]",20240226,Elite Biography 628,Books,45.09,4.7,1091,M00379,BookCorner 379,Books,Auvergne-Rhône-Alpes,0.0793,19,Samedi,Octobre,1,Evening,0,2024-10-19T19:34:26.000Z,2024-10-19,1729366466,Âge Moyen,0,8,14,47.02,1,0,10,863558,239.88,86.417143,-45.59,0,0
M00319,P01988,U00548,TX0089211,36.97,20241022101034,Villeurbanne,BANK_TRANSFER,Books,57,61901.8,Villeurbanne,Standard,"[""Health"",""Books""]",20240226,Standard Novel 1988,Books,40.69,3.6,846,M00319,ReadMore 319,Books,Auvergne-Rhône-Alpes,0.0382,10,Mardi,Octobre,0,Morning,1,2024-10-22T10:10:34.000Z,2024-10-22,1729591834,Âge Moyen,0,9,14,83.99,2,0,3,225368,62.6,81.492500,-54.63,0,0
M00247,P00462,U00548,TX0133021,3314.47,20241028165213,Villeurbanne,CARD,Electronics,57,61901.8,Villeurbanne,Standard,"[""Health"",""Books""]",20240226,Premium Tablet 462,Electronics,1633.14,4.5,444,M00247,GadgetShop 247,Electronics,Grand Est,0.0349,16,Lundi,Octobre,0,Afternoon,1,2024-10-28T16:52:13.000Z,2024-10-28,1730134333,Âge Moyen,0,10,14,3351.44,2,0,6,542499,150.69,76.545556,4230.06,1,0
M00412,P04390,U00548,TX0058025,138.66,20241121183729,Villeurbanne,CARD,Health,57,61901.8,Villeurbanne,Standard,"[""Health"",""Books""]",20240226,Elite Vitamins 4390,Health,133.29,3.2,847,M00412,HealthShop 412,Health,Auvergne-Rhône-Alpes,0.0125,18,Jeudi,Novembre,0,Evening,0,2024-11-21T18:37:29.000Z,2024-11-21,1732214249,Âge Moyen,0,11,14,138.66,1,0,24,2079916,577.75,400.338000,-65.36,0,0
M00106,P01697,U00548,TX0059526,176.83,20241124112159,Villeurbanne,CARD,Health,57,61901.8,Villeurbanne,Standard,"[""Health"",""Books""]",20240226,Standard First Aid Kit 1697,Health,176.82,4.8,28,M00106,VitalShop 106,Health,Ile-de-France,0.0782,11,Dimanche,Novembre,1,Morning,1,2024-11-24T11:21:59.000Z,2024-11-24,1732447319,Âge Moyen,0,12,14,315.49,2,0,3,233070,64.74,376.549091,-53.04,0,0
M00113,P05783,U00548,TX0125620,11.05,20241125214218,Villeurbanne,CARD,Health,57,61901.8,Villeurbanne,Standard,"[""Health"",""Books""]",20240226,Essential Scale 5783,Health,5.08,3.4,1159,M00113,HealthHub 113,Health,Nouvelle-Aquitaine,0.0646,21,Lundi,Novembre,0,Evening,0,2024-11-25T21:42:18.000Z,2024-11-25,1732570938,Âge Moyen,0,13,14,326.54,3,0,1,123619,34.34,359.905833,-96.93,0,0
M00076,P01778,U00548,TX0011291,168.92,20241130160640,Villeurbanne,CRYPTO,Health,57,61901.8,Villeurbanne,Standard,"[""Health"",""Books""]",20240226,Standard Massage Gun 1778,Health,152.16,3.8,81,M00076,HealthShop 76,Health,Pays de la Loire,0.0852,16,Samedi,Novembre,1,Afternoon,1,2024-11-30T16:06:40.000Z,2024-11-30,1732982800,Âge Moyen,0,14,14,356.80,3,0,5,411862,114.41,333.070769,-49.28,1,0
M00097,P02382,U00552,TX0056142,28.73,20250415111552,Paris,CARD,Toys,30,39678.79,Paris,Standard,"[""Electronics"",""Automotive"",""Toys""]",20230807,Elite Toy Car 2382,Toys,27.37,1.5,602,M00097,ToyLand 97,Toys,Occitanie,0.061,11,Mardi,Avril,0,Morning,1,2025-04-15T11:15:52.000Z,2025-04-15,1744715752,Adulte,0,1,26,28.73,1,0,,,,,,0,0
M00060,P03059,U00552,TX0035128,364.48,20250419205350,Paris,BANK_TRANSFER,Toys,30,39678.79,Paris,Standard,"[""Electronics"",""Automotive"",""Toys""]",20230807,Elite Action Figure 3059,Toys,124.84,3.6,662,M00060,KidsWorld 60,Toys,,0.0361,20,Samedi,Avril,1,Evening,0,2025-04-19T20:53:50.000Z,2025-04-19,1745096030,Adulte,0,2,26,393.21,2,0,4,380278,105.63,28.730000,1168.64,1,0
M00211,P01858,U00552,TX0122296,45.02,20250425204702,Angers,CARD,Food,30,39678.79,Paris,Standard,"[""Electronics"",""Automotive"",""Toys""]",20230807,Classic Chocolate Box 1858,Food,42.6,4.4,440,M00211,FoodMart 211,Food,Nouvelle-Aquitaine,0.0234,20,Vendredi,Avril,0,Evening,0,2025-04-25T20:47:02.000Z,2025-04-25,1745614022,Adulte,0,3,26,409.50,2,0,6,517992,143.89,196.605000,-77.10,0,0
M00238,P00566,U00552,TX0019127,6.71,20250427113459,Paris,CARD,Books,30,39678.79,Paris,Standard,"[""Electronics"",""Automotive"",""Toys""]",20230807,Pro Novel 566,Books,6.76,2.2,654,M00238,ReadMore 238,Books,Ile-de-France,0.0973,11,Dimanche,Avril,1,Morning,1,2025-04-27T11:34:59.000Z,2025-04-27,1745753699,Adulte,0,4,26,51.73,2,0,2,139677,38.8,146.076667,-95.41,0,0
M00073,P02881,U00552,TX0012881,90.30,20250430174933,Paris,CARD,Toys,30,39678.79,Paris,Standard,"[""Electronics"",""Automotive"",""Toys""]",20230807,Essential Board Game 2881,Toys,95.22,2.7,1064,M00073,ToyHub 73,Toys,Hauts-de-France,0.0348,17,Mercredi,Avril,0,Afternoon,1,2025-04-30T17:49:33.000Z,2025-04-30,1746035373,Adulte,0,5,26,142.03,3,0,3,281674,78.24,111.235000,-18.82,0,0
M00087,P00395,U00552,TX0048290,1004.33,20250508155137,,CARD,Electronics,30,39678.79,Paris,Standard,"[""Electronics"",""Automotive"",""Toys""]",20230807,Premium Tablet 395,Electronics,1100.22,3.5,141,M00087,GadgetShop 87,Electronics,Nouvelle-Aquitaine,0.0295,15,Jeudi,Mai,0,Afternoon,1,2025-05-08T15:51:37.000Z,2025-05-08,1746719497,Adulte,0,6,26,1004.33,1,0,8,684124,190.03,107.048000,838.21,1,0
M00543,P02876,U00552,TX0012648,49.58,20250510104255,Paris,CARD,Books,30,39678.79,Paris,Standard,"[""Electronics"",""Automotive"",""Toys""]",20230807,Standard Atlas 2876,Books,48.34,3.1,802,M00543,LibraryShop 543,Books,Normandie,0.0834,10,Samedi,Mai,1,Morning,1,2025-05-10T10:42:55.000Z,2025-05-10,1746873775,Adulte,0,7,26,1053.91,2,0,2,154278,42.86,256.595000,-80.68,0,0
M00592,P04726,U00552,TX0070065,1049.20,20250515195740,Paris,CARD,Electronics,30,39678.79,Paris,Standard,"[""Electronics"",""Automotive"",""Toys""]",20230807,Pro Camera 4726,Electronics,1082.18,3.4,1112,M00592,ElectroWorld 592,Electronics,Bretagne,0.0139,19,Jeudi,Mai,0,Evening,0,2025-05-15T19:57:40.000Z,2025-05-15,1747339060,Adulte,0,8,26,1098.78,2,0,5,465285,129.25,227.021429,362.16,1,0
M00156,P05705,U00552,TX0022873,137.69,20250519061150,Lille,CARD,Toys,30,39678.79,Paris,Standard,"[""Electronics"",""Automotive"",""Toys""]",20230807,Essential Toy Car 5705,Toys,138.54,4.6,111,M00156,KidsWorld 156,Toys,Auvergne-Rhône-Alpes,0.0266,6,Lundi,Mai,0,Morning,0,2025-05-19T06:11:50.000Z,2025-05-19,1747635110,Adulte,0,9,26,1186.89,2,0,4,296050,82.24,329.793750,-58.25,0,0
M00065,P02100,U00552,TX0046255,136.04,20250523054920,Paris,CRYPTO,Toys,30,39678.79,Paris,Standard,"[""Electronics"",""Automotive"",""Toys""]",20230807,Pro Building Blocks 2100,Toys,145.84,3.6,293,M00065,PlayShop 65,Toys,Auvergne-Rhône-Alpes,0.0479,5,Vendredi,Mai,0,Night,0,2025-05-23T05:49:20.000Z,2025-05-23,1747979360,Adulte,0,10,26,273.73,2,0,4,344250,95.63,308.448889,-55.90,2,1
M00332,P02228,U00552,TX0002435,75.57,20250526124202,Paris,CARD,Food,30,39678.79,Paris,Standard,"[""Electronics"",""Automotive"",""Toys""]",20230807,Standard Coffee Pack 2228,Food,79.46,5.0,813,M00332,FreshMarket 332,Food,,0.0429,12,Lundi,Mai,0,Afternoon,1,2025-05-26T12:42:02.000Z,2025-05-26,1748263322,Adulte,0,11,26,211.61,2,0,3,283962,78.88,291.208000,-74.05,0,0
M00529,P01058,U00552,TX0128567,296.89,20250529124459,Paris,CARD,Electronics,30,39678.79,Paris,Standard,"[""Electronics"",""Automotive"",""Toys""]",20230807,Classic Headphones 1058,Electronics,305.25,2.7,36,M00529,GadgetShop 529,Electronics,Ile-de-France,0.0812,12,Jeudi,Mai,0,Afternoon,1,2025-05-29T12:44:59.000Z,2025-05-29,1748522699,Adulte,0,12,26,508.50,3,0,3,259377,72.05,271.604545,9.31,0,0
M00432,P02044,U00552,TX0027711,235.65,20250619110811,Paris,CARD,Automotive,30,39678.79,Paris,Standard,"[""Electronics"",""Automotive"",""Toys""]",20230807,Premium Car Battery 2044,Automotive,215.77,3.2,133,M00432,MotorHub 432,Automotive,Occitanie,0.054,11,Jeudi,Juin,0,Morning,1,2025-06-19T11:08:11.000Z,2025-06-19,1750331291,Adulte,0,13,26,235.65,1,0,21,1808592,502.39,273.711667,-13.91,0,0
M00224,P01731,U00552,TX0100542,644.27,20250619232137,Paris,CARD,Automotive,30,39678.79,Paris,Standard,"[""Electronics"",""Automotive"",""Toys""]",20230807,Essential Car Parts 1731,Automotive,681.9,2.6,1019,M00224,MotorHub 224,Automotive,Ile-de-France,0.0646,23,Jeudi,Juin,0,Night,0,2025-06-19T23:21:37.000Z,2025-06-19,1750375297,Adulte,0,14,26,879.92,1,0,0,44006,12.22,270.783846,137.93,1,0
M00196,P03145,U00552,TX0002344,1152.79,20250625101711,Paris,PAYPAL,Automotive,30,39678.79,Paris,Standard,"[""Electronics"",""Automotive"",""Toys""]",20230807,Elite Tyre Set 3145,Automotive,1066.28,3.5,228,M00196,MotorHub 196,Automotive,Auvergne-Rhône-Alpes,0.0558,10,Mercredi,Juin,0,Morning,1,2025-06-25T10:17:11.000Z,2025-06-25,1750846631,Adulte,0,15,26,2032.71,2,0,6,471334,130.93,297.461429,287.54,0,0
M00142,P02938,U00552,TX0092499,57.54,20250718010941,Paris,CARD,Toys,30,39678.79,Paris,Standard,"[""Electronics"",""Automotive"",""Toys""]",20230807,Premium Doll 2938,Toys,54.51,3.4,723,M00142,KidsWorld 142,Toys,Bretagne,0.0683,1,Vendredi,Juillet,0,Night,0,2025-07-18T01:09:41.000Z,2025-07-18,1752800981,Adulte,0,16,26,57.54,1,0,23,1954350,542.88,354.483333,-83.77,1,0
M00142,P02938,U00552,TX0013609,594.29,20250718041602,Nantes,CRYPTO,Toys,30,39678.79,Paris,Standard,"[""Electronics"",""Automotive"",""Toys""]",20230807,Premium Doll 2938,Toys,54.51,3.4,723,M00142,KidsWorld 142,Toys,Bretagne,0.0683,4,Vendredi,Juillet,0,Night,0,2025-07-18T04:16:02.000Z,2025-07-18,1752812162,Adulte,0,17,26,651.83,1,0,0,11181,3.11,335.924375,76.91,2,1
M00168,P04157,U00552,TX0067733,2155.77,20250722115943,Villeurbanne,CARD,Electronics,30,39678.79,Paris,Standard,"[""Electronics"",""Automotive"",""Toys""]",20230807,Pro Tablet 4157,Electronics,2040.41,5.0,234,M00168,TechStore 168,Electronics,Ile-de-France,0.0182,11,Mardi,Juillet,0,Morning,1,2025-07-22T11:59:43.000Z,2025-07-22,1753185583,Adulte,0,18,26,2807.60,2,0,4,373421,103.73,351.122353,513.97,1,0
M00284,P00409,U00552,TX0027313,681.30,20250814072816,Paris,CARD,Electronics,30,39678.79,Paris,Standard,"[""Electronics"",""Automotive"",""Toys""]",20230807,Classic Headphones 409,Electronics,697.41,1.4,752,M00284,GadgetShop 284,Electronics,Hauts-de-France,0.0346,7,Jeudi,Août,0,Morning,0,2025-08-14T07:28:16.000Z,2025-08-14,1755156496,Adulte,0,19,26,681.30,1,0,23,1970913,547.48,451.380556,50.94,0,0
M00199,P00203,U00552,TX0056203,1126.66,20250820121251,Paris,BANK_TRANSFER,Electronics,30,39678.79,Paris,Standard,"[""Electronics"",""Automotive"",""Toys""]",20230807,Standard Tablet 203,Electronics,1063.09,4.4,1149,M00199,GadgetShop 199,Electronics,Pays de la Loire,0.0562,12,Mercredi,Août,0,Afternoon,1,2025-08-20T12:12:51.000Z,2025-08-20,1755691971,Adulte,0,20,26,1807.96,2,0,6,535475,148.74,463.481579,143.09,0,0
M00196,P01808,U00552,TX0008599,2565.14,20250824193928,Paris,CARD,Automotive,30,39678.79,Paris,Standard,"[""Electronics"",""Automotive"",""Toys""]",20230807,Pro Dash Cam 1808,Automotive,1170.91,3.4,1114,M00196,MotorHub 196,Automotive,Auvergne-Rhône-Alpes,0.0558,19,Dimanche,Août,1,Evening,0,2025-08-24T19:39:28.000Z,2025-08-24,1756064368,Adulte,0,21,26,3691.80,2,0,4,372397,103.44,496.640500,416.50,1,0
M00268,P00174,U00552,TX0095464,81.62,20250911223944,Paris,BANK_TRANSFER,Toys,30,39678.79,Paris,Standard,"[""Electronics"",""Automotive"",""Toys""]",20230807,Pro Doll 174,Toys,89.15,2.5,117,M00268,KidsWorld 268,Toys,Bretagne,0.0338,22,Jeudi,Septembre,0,Night,0,2025-09-11T22:39:44.000Z,2025-09-11,1757630384,Adulte,0,22,26,81.62,1,0,18,1566016,435.0,595.140476,-86.29,1,0
M00538,P05938,U00552,TX0076654,42.73,20250914120344,Nice,CARD,Books,30,39678.79,Paris,Standard,"[""Electronics"",""Automotive"",""Toys""]",20230807,Elite Cookbook 5938,Books,42.19,3.8,791,M00538,ReadMore 538,Books,Pays de la Loire,0.0344,12,Dimanche,Septembre,1,Afternoon,1,2025-09-14T12:03:44.000Z,2025-09-14,1757851424,Adulte,0,23,26,124.35,2,0,3,221040,61.4,571.798636,-92.53,0,0
M00349,P05589,U00552,TX0037365,120.02,20251110162926,Nantes,PAYPAL,Toys,30,39678.79,Paris,Standard,"[""Electronics"",""Automotive"",""Toys""]",20230807,Classic Puzzle 5589,Toys,132.08,3.2,205,M00349,PlayShop 349,Toys,Auvergne-Rhône-Alpes,0.0996,16,Lundi,Novembre,0,Afternoon,1,2025-11-10T16:29:26.000Z,2025-11-10,1762792166,Adulte,0,24,26,120.02,1,0,57,4940742,1372.43,548.795652,-78.13,0,0
M00041,P01423,U00552,TX0134642,267.78,20251111121116,Paris,CARD,Automotive,30,39678.79,Paris,Standard,"[""Electronics"",""Automotive"",""Toys""]",20230807,Classic Tyre Set 1423,Automotive,250.08,2.5,73,M00041,AutoCenter 41,Automotive,Nouvelle-Aquitaine,0.0171,12,Mardi,Novembre,0,Afternoon,1,2025-11-11T12:11:16.000Z,2025-11-11,1762863076,Adulte,0,25,26,387.80,2,0,1,70910,19.7,530.930000,-49.56,0,0
M00516,P00407,U00552,TX0116733,73.96,20251118124521,Paris,CARD,Toys,30,39678.79,Paris,Standard,"[""Electronics"",""Automotive"",""Toys""]",20230807,Essential Action Figure 407,Toys,69.63,3.4,789,M00516,ToyLand 516,Toys,Hauts-de-France,0.0287,12,Mardi,Novembre,0,Afternoon,1,2025-11-18T12:45:21.000Z,2025-11-18,1763469921,Adulte,0,26,26,73.96,1,0,7,606845,168.57,520.404000,-85.79,0,0
M00392,P02596,U00562,TX0010021,1139.16,20250422101616,Bordeaux,CARD,Electronics,46,50596.71,Bordeaux,Standard,"[""Electronics""]",20230331,Elite Smartphone 2596,Electronics,1048.26,2.4,416,M00392,TechStore 392,Electronics,Occitanie,0.0913,10,Mardi,Avril,0,Morning,1,2025-04-22T10:16:16.000Z,2025-04-22,1745316976,Âge Moyen,0,1,4,1139.16,1,0,,,,,,0,0
M00413,P01373,U00562,TX0048419,3036.75,20250701180620,Bordeaux,CRYPTO,Automotive,46,50596.71,Bordeaux,Standard,"[""Electronics""]",20230331,Premium Oil Filter 1373,Automotive,1473.28,4.3,522,M00413,AutoCenter 413,Automotive,Occitanie,0.0275,18,Mardi,Juillet,0,Evening,0,2025-07-01T18:06:20.000Z,2025-07-01,1751393180,Âge Moyen,0,2,4,3036.75,1,0,70,6076204,1687.83,1139.160000,166.58,1,0
M00225,P00267,U00562,TX0042464,610.54,20250703190458,Bordeaux,PAYPAL,Electronics,46,50596.71,Bordeaux,Standard,"[""Electronics""]",20230331,Pro Camera 267,Electronics,582.49,4.4,1048,M00225,TechStore 225,Electronics,Grand Est,0.0755,19,Jeudi,Juillet,0,Evening,0,2025-07-03T19:04:58.000Z,2025-07-03,1751569498,Âge Moyen,0,3,4,3647.29,2,0,2,176318,48.98,2087.955000,-70.76,0,0
M00345,P01468,U00562,TX0126219,1247.43,20250704203018,Bordeaux,CARD,Electronics,46,50596.71,Bordeaux,Standard,"[""Electronics""]",20230331,Standard Tablet 1468,Electronics,1309.62,3.0,955,M00345,GadgetShop 345,Electronics,Normandie,0.0358,20,Vendredi,Juillet,0,Evening,0,2025-07-04T20:30:18.000Z,2025-07-04,1751661018,Âge Moyen,0,4,4,4894.72,3,0,1,91520,25.42,1595.483333,-21.81,0,0
M00281,P03962,U00564,TX0049676,82.74,20251213132027,Reims,CARD,Beauty,30,42024.4,Rennes,Standard,"[""Automotive"",""Sports"",""Food"",""Health""]",20231016,Elite Nail Kit 3962,Beauty,77.8,2.6,434,M00281,BeautyCorner 281,Beauty,Nouvelle-Aquitaine,0.0208,13,Samedi,Décembre,1,Afternoon,1,2025-12-13T13:20:27.000Z,2025-12-13,1765632027,Adulte,0,1,3,82.74,1,0,,,,,,0,0
M00234,P03782,U00564,TX0037851,6.95,20251220190935,Rennes,BANK_TRANSFER,Food,30,42024.4,Rennes,Standard,"[""Automotive"",""Sports"",""Food"",""Health""]",20231016,Elite Cheese Platter 3782,Food,3.5,3.6,192,M00234,FoodMart 234,Food,Normandie,0.0965,19,Samedi,Décembre,1,Evening,0,2025-12-20T19:09:35.000Z,2025-12-20,1766257775,Adulte,0,2,3,6.95,1,0,7,625748,173.82,82.740000,-91.60,0,0
M00256,P05857,U00564,TX0046562,120.49,20251227102107,Rennes,CARD,Health,30,42024.4,Rennes,Standard,"[""Automotive"",""Sports"",""Food"",""Health""]",20231016,Elite Thermometer 5857,Health,56.55,3.0,923,M00256,VitalShop 256,Health,Auvergne-Rhône-Alpes,0.0211,10,Samedi,Décembre,1,Morning,1,2025-12-27T10:21:07.000Z,2025-12-27,1766830867,Adulte,0,3,3,127.44,2,0,7,573092,159.19,44.845000,168.68,0,0
M00006,P00583,U00566,TX0026235,994.43,20241216193639,Paris,CASH,Home & Garden,54,15980.07,Paris,Budget,"[""Home & Garden""]",20230801,Pro Plant Pot 583,Home & Garden,546.63,1.8,297,M00006,HomeStyle 6,Home & Garden,Grand Est,0.0751,19,Lundi,Décembre,0,Evening,0,2024-12-16T19:36:39.000Z,2024-12-16,1734377799,Âge Moyen,0,1,7,994.43,1,0,,,,,,0,0
M00395,P05316,U00566,TX0037213,251.96,20250426221423,Montpellier,BANK_TRANSFER,Home & Garden,54,15980.07,Paris,Budget,"[""Home & Garden""]",20230801,Classic Cookware Set 5316,Home & Garden,264.55,3.3,1121,M00395,HomeCenter 395,Home & Garden,Auvergne-Rhône-Alpes,0.0158,22,Samedi,Avril,1,Night,0,2025-04-26T22:14:23.000Z,2025-04-26,1745705663,Âge Moyen,0,2,7,251.96,1,0,131,11327864,3146.63,994.430000,-74.66,1,0
M00492,P04143,U00566,TX0021815,156.77,20250510125036,Paris,BANK_TRANSFER,Beauty,54,15980.07,Paris,Budget,"[""Home & Garden""]",20230801,Pro Perfume 4143,Beauty,156.11,3.3,872,M00492,CosmeticHub 492,Beauty,Hauts-de-France,0.0761,12,Samedi,Mai,1,Afternoon,1,2025-05-10T12:50:36.000Z,2025-05-10,1746881436,Âge Moyen,0,3,7,156.77,1,0,14,1175773,326.6,623.195000,-74.84,0,0
M00102,P02151,U00566,TX0013831,265.47,20250515112212,Paris,CARD,Home & Garden,54,15980.07,Paris,Budget,"[""Home & Garden""]",20230801,Premium Rug 2151,Home & Garden,249.14,2.3,1016,M00102,HomeStyle 102,Home & Garden,Ile-de-France,0.079,11,Jeudi,Mai,0,Morning,1,2025-05-15T11:22:12.000Z,2025-05-15,1747308132,Âge Moyen,0,4,7,422.24,2,0,5,426696,118.53,467.720000,-43.24,0,0
M00473,P01620,U00566,TX0007956,127.46,20251002081439,Bordeaux,BANK_TRANSFER,Home & Garden,54,15980.07,Paris,Budget,"[""Home & Garden""]",20230801,Pro Garden Chair 1620,Home & Garden,122.13,2.0,402,M00473,DecorShop 473,Home & Garden,Hauts-de-France,0.0951,8,Jeudi,Octobre,0,Morning,0,2025-10-02T08:14:39.000Z,2025-10-02,1759392879,Âge Moyen,0,5,7,127.46,1,0,140,12084747,3356.87,417.157500,-69.45,0,0
M00428,P01946,U00566,TX0107336,571.44,20251010095549,Paris,BANK_TRANSFER,Home & Garden,54,15980.07,Paris,Budget,"[""Home & Garden""]",20230801,Standard Lamp 1946,Home & Garden,522.72,3.1,943,M00428,HomeCenter 428,Home & Garden,Nouvelle-Aquitaine,0.0486,9,Vendredi,Octobre,0,Morning,1,2025-10-10T09:55:49.000Z,2025-10-10,1760090149,Âge Moyen,0,6,7,571.44,1,0,8,697270,193.69,359.218000,59.08,0,0
M00069,P02094,U00566,TX0097988,307.16,20251018161544,Paris,BANK_TRANSFER,Home & Garden,54,15980.07,Paris,Budget,"[""Home & Garden""]",20230801,Standard Plant Pot 2094,Home & Garden,275.71,3.7,182,M00069,DecorShop 69,Home & Garden,Pays de la Loire,0.0598,16,Samedi,Octobre,1,Afternoon,1,2025-10-18T16:15:44.000Z,2025-10-18,1760804144,Âge Moyen,0,7,7,307.16,1,0,8,713995,198.33,394.588333,-22.16,0,0
M00062,P02471,U00588,TX0045267,137.42,20240515095304,Reims,CASH,Beauty,50,29009.66,Reims,Budget,"[""Beauty""]",20250108,Premium Face Cream 2471,Beauty,141.8,1.4,163,M00062,GlowShop 62,Beauty,Hauts-de-France,0.075,9,Mercredi,Mai,0,Morning,1,2024-05-15T09:53:04.000Z,2024-05-15,1715766784,Âge Moyen,0,1,1,137.42,1,0,,,,,,0,0
M00017,P02817,U00595,TX0112647,101.64,20240220224032,Bordeaux,CARD,Beauty,49,45114.9,Bordeaux,Standard,"[""Beauty"",""Automotive""]",20240402,Standard Serum 2817,Beauty,106.58,3.0,14,M00017,BeautyCorner 17,Beauty,Occitanie,0.0365,22,Mardi,Février,0,Night,0,2024-02-20T22:40:32.000Z,2024-02-20,1708468832,Âge Moyen,0,1,22,101.64,1,0,,,,,,1,0
M00114,P00084,U00595,TX0050541,351.56,20240226183601,Bordeaux,CASH,Automotive,49,45114.9,Bordeaux,Standard,"[""Beauty"",""Automotive""]",20240402,Elite Car Battery 84,Automotive,366.59,2.3,663,M00114,AutoCenter 114,Automotive,Pays de la Loire,0.0133,18,Lundi,Février,0,Evening,0,2024-02-26T18:36:01.000Z,2024-02-26,1708972561,Âge Moyen,0,2,22,453.20,2,0,6,503729,139.92,101.640000,245.89,0,0
M00027,P04159,U00595,TX0027740,57.82,20240227192503,Bordeaux,CASH,Beauty,49,45114.9,Bordeaux,Standard,"[""Beauty"",""Automotive""]",20240402,Elite Shampoo 4159,Beauty,54.55,4.1,917,M00027,GlowShop 27,Beauty,Ile-de-France,0.0382,19,Mardi,Février,0,Evening,0,2024-02-27T19:25:03.000Z,2024-02-27,1709061903,Âge Moyen,0,3,22,511.02,3,0,1,89342,24.82,226.600000,-74.48,0,0
M00060,P03091,U00595,TX0075393,70.83,20240505192841,Bordeaux,CARD,Toys,49,45114.9,Bordeaux,Standard,"[""Beauty"",""Automotive""]",20240402,Classic Toy Car 3091,Toys,75.31,3.7,839,M00060,KidsWorld 60,Toys,,0.0361,19,Dimanche,Mai,1,Evening,0,2024-05-05T19:28:41.000Z,2024-05-05,1714937321,Âge Moyen,0,4,22,70.83,1,0,68,5875418,1632.06,170.340000,-58.42,0,0
M00261,P04187,U00595,TX0006606,63.90,20240513202739,Bordeaux,CASH,Beauty,49,45114.9,Bordeaux,Standard,"[""Beauty"",""Automotive""]",20240402,Premium Serum 4187,Beauty,70.45,3.5,242,M00261,BeautyCorner 261,Beauty,Hauts-de-France,0.0654,20,Lundi,Mai,0,Evening,0,2024-05-13T20:27:39.000Z,2024-05-13,1715632059,Âge Moyen,0,5,22,63.90,1,0,8,694738,192.98,145.462500,-56.07,0,0
M00308,P00622,U00595,TX0008752,79.80,20240522201444,Angers,CASH,Toys,49,45114.9,Bordeaux,Standard,"[""Beauty"",""Automotive""]",20240402,Essential Board Game 622,Toys,75.08,4.0,85,M00308,PlayShop 308,Toys,Auvergne-Rhône-Alpes,0.059,20,Mercredi,Mai,0,Evening,0,2024-05-22T20:14:44.000Z,2024-05-22,1716408884,Âge Moyen,0,6,22,79.80,1,0,9,776825,215.78,129.150000,-38.21,0,0
M00463,P00937,U00595,TX0059078,100.81,20240616075831,Bordeaux,CASH,Electronics,49,45114.9,Bordeaux,Standard,"[""Beauty"",""Automotive""]",20240402,Classic Smartphone 937,Electronics,98.64,2.7,870,M00463,ElectroWorld 463,Electronics,Auvergne-Rhône-Alpes,0.0446,7,Dimanche,Juin,1,Morning,0,2024-06-16T07:58:31.000Z,2024-06-16,1718524711,Âge Moyen,0,7,22,100.81,1,0,25,2115827,587.73,120.925000,-16.63,0,0
M00492,P02329,U00595,TX0055659,61.24,20240627185920,Bordeaux,CRYPTO,Beauty,49,45114.9,Bordeaux,Standard,"[""Beauty"",""Automotive""]",20240402,Classic Shampoo 2329,Beauty,65.01,2.6,911,M00492,CosmeticHub 492,Beauty,Hauts-de-France,0.0761,18,Jeudi,Juin,0,Evening,0,2024-06-27T18:59:20.000Z,2024-06-27,1719514760,Âge Moyen,0,8,22,61.24,1,0,11,990049,275.01,118.051429,-48.12,1,0
M00109,P01553,U00595,TX0050588,87.69,20240707103155,Bordeaux,PAYPAL,Beauty,49,45114.9,Bordeaux,Standard,"[""Beauty"",""Automotive""]",20240402,Essential Nail Kit 1553,Beauty,78.8,3.1,826,M00109,BeautyWorld 109,Beauty,Ile-de-France,0.0975,10,Dimanche,Juillet,1,Morning,1,2024-07-07T10:31:55.000Z,2024-07-07,1720348315,Âge Moyen,0,9,22,87.69,1,0,10,833555,231.54,110.950000,-20.96,0,0
M00007,P03019,U00595,TX0137906,22.62,20240710085618,Bordeaux,CASH,Books,49,45114.9,Bordeaux,Standard,"[""Beauty"",""Automotive""]",20240402,Standard Biography 3019,Books,10.49,3.4,56,M00007,BookHaven 7,Books,Occitanie,0.0889,8,Mercredi,Juillet,0,Morning,0,2024-07-10T08:56:18.000Z,2024-07-10,1720601778,Âge Moyen,0,10,22,110.31,2,0,3,253463,70.41,108.365556,-79.13,0,0
M00554,P01830,U00595,TX0095835,604.43,20240806200644,Bordeaux,BANK_TRANSFER,Automotive,49,45114.9,Bordeaux,Standard,"[""Beauty"",""Automotive""]",20240402,Premium Dash Cam 1830,Automotive,556.02,3.4,1147,M00554,MotorHub 554,Automotive,Auvergne-Rhône-Alpes,0.0458,20,Mardi,Août,0,Evening,0,2024-08-06T20:06:44.000Z,2024-08-06,1722974804,Âge Moyen,0,11,22,604.43,1,0,27,2373026,659.17,99.791000,505.70,1,0
M00091,P05270,U00595,TX0061755,90.31,20240810092556,Bordeaux,CRYPTO,Beauty,49,45114.9,Bordeaux,Standard,"[""Beauty"",""Automotive""]",20240402,Premium Nail Kit 5270,Beauty,99.41,2.7,104,M00091,CosmeticHub 91,Beauty,Grand Est,0.051,9,Samedi,Août,1,Morning,1,2024-08-10T09:25:56.000Z,2024-08-10,1723281956,Âge Moyen,0,12,22,694.74,2,0,4,307152,85.32,145.667273,-38.00,1,0
M00222,P04350,U00595,TX0137416,94.39,20240812205251,Bordeaux,BANK_TRANSFER,Beauty,49,45114.9,Bordeaux,Standard,"[""Beauty"",""Automotive""]",20240402,Essential Lipstick 4350,Beauty,88.19,4.4,772,M00222,BeautyCorner 222,Beauty,Nouvelle-Aquitaine,0.0867,20,Lundi,Août,0,Evening,0,2024-08-12T20:52:51.000Z,2024-08-12,1723495971,Âge Moyen,0,13,22,789.13,3,0,2,214015,59.45,141.054167,-33.08,0,0
M00424,P05498,U00595,TX0084664,26.49,20241007131305,Bordeaux,BANK_TRANSFER,Food,49,45114.9,Bordeaux,Standard,"[""Beauty"",""Automotive""]",20240402,Standard Cheese Platter 5498,Food,26.47,4.6,1028,M00424,FreshMarket 424,Food,Provence-Alpes-Côte d'Azur,0.0823,13,Lundi,Octobre,0,Afternoon,1,2024-10-07T13:13:05.000Z,2024-10-07,1728306785,Âge Moyen,0,14,22,26.49,1,0,56,4810814,1336.34,137.464615,-80.73,0,0
M00119,P01191,U00595,TX0020822,341.32,20250115194009,Bordeaux,BANK_TRANSFER,Beauty,49,45114.9,Bordeaux,Standard,"[""Beauty"",""Automotive""]",20240402,Pro Perfume 1191,Beauty,161.42,4.2,1114,M00119,GlowShop 119,Beauty,Auvergne-Rhône-Alpes,0.0406,19,Mercredi,Janvier,0,Evening,0,2025-01-15T19:40:09.000Z,2025-01-15,1736970009,Âge Moyen,0,15,22,341.32,1,0,100,8663224,2406.45,129.537857,163.49,0,0
M00509,P04417,U00595,TX0109320,76.77,20250130112022,Bordeaux,CARD,Beauty,49,45114.9,Bordeaux,Standard,"[""Beauty"",""Automotive""]",20240402,Classic Lipstick 4417,Beauty,83.16,3.4,73,M00509,BeautyCorner 509,Beauty,Occitanie,0.0737,11,Jeudi,Janvier,0,Morning,1,2025-01-30T11:20:22.000Z,2025-01-30,1738236022,Âge Moyen,0,16,22,76.77,1,0,15,1266013,351.67,143.656667,-46.56,0,0
M00150,P05566,U00595,TX0043057,165.93,20250302202912,Bordeaux,CASH,Toys,49,45114.9,Bordeaux,Standard,"[""Beauty"",""Automotive""]",20240402,Standard Puzzle 5566,Toys,152.9,5.0,522,M00150,PlayShop 150,Toys,Hauts-de-France,0.0238,20,Dimanche,Mars,1,Evening,0,2025-03-02T20:29:12.000Z,2025-03-02,1740947352,Âge Moyen,0,17,22,165.93,1,0,31,2711330,753.15,139.476250,18.97,0,0
M00281,P01547,U00595,TX0088975,47.11,20250303061944,Bordeaux,BANK_TRANSFER,Beauty,49,45114.9,Bordeaux,Standard,"[""Beauty"",""Automotive""]",20240402,Classic Face Cream 1547,Beauty,50.56,2.8,981,M00281,BeautyCorner 281,Beauty,Nouvelle-Aquitaine,0.0208,6,Lundi,Mars,0,Morning,0,2025-03-03T06:19:44.000Z,2025-03-03,1740982784,Âge Moyen,0,18,22,213.04,2,0,1,35432,9.84,141.032353,-66.60,0,0
M00311,P04733,U00595,TX0020893,84.87,20250306084509,Bordeaux,CASH,Beauty,49,45114.9,Bordeaux,Standard,"[""Beauty"",""Automotive""]",20240402,Pro Nail Kit 4733,Beauty,80.3,3.6,36,M00311,CosmeticHub 311,Beauty,Hauts-de-France,0.0276,8,Jeudi,Mars,0,Morning,0,2025-03-06T08:45:09.000Z,2025-03-06,1741250709,Âge Moyen,0,19,22,297.91,3,0,3,267925,74.42,135.814444,-37.51,0,0
M00223,P01874,U00595,TX0035395,1011.17,20250315085026,Bordeaux,CASH,Automotive,49,45114.9,Bordeaux,Standard,"[""Beauty"",""Automotive""]",20240402,Premium Car Battery 1874,Automotive,483.81,3.1,78,M00223,AutoShop 223,Automotive,Ile-de-France,0.0833,8,Samedi,Mars,1,Morning,0,2025-03-15T08:50:26.000Z,2025-03-15,1742028626,Âge Moyen,0,20,22,1011.17,1,0,9,777917,216.09,133.133158,659.52,1,0
M00522,P00964,U00595,TX0009853,193.57,20250318135814,Bordeaux,CASH,Home & Garden,49,45114.9,Bordeaux,Standard,"[""Beauty"",""Automotive""]",20240402,Pro Garden Chair 964,Home & Garden,185.83,2.5,584,M00522,GardenWorld 522,Home & Garden,Auvergne-Rhône-Alpes,0.0203,13,Mardi,Mars,0,Afternoon,1,2025-03-18T13:58:14.000Z,2025-03-18,1742306294,Âge Moyen,0,21,22,1204.74,2,0,3,277668,77.13,177.035000,9.34,0,0
M00268,P00009,U00595,TX0003249,89.23,20250326143929,Bordeaux,CASH,Toys,49,45114.9,Bordeaux,Standard,"[""Beauty"",""Automotive""]",20240402,Essential Doll 9,Toys,82.68,4.7,261,M00268,KidsWorld 268,Toys,Bretagne,0.0338,14,Mercredi,Mars,0,Afternoon,1,2025-03-26T14:39:29.000Z,2025-03-26,1742999969,Âge Moyen,0,22,22,89.23,1,0,8,693675,192.69,177.822381,-49.82,0,0
M00444,P01571,U00596,TX0059993,1114.25,20250107184535,Toulon,CASH,Automotive,25,48329.29,Toulon,Standard,"[""Automotive"",""Clothing""]",20230923,Premium Oil Filter 1571,Automotive,616.19,2.9,4,M00444,AutoCenter 444,Automotive,Auvergne-Rhône-Alpes,0.0521,18,Mardi,Janvier,0,Evening,0,2025-01-07T18:45:35.000Z,2025-01-07,1736275535,Adulte,0,1,13,1114.25,1,0,,,,,,0,0
M00216,P01917,U00596,TX0070205,1052.27,20250114150127,Toulon,CASH,Automotive,25,48329.29,Toulon,Standard,"[""Automotive"",""Clothing""]",20230923,Standard Car Parts 1917,Automotive,1025.31,4.3,366,M00216,AutoShop 216,Automotive,Ile-de-France,0.0956,15,Mardi,Janvier,0,Afternoon,1,2025-01-14T15:01:27.000Z,2025-01-14,1736866887,Adulte,0,2,13,2166.52,2,0,7,591352,164.26,1114.250000,-5.56,0,0
M00526,P03295,U00596,TX0090010,220.58,20250115202135,Toulon,BANK_TRANSFER,Automotive,25,48329.29,Toulon,Standard,"[""Automotive"",""Clothing""]",20230923,Essential Oil Filter 3295,Automotive,218.76,1.4,949,M00526,CarParts 526,Automotive,Nouvelle-Aquitaine,0.019,20,Mercredi,Janvier,0,Evening,0,2025-01-15T20:21:35.000Z,2025-01-15,1736972495,Adulte,0,3,13,1272.85,2,0,1,105608,29.34,1083.260000,-79.64,0,0
M00179,P04449,U00596,TX0060982,79.34,20250119191615,Toulon,CASH,Food,25,48329.29,Toulon,Standard,"[""Automotive"",""Clothing""]",20230923,Pro Chocolate Box 4449,Food,86.94,4.4,869,M00179,FoodMart 179,Food,Ile-de-France,0.0728,19,Dimanche,Janvier,1,Evening,0,2025-01-19T19:16:15.000Z,2025-01-19,1737314175,Adulte,0,4,13,1352.19,3,0,4,341680,94.91,795.700000,-90.03,0,0
M00471,P00415,U00596,TX0000945,1207.22,20250212111223,Toulon,BANK_TRANSFER,Automotive,25,48329.29,Toulon,Standard,"[""Automotive"",""Clothing""]",20230923,Pro Car Parts 415,Automotive,1263.15,3.0,673,M00471,AutoShop 471,Automotive,Auvergne-Rhône-Alpes,0.0342,11,Mercredi,Février,0,Morning,1,2025-02-12T11:12:23.000Z,2025-02-12,1739358743,Adulte,0,5,13,1207.22,1,0,24,2044568,567.94,616.610000,95.78,0,0
M00059,P04835,U00596,TX0075372,4154.69,20250224110106,Toulon,CARD,Automotive,25,48329.29,Toulon,Standard,"[""Automotive"",""Clothing""]",20230923,Premium Car Parts 4835,Automotive,1384.34,4.3,238,M00059,AutoCenter 59,Automotive,Bretagne,0.0421,11,Lundi,Février,0,Morning,1,2025-02-24T11:01:06.000Z,2025-02-24,1740394866,Adulte,0,6,13,4154.69,1,0,12,1036123,287.81,734.732000,465.47,1,0
M00598,P04081,U00596,TX0121319,55.50,20250227141202,Toulon,CASH,Clothing,25,48329.29,Toulon,Standard,"[""Automotive"",""Clothing""]",20230923,Classic T-Shirt 4081,Clothing,51.16,2.2,710,M00598,TrendyWear 598,Clothing,Hauts-de-France,0.0127,14,Jeudi,Février,0,Afternoon,1,2025-02-27T14:12:02.000Z,2025-02-27,1740665522,Adulte,0,7,13,4210.19,2,0,3,270656,75.18,1304.725000,-95.75,0,0
M00533,P05878,U00596,TX0130687,123.94,20250402034907,Toulon,CARD,Toys,25,48329.29,Toulon,Standard,"[""Automotive"",""Clothing""]",20230923,Premium Building Blocks 5878,Toys,133.7,4.6,1154,M00533,ToyLand 533,Toys,Hauts-de-France,0.0203,3,Mercredi,Avril,0,Night,0,2025-04-02T03:49:07.000Z,2025-04-02,1743565747,Adulte,0,8,13,123.94,1,0,34,2900225,805.62,1126.264286,-89.00,1,0
M00205,P04247,U00596,TX0106339,100.17,20250423050947,Toulon,BANK_TRANSFER,Toys,25,48329.29,Toulon,Standard,"[""Automotive"",""Clothing""]",20230923,Elite Board Game 4247,Toys,105.68,2.5,166,M00205,PlayShop 205,Toys,Occitanie,0.0271,5,Mercredi,Avril,0,Night,0,2025-04-23T05:09:47.000Z,2025-04-23,1745384987,Adulte,0,9,13,100.17,1,0,21,1819240,505.34,1000.973750,-89.99,1,0
M00597,P05239,U00596,TX0073283,25.94,20250609205417,Toulon,CASH,Home & Garden,25,48329.29,Toulon,Standard,"[""Automotive"",""Clothing""]",20230923,Essential Rug 5239,Home & Garden,13.85,1.2,718,M00597,DecorShop 597,Home & Garden,Provence-Alpes-Côte d'Azur,0.0688,20,Lundi,Juin,0,Evening,0,2025-06-09T20:54:17.000Z,2025-06-09,1749502457,Adulte,0,10,13,25.94,1,0,47,4117470,1143.74,900.884444,-97.12,0,0
M00441,P05929,U00596,TX0022798,1380.02,20250610131026,Bordeaux,CARD,Automotive,25,48329.29,Toulon,Standard,"[""Automotive"",""Clothing""]",20230923,Pro Tyre Set 5929,Automotive,1455.03,4.6,403,M00441,MotorHub 441,Automotive,Bretagne,0.0347,13,Mardi,Juin,0,Afternoon,1,2025-06-10T13:10:26.000Z,2025-06-10,1749561026,Adulte,0,11,13,1405.96,2,0,1,58569,16.27,813.390000,69.66,0,0
M00013,P03684,U00596,TX0029872,280.05,20250615121443,Toulon,CASH,Clothing,25,48329.29,Toulon,Standard,"[""Automotive"",""Clothing""]",20230923,Standard Dress 3684,Clothing,309.27,4.8,326,M00013,ClothingHub 13,Clothing,Bretagne,0.0571,12,Dimanche,Juin,1,Afternoon,1,2025-06-15T12:14:43.000Z,2025-06-15,1749989683,Adulte,0,12,13,1686.01,3,0,5,428657,119.07,864.901818,-67.62,0,0
M00417,P01857,U00596,TX0111410,431.69,20250619030141,Toulon,CASH,Sports,25,48329.29,Toulon,Standard,"[""Automotive"",""Clothing""]",20230923,Pro Tennis Racket 1857,Sports,411.38,3.4,634,M00417,SportHub 417,Sports,Bretagne,0.0194,3,Jeudi,Juin,0,Night,0,2025-06-19T03:01:41.000Z,2025-06-19,1750302101,Adulte,0,13,13,711.74,2,0,4,312418,86.78,816.164167,-47.11,1,0
M00315,P03291,U00601,TX0131143,341.46,20240501121025,Paris,CARD,Electronics,62,64114.8,Paris,Premium,"[""Food"",""Health"",""Electronics""]",20230411,Essential Smartphone 3291,Electronics,335.92,2.3,750,M00315,TechStore 315,Electronics,Occitanie,0.0904,12,Mercredi,Mai,0,Afternoon,1,2024-05-01T12:10:25.000Z,2024-05-01,1714565425,Âge Moyen,0,1,29,341.46,1,0,,,,,,0,0
M00270,P03585,U00601,TX0131546,57.88,20240511143511,Paris,PAYPAL,Clothing,62,64114.8,Paris,Premium,"[""Food"",""Health"",""Electronics""]",20230411,Standard Dress 3585,Clothing,59.57,2.2,297,M00270,FashionStore 270,Clothing,Ile-de-France,0.0766,14,Samedi,Mai,1,Afternoon,1,2024-05-11T14:35:11.000Z,2024-05-11,1715438111,Âge Moyen,0,2,29,57.88,1,0,10,872686,242.41,341.460000,-83.05,0,0
M00023,P01902,U00601,TX0055925,24.14,20240517182055,Paris,CRYPTO,Food,62,64114.8,Paris,Premium,"[""Food"",""Health"",""Electronics""]",20230411,Pro Chocolate Box 1902,Food,25.55,3.2,733,M00023,GourmetShop 23,Food,Bretagne,0.0684,18,Vendredi,Mai,0,Evening,0,2024-05-17T18:20:55.000Z,2024-05-17,1715970055,Âge Moyen,0,3,29,82.02,2,0,6,531944,147.76,199.670000,-87.91,1,0
M00095,P02729,U00601,TX0074509,201.56,20240521191417,Paris,CARD,Health,62,64114.8,Paris,Premium,"[""Food"",""Health"",""Electronics""]",20230411,Essential Scale 2729,Health,213.69,4.6,721,M00095,VitalShop 95,Health,Ile-de-France,0.0826,19,Mardi,Mai,0,Evening,0,2024-05-21T19:14:17.000Z,2024-05-21,1716318857,Âge Moyen,0,4,29,225.70,2,0,4,348802,96.89,141.160000,42.79,0,0
M00535,P00318,U00601,TX0052841,168.65,20240524154747,Paris,CASH,Health,62,64114.8,Paris,Premium,"[""Food"",""Health"",""Electronics""]",20230411,Premium Scale 318,Health,154.31,4.0,56,M00535,HealthHub 535,Health,Provence-Alpes-Côte d'Azur,0.0616,15,Vendredi,Mai,0,Afternoon,1,2024-05-24T15:47:47.000Z,2024-05-24,1716565667,Âge Moyen,0,5,29,394.35,3,0,3,246810,68.56,156.260000,7.93,0,0
M00566,P02887,U00601,TX0065001,1263.29,20240612103943,Paris,PAYPAL,Electronics,62,64114.8,Paris,Premium,"[""Food"",""Health"",""Electronics""]",20230411,Essential Headphones 2887,Electronics,1370.26,3.0,378,M00566,DigitalHub 566,Electronics,Hauts-de-France,0.0772,10,Mercredi,Juin,0,Morning,1,2024-06-12T10:39:43.000Z,2024-06-12,1718188783,Âge Moyen,0,6,29,1263.29,1,0,19,1623116,450.87,158.738000,695.83,1,0
M00295,P01171,U00601,TX0073079,621.46,20240612204449,Paris,CARD,Automotive,62,64114.8,Paris,Premium,"[""Food"",""Health"",""Electronics""]",20230411,Elite Roof Rack 1171,Automotive,567.35,3.6,917,M00295,AutoCenter 295,Automotive,Nouvelle-Aquitaine,0.0172,20,Mercredi,Juin,0,Evening,0,2024-06-12T20:44:49.000Z,2024-06-12,1718225089,Âge Moyen,0,7,29,1884.75,1,0,0,36306,10.09,342.830000,81.27,0,0
M00487,P03913,U00601,TX0002721,7.37,20240622102255,Paris,CARD,Food,62,64114.8,Paris,Premium,"[""Food"",""Health"",""Electronics""]",20230411,Essential Chocolate Box 3913,Food,6.78,1.9,1016,M00487,FoodHub 487,Food,Bretagne,0.0192,10,Samedi,Juin,1,Morning,1,2024-06-22T10:22:55.000Z,2024-06-22,1719051775,Âge Moyen,0,8,29,7.37,1,0,10,826686,229.64,382.634286,-98.07,0,0
M00424,P04185,U00601,TX0112741,31.21,20240806151308,Paris,CARD,Food,62,64114.8,Paris,Premium,"[""Food"",""Health"",""Electronics""]",20230411,Elite Chocolate Box 4185,Food,31.87,2.6,887,M00424,FreshMarket 424,Food,Provence-Alpes-Côte d'Azur,0.0823,15,Mardi,Août,0,Afternoon,1,2024-08-06T15:13:08.000Z,2024-08-06,1722957188,Âge Moyen,0,9,29,31.21,1,0,45,3905413,1084.84,335.726250,-90.70,0,0
M00128,P03864,U00601,TX0102127,9.66,20240821120421,Paris,CARD,Food,62,64114.8,Paris,Premium,"[""Food"",""Health"",""Electronics""]",20230411,Standard Tea Set 3864,Food,10.23,4.0,528,M00128,FoodHub 128,Food,Bretagne,0.0724,12,Mercredi,Août,0,Afternoon,1,2024-08-21T12:04:21.000Z,2024-08-21,1724241861,Âge Moyen,0,10,29,9.66,1,0,15,1284673,356.85,301.891111,-96.80,0,0
M00489,P02755,U00601,TX0009307,95.18,20240822110705,Paris,BANK_TRANSFER,Health,62,64114.8,Paris,Premium,"[""Food"",""Health"",""Electronics""]",20230411,Essential Blood Monitor 2755,Health,103.29,3.7,1092,M00489,VitalShop 489,Health,Provence-Alpes-Côte d'Azur,0.0423,11,Jeudi,Août,0,Morning,1,2024-08-22T11:07:05.000Z,2024-08-22,1724324825,Âge Moyen,0,11,29,104.84,2,0,1,82964,23.05,272.668000,-65.09,0,0
M00278,P02029,U00601,TX0010025,190.28,20240822191523,Paris,BANK_TRANSFER,Clothing,62,64114.8,Paris,Premium,"[""Food"",""Health"",""Electronics""]",20230411,Elite Jacket 2029,Clothing,64.36,2.2,868,M00278,StyleShop 278,Clothing,Occitanie,0.0509,19,Jeudi,Août,0,Evening,0,2024-08-22T19:15:23.000Z,2024-08-22,1724354123,Âge Moyen,0,12,29,295.12,2,0,0,29298,8.14,256.532727,-25.83,0,0
M00029,P01489,U00601,TX0083710,11.51,20240826135431,Paris,CARD,Food,62,64114.8,Paris,Premium,"[""Food"",""Health"",""Electronics""]",20230411,Pro Cheese Platter 1489,Food,11.27,2.1,353,M00029,FreshMarket 29,Food,Nouvelle-Aquitaine,0.0244,13,Lundi,Août,0,Afternoon,1,2024-08-26T13:54:31.000Z,2024-08-26,1724680471,Âge Moyen,0,13,29,306.63,3,0,4,326348,90.65,251.011667,-95.41,0,0
M00483,P02034,U00601,TX0017574,86.12,20241116211041,Paris,CARD,Health,62,64114.8,Paris,Premium,"[""Food"",""Health"",""Electronics""]",20230411,Essential Thermometer 2034,Health,94.32,3.0,829,M00483,WellnessStore 483,Health,Nouvelle-Aquitaine,0.0838,21,Samedi,Novembre,1,Evening,0,2024-11-16T21:10:41.000Z,2024-11-16,1731791441,Âge Moyen,0,14,29,86.12,1,0,82,7110970,1975.27,232.588462,-62.97,0,0
M00487,P05724,U00601,TX0027144,47.39,20241117195930,Paris,CARD,Food,62,64114.8,Paris,Premium,"[""Food"",""Health"",""Electronics""]",20230411,Pro Coffee Pack 5724,Food,46.41,3.1,194,M00487,FoodHub 487,Food,Bretagne,0.0192,19,Dimanche,Novembre,1,Evening,0,2024-11-17T19:59:30.000Z,2024-11-17,1731873570,Âge Moyen,0,15,29,133.51,2,0,1,82129,22.81,222.126429,-78.67,0,0
M00313,P02613,U00601,TX0035461,63.02,20241120073513,Nantes,CARD,Food,62,64114.8,Paris,Premium,"[""Food"",""Health"",""Electronics""]",20230411,Elite Olive Oil 2613,Food,62.95,3.8,177,M00313,GourmetShop 313,Food,Auvergne-Rhône-Alpes,0.0988,7,Mercredi,Novembre,0,Morning,0,2024-11-20T07:35:13.000Z,2024-11-20,1732088113,Âge Moyen,0,16,29,196.53,3,0,3,214543,59.6,210.477333,-70.06,0,0
M00318,P00425,U00601,TX0023762,128.17,20241121181410,Paris,PAYPAL,Health,62,64114.8,Paris,Premium,"[""Food"",""Health"",""Electronics""]",20230411,Standard Blood Monitor 425,Health,136.16,4.5,17,M00318,HealthShop 318,Health,Ile-de-France,0.0154,18,Jeudi,Novembre,0,Evening,0,2024-11-21T18:14:10.000Z,2024-11-21,1732212850,Âge Moyen,0,17,29,324.70,4,0,1,124737,34.65,201.261250,-36.32,0,0
M00192,P04424,U00601,TX0136761,213.45,20241122172428,Angers,CASH,Clothing,62,64114.8,Paris,Premium,"[""Food"",""Health"",""Electronics""]",20230411,Essential T-Shirt 4424,Clothing,194.68,3.2,971,M00192,ClothingHub 192,Clothing,Provence-Alpes-Côte d'Azur,0.0784,17,Vendredi,Novembre,0,Afternoon,1,2024-11-22T17:24:28.000Z,2024-11-22,1732296268,Âge Moyen,0,18,29,538.15,5,1,1,83418,23.17,196.961765,8.37,0,0
M00544,P02208,U00601,TX0117570,210.47,20250208201517,Paris,CARD,Automotive,62,64114.8,Paris,Premium,"[""Food"",""Health"",""Electronics""]",20230411,Essential Oil Filter 2208,Automotive,220.54,1.9,1171,M00544,AutoCenter 544,Automotive,Occitanie,0.0282,20,Samedi,Février,1,Evening,0,2025-02-08T20:15:17.000Z,2025-02-08,1739045717,Âge Moyen,0,19,29,210.47,1,0,78,6749449,1874.85,197.877778,6.36,0,0
M00025,P01910,U00601,TX0041591,59.34,20250210115246,Paris,CARD,Food,62,64114.8,Paris,Premium,"[""Food"",""Health"",""Electronics""]",20230411,Premium Olive Oil 1910,Food,57.04,4.1,737,M00025,GourmetShop 25,Food,Ile-de-France,0.0506,11,Lundi,Février,0,Morning,1,2025-02-10T11:52:46.000Z,2025-02-10,1739188366,Âge Moyen,0,20,29,269.81,2,0,2,142649,39.62,198.540526,-70.11,0,0
M00536,P01482,U00601,TX0056455,67.83,20250218124037,Paris,CASH,Food,62,64114.8,Paris,Premium,"[""Food"",""Health"",""Electronics""]",20230411,Premium Chocolate Box 1482,Food,68.41,4.8,55,M00536,FreshMarket 536,Food,Ile-de-France,0.0248,12,Mardi,Février,0,Afternoon,1,2025-02-18T12:40:37.000Z,2025-02-18,1739882437,Âge Moyen,0,21,29,67.83,1,0,8,694071,192.8,191.580500,-64.59,0,0
M00381,P02325,U00601,TX0120818,57.35,20250221200136,Paris,CARD,Food,62,64114.8,Paris,Premium,"[""Food"",""Health"",""Electronics""]",20230411,Classic Olive Oil 2325,Food,53.09,3.5,851,M00381,FreshMarket 381,Food,Hauts-de-France,0.015,20,Vendredi,Février,0,Evening,0,2025-02-21T20:01:36.000Z,2025-02-21,1740168096,Âge Moyen,0,22,29,125.18,2,0,3,285659,79.35,185.687619,-69.11,0,0
M00149,P01307,U00601,TX0027660,1403.41,20250226100451,Paris,CARD,Electronics,62,64114.8,Paris,Premium,"[""Food"",""Health"",""Electronics""]",20230411,Pro Tablet 1307,Electronics,1489.68,2.8,811,M00149,DigitalHub 149,Electronics,Normandie,0.0608,10,Mercredi,Février,0,Morning,1,2025-02-26T10:04:51.000Z,2025-02-26,1740564291,Âge Moyen,0,23,29,1460.76,2,0,5,396195,110.05,179.854091,680.30,1,0
M00469,P05984,U00601,TX0128106,262.06,20251206133844,Paris,BANK_TRANSFER,Sports,62,64114.8,Paris,Premium,"[""Food"",""Health"",""Electronics""]",20230411,Essential Running Shoes 5984,Sports,286.51,2.7,884,M00469,SportZone 469,Sports,Ile-de-France,0.0655,13,Samedi,Décembre,1,Afternoon,1,2025-12-06T13:38:44.000Z,2025-12-06,1765028324,Âge Moyen,0,24,29,262.06,1,0,283,24464033,6795.56,233.052174,12.45,0,0
M00034,P03899,U00601,TX0135323,230.72,20251208080706,Paris,CARD,Health,62,64114.8,Paris,Premium,"[""Food"",""Health"",""Electronics""]",20230411,Elite Vitamins 3899,Health,215.64,3.7,193,M00034,HealthHub 34,Health,Occitanie,0.052,8,Lundi,Décembre,0,Morning,0,2025-12-08T08:07:06.000Z,2025-12-08,1765181226,Âge Moyen,0,25,29,492.78,2,0,2,152902,42.47,234.260833,-1.51,0,0
M00292,P05388,U00601,TX0128985,1415.63,20251211190240,Paris,CARD,Electronics,62,64114.8,Paris,Premium,"[""Food"",""Health"",""Electronics""]",20230411,Essential Tablet 5388,Electronics,1315.97,3.3,707,M00292,GadgetShop 292,Electronics,Ile-de-France,0.0133,19,Jeudi,Décembre,0,Evening,0,2025-12-11T19:02:40.000Z,2025-12-11,1765479760,Âge Moyen,0,26,29,1908.41,3,0,3,298534,82.93,234.119200,504.66,1,0
M00320,P01978,U00601,TX0036725,11.19,20251215190748,Paris,CASH,Health,62,64114.8,Paris,Premium,"[""Food"",""Health"",""Electronics""]",20230411,Elite Massage Gun 1978,Health,11.81,3.3,610,M00320,HealthShop 320,Health,Auvergne-Rhône-Alpes,0.0775,19,Lundi,Décembre,0,Evening,0,2025-12-15T19:07:48.000Z,2025-12-15,1765825668,Âge Moyen,0,27,29,1426.82,2,0,4,345908,96.09,279.561923,-96.00,0,0
M00369,P04260,U00601,TX0083526,38.17,20251222103425,Paris,CARD,Food,62,64114.8,Paris,Premium,"[""Food"",""Health"",""Electronics""]",20230411,Premium Cheese Platter 4260,Food,39.28,3.4,284,M00369,FoodMart 369,Food,Provence-Alpes-Côte d'Azur,0.083,10,Lundi,Décembre,0,Morning,1,2025-12-22T10:34:25.000Z,2025-12-22,1766399665,Âge Moyen,0,28,29,49.36,2,0,7,573997,159.44,269.622222,-85.84,0,0
M00440,P01560,U00601,TX0015815,236.72,20251225214416,Paris,CARD,Clothing,62,64114.8,Paris,Premium,"[""Food"",""Health"",""Electronics""]",20230411,Pro Jeans 1560,Clothing,258.04,4.9,119,M00440,ClothingHub 440,Clothing,Ile-de-France,0.0534,21,Jeudi,Décembre,0,Evening,0,2025-12-25T21:44:16.000Z,2025-12-25,1766699056,Âge Moyen,0,29,29,274.89,2,0,3,299391,83.16,261.356071,-9.43,0,0
M00484,P05759,U00602,TX0029820,396.76,20251205164659,Villeurbanne,BANK_TRANSFER,Home & Garden,31,15787.47,Villeurbanne,Budget,"[""Home & Garden"",""Beauty""]",20240707,Elite Garden Chair 5759,Home & Garden,389.65,4.4,844,M00484,DecorShop 484,Home & Garden,Auvergne-Rhône-Alpes,0.0304,16,Vendredi,Décembre,0,Afternoon,1,2025-12-05T16:46:59.000Z,2025-12-05,1764953219,Adulte,0,1,2,396.76,1,0,,,,,,0,0
M00151,P05904,U00602,TX0129571,50.22,20251218164643,Villeurbanne,BANK_TRANSFER,Home & Garden,31,15787.47,Villeurbanne,Budget,"[""Home & Garden"",""Beauty""]",20240707,Pro Plant Pot 5904,Home & Garden,45.8,3.5,611,M00151,DecorShop 151,Home & Garden,Ile-de-France,0.0183,16,Jeudi,Décembre,0,Afternoon,1,2025-12-18T16:46:43.000Z,2025-12-18,1766076403,Adulte,0,2,2,50.22,1,0,13,1123184,312.0,396.760000,-87.34,0,0
M00210,P05974,U00610,TX0007283,25.98,20240411201829,Le Havre,BANK_TRANSFER,Books,40,36633.2,Le Havre,Standard,"[""Books"",""Health"",""Beauty""]",20250316,Essential Textbook 5974,Books,24.48,2.5,125,M00210,BookCorner 210,Books,Pays de la Loire,0.0407,20,Jeudi,Avril,0,Evening,0,2024-04-11T20:18:29.000Z,2024-04-11,1712866709,Adulte,0,1,11,25.98,1,0,,,,,,0,0
M00383,P00735,U00610,TX0013251,251.01,20240415215143,Le Havre,PAYPAL,Sports,40,36633.2,Le Havre,Standard,"[""Books"",""Health"",""Beauty""]",20250316,Elite Bicycle Helmet 735,Sports,232.18,3.7,578,M00383,ActiveWear 383,Sports,Ile-de-France,0.0728,21,Lundi,Avril,0,Evening,0,2024-04-15T21:51:43.000Z,2024-04-15,1713217903,Adulte,0,2,11,276.99,2,0,4,351194,97.55,25.980000,866.17,1,0
M00285,P02084,U00610,TX0075226,120.25,20240427163500,Le Havre,PAYPAL,Health,40,36633.2,Le Havre,Standard,"[""Books"",""Health"",""Beauty""]",20250316,Pro First Aid Kit 2084,Health,113.46,2.7,405,M00285,HealthHub 285,Health,Bretagne,0.0776,16,Samedi,Avril,1,Afternoon,1,2024-04-27T16:35:00.000Z,2024-04-27,1714235700,Adulte,0,3,11,120.25,1,0,12,1017797,282.72,138.495000,-13.17,0,0
M00134,P04058,U00610,TX0117373,43.35,20240509180258,Le Havre,PAYPAL,Books,40,36633.2,Le Havre,Standard,"[""Books"",""Health"",""Beauty""]",20250316,,Books,44.74,3.7,1016,M00134,BookHaven 134,Books,Nouvelle-Aquitaine,0.0125,18,Jeudi,Mai,0,Evening,0,2024-05-09T18:02:58.000Z,2024-05-09,1715277778,Adulte,0,4,11,43.35,1,0,12,1042078,289.47,132.413333,-67.26,0,0
M00373,P02224,U00610,TX0043879,220.47,20240528093534,Le Havre,PAYPAL,Health,40,36633.2,Le Havre,Standard,"[""Books"",""Health"",""Beauty""]",20250316,Premium Massage Gun 2224,Health,214.73,5.0,656,M00373,VitalShop 373,Health,Ile-de-France,0.0183,9,Mardi,Mai,0,Morning,1,2024-05-28T09:35:34.000Z,2024-05-28,1716888934,Adulte,0,5,11,220.47,1,0,19,1611156,447.54,110.147500,100.16,0,0
M00157,P02287,U00610,TX0013311,159.11,20240807152515,Le Havre,PAYPAL,Clothing,40,36633.2,Le Havre,Standard,"[""Books"",""Health"",""Beauty""]",20250316,Essential Sneakers 2287,Clothing,156.5,2.6,557,M00157,TrendyWear 157,Clothing,Hauts-de-France,0.0535,15,Mercredi,Août,0,Afternoon,1,2024-08-07T15:25:15.000Z,2024-08-07,1723044315,Adulte,0,6,11,159.11,1,0,71,6155381,1709.83,132.212000,20.34,0,0
M00148,P04693,U00610,TX0037944,15.93,20240828101342,Le Havre,PAYPAL,Beauty,40,36633.2,Le Havre,Standard,"[""Books"",""Health"",""Beauty""]",20250316,Classic Serum 4693,Beauty,16.24,1.0,195,M00148,BeautyWorld 148,Beauty,Auvergne-Rhône-Alpes,0.0172,10,Mercredi,Août,0,Morning,1,2024-08-28T10:13:42.000Z,2024-08-28,1724840022,Adulte,0,7,11,15.93,1,0,21,1795707,498.81,136.695000,-88.35,0,0
M00411,P03169,U00610,TX0100093,307.54,20241103171728,Le Havre,PAYPAL,Sports,40,36633.2,Le Havre,Standard,"[""Books"",""Health"",""Beauty""]",20250316,Pro Backpack 3169,Sports,169.16,3.5,633,M00411,SportZone 411,Sports,Grand Est,0.0322,17,Dimanche,Novembre,1,Afternoon,1,2024-11-03T17:17:28.000Z,2024-11-03,1730654248,Adulte,0,8,11,307.54,1,0,67,5814226,1615.06,119.442857,157.48,0,0
M00158,P00053,U00610,TX0083513,1179.60,20241109210547,Le Havre,CRYPTO,Electronics,40,36633.2,Le Havre,Standard,"[""Books"",""Health"",""Beauty""]",20250316,Premium Headphones 53,Electronics,538.87,3.6,1001,M00158,ElectroWorld 158,Electronics,Nouvelle-Aquitaine,0.0131,21,Samedi,Novembre,1,Evening,0,2024-11-09T21:05:47.000Z,2024-11-09,1731186347,Adulte,0,9,11,1487.14,2,0,6,532099,147.81,142.955000,725.15,2,1
M00546,P04126,U00610,TX0056840,201.43,20241124184935,Le Havre,PAYPAL,Health,40,36633.2,Le Havre,Standard,"[""Books"",""Health"",""Beauty""]",20250316,Pro Thermometer 4126,Health,92.77,3.0,29,M00546,VitalShop 546,Health,Occitanie,0.0556,18,Dimanche,Novembre,1,Evening,0,2024-11-24T18:49:35.000Z,2024-11-24,1732474175,Adulte,0,10,11,201.43,1,0,15,1287828,357.73,258.137778,-21.97,0,0
M00334,P03912,U00610,TX0053540,179.41,20241125183539,Rennes,CARD,Beauty,40,36633.2,Le Havre,Standard,"[""Books"",""Health"",""Beauty""]",20250316,Standard Lipstick 3912,Beauty,162.45,3.5,17,M00334,BeautyCorner 334,Beauty,Ile-de-France,0.0195,18,Lundi,Novembre,0,Evening,0,2024-11-25T18:35:39.000Z,2024-11-25,1732559739,Adulte,0,11,11,380.84,2,0,1,85564,23.77,252.467000,-28.94,0,0
M00056,P04010,U00611,TX0108181,45.16,20250528142959,Montpellier,CARD,Beauty,66,28723.41,Montpellier,Budget,"[""Clothing"",""Beauty""]",20240407,Essential Serum 4010,Beauty,42.72,2.8,665,M00056,GlowShop 56,Beauty,Provence-Alpes-Côte d'Azur,0.0647,14,Mercredi,Mai,0,Afternoon,1,2025-05-28T14:29:59.000Z,2025-05-28,1748442599,Senior,0,1,4,45.16,1,0,,,,,,0,0
M00563,P05696,U00611,TX0025413,45.29,20250601183252,Nantes,PAYPAL,Toys,66,28723.41,Montpellier,Budget,"[""Clothing"",""Beauty""]",20240407,Standard Building Blocks 5696,Toys,49.6,4.2,627,M00563,ToyLand 563,Toys,,0.0811,18,Dimanche,Juin,1,Evening,0,2025-06-01T18:32:52.000Z,2025-06-01,1748802772,Senior,0,2,4,90.45,2,0,4,360173,100.05,45.160000,0.29,0,0
M00523,P02065,U00611,TX0136290,7.66,20250617120508,Montpellier,CARD,Beauty,66,28723.41,Montpellier,Budget,"[""Clothing"",""Beauty""]",20240407,Standard Serum 2065,Beauty,8.37,2.5,535,M00523,GlowShop 523,Beauty,Ile-de-France,0.0828,12,Mardi,Juin,0,Afternoon,1,2025-06-17T12:05:08.000Z,2025-06-17,1750161908,Senior,0,3,4,7.66,1,0,16,1359136,377.54,45.225000,-83.06,0,0
M00062,P04292,U00611,TX0051997,318.63,20250624114422,Montpellier,PAYPAL,Beauty,66,28723.41,Montpellier,Budget,"[""Clothing"",""Beauty""]",20240407,Essential Serum 4292,Beauty,113.73,4.5,508,M00062,GlowShop 62,Beauty,Hauts-de-France,0.075,11,Mardi,Juin,0,Morning,1,2025-06-24T11:44:22.000Z,2025-06-24,1750765462,Senior,0,4,4,326.29,2,0,7,603554,167.65,32.703333,874.30,1,0
M00096,P03837,U00613,TX0108074,278.99,20240104103459,Montpellier,BANK_TRANSFER,Clothing,64,69684.17,Montpellier,Premium,"[""Home & Garden"",""Books""]",20230121,Standard Dress 3837,Clothing,273.89,5.0,1111,M00096,StyleShop 96,Clothing,Nouvelle-Aquitaine,0.0823,10,Jeudi,Janvier,0,Morning,1,2024-01-04T10:34:59.000Z,2024-01-04,1704364499,Âge Moyen,0,1,26,278.99,1,0,,,,,,0,0
M00578,P03929,U00613,TX0024219,137.88,20240105080208,Montpellier,PAYPAL,Home & Garden,64,69684.17,Montpellier,Premium,"[""Home & Garden"",""Books""]",20230121,Standard Plant Pot 3929,Home & Garden,131.28,2.5,258,M00578,HomeCenter 578,Home & Garden,Grand Est,0.054,8,Vendredi,Janvier,0,Morning,0,2024-01-05T08:02:08.000Z,2024-01-05,1704441728,Âge Moyen,0,2,26,416.87,2,0,1,77229,21.45,278.990000,-50.58,0,0
M00194,P01974,U00613,TX0086328,64.00,20240117150909,Montpellier,BANK_TRANSFER,Toys,64,69684.17,Montpellier,Premium,"[""Home & Garden"",""Books""]",20230121,Essential Puzzle 1974,Toys,69.73,2.8,337,M00194,ToyLand 194,Toys,Grand Est,0.0455,15,Mercredi,Janvier,0,Afternoon,1,2024-01-17T15:09:09.000Z,2024-01-17,1705504149,Âge Moyen,0,3,26,64.00,1,0,12,1062421,295.12,208.435000,-69.29,0,0
M00309,P03505,U00613,TX0114706,390.84,20240123090619,Montpellier,BANK_TRANSFER,Home & Garden,64,69684.17,Montpellier,Premium,"[""Home & Garden"",""Books""]",20230121,Standard Garden Chair 3505,Home & Garden,352.08,2.3,691,M00309,GardenWorld 309,Home & Garden,Nouvelle-Aquitaine,0.097,9,Mardi,Janvier,0,Morning,1,2024-01-23T09:06:19.000Z,2024-01-23,1706000779,Âge Moyen,0,4,26,454.84,2,0,6,496630,137.95,160.290000,143.83,0,0
M00578,P01455,U00613,TX0016077,120.01,20240207205645,Montpellier,BANK_TRANSFER,Home & Garden,64,69684.17,Montpellier,Premium,"[""Home & Garden"",""Books""]",20230121,Classic Plant Pot 1455,Home & Garden,62.34,2.5,697,M00578,HomeCenter 578,Home & Garden,Grand Est,0.054,20,Mercredi,Février,0,Evening,0,2024-02-07T20:56:45.000Z,2024-02-07,1707339405,Âge Moyen,0,5,26,120.01,1,0,15,1338626,371.84,217.927500,-44.93,0,0
M00171,P01254,U00613,TX0051951,37.65,20240212011320,Villeurbanne,BANK_TRANSFER,Beauty,64,69684.17,Montpellier,Premium,"[""Home & Garden"",""Books""]",20230121,Elite Serum 1254,Beauty,36.79,2.3,472,M00171,CosmeticHub 171,Beauty,Grand Est,0.0625,1,Lundi,Février,0,Night,0,2024-02-12T01:13:20.000Z,2024-02-12,1707700400,Âge Moyen,0,6,26,157.66,2,0,5,360995,100.28,198.344000,-81.02,1,0
M00518,P04595,U00613,TX0093428,18.76,20240217203453,Montpellier,BANK_TRANSFER,Books,64,69684.17,Montpellier,Premium,"[""Home & Garden"",""Books""]",20230121,Essential Biography 4595,Books,17.11,3.0,2,M00518,ReadMore 518,Books,Provence-Alpes-Côte d'Azur,0.0163,20,Samedi,Février,1,Evening,0,2024-02-17T20:34:53.000Z,2024-02-17,1708202093,Âge Moyen,0,7,26,56.41,2,0,5,501693,139.36,171.561667,-89.07,0,0
M00386,P03796,U00613,TX0062464,29.78,20240218170251,Montpellier,BANK_TRANSFER,Books,64,69684.17,Montpellier,Premium,"[""Home & Garden"",""Books""]",20230121,Elite Textbook 3796,Books,28.13,2.2,929,M00386,LibraryShop 386,Books,Nouvelle-Aquitaine,0.0956,17,Dimanche,Février,1,Afternoon,1,2024-02-18T17:02:51.000Z,2024-02-18,1708275771,Âge Moyen,0,8,26,86.19,3,0,1,73678,20.47,149.732857,-80.11,0,0
M00163,P02001,U00613,TX0114156,28.46,20240224120616,Montpellier,BANK_TRANSFER,Books,64,69684.17,Montpellier,Premium,"[""Home & Garden"",""Books""]",20230121,Essential Comic Book 2001,Books,28.64,2.4,404,M00163,LibraryShop 163,Books,Nouvelle-Aquitaine,0.0105,12,Samedi,Février,1,Afternoon,1,2024-02-24T12:06:16.000Z,2024-02-24,1708776376,Âge Moyen,0,9,26,77.00,3,0,6,500605,139.06,134.738750,-78.88,0,0
M00155,P02798,U00613,TX0099571,312.80,20240224141933,Montpellier,BANK_TRANSFER,Clothing,64,69684.17,Montpellier,Premium,"[""Home & Garden"",""Books""]",20230121,Classic Sneakers 2798,Clothing,307.87,4.5,148,M00155,FashionStore 155,Clothing,Occitanie,0.0864,14,Samedi,Février,1,Afternoon,1,2024-02-24T14:19:33.000Z,2024-02-24,1708784373,Âge Moyen,0,10,26,389.80,3,0,0,7997,2.22,122.930000,154.45,0,0
M00163,P04306,U00613,TX0029306,17.64,20240313191621,Montpellier,BANK_TRANSFER,Books,64,69684.17,Montpellier,Premium,"[""Home & Garden"",""Books""]",20230121,Standard Biography 4306,Books,16.32,2.5,465,M00163,LibraryShop 163,Books,Nouvelle-Aquitaine,0.0105,19,Mercredi,Mars,0,Evening,0,2024-03-13T19:16:21.000Z,2024-03-13,1710357381,Âge Moyen,0,11,26,17.64,1,0,18,1573008,436.95,141.917000,-87.57,0,0
M00293,P03920,U00613,TX0117595,123.72,20240314045948,Montpellier,BANK_TRANSFER,Beauty,64,69684.17,Montpellier,Premium,"[""Home & Garden"",""Books""]",20230121,Standard Shampoo 3920,Beauty,112.37,3.8,1011,M00293,BeautyCorner 293,Beauty,Grand Est,0.0725,4,Jeudi,Mars,0,Night,0,2024-03-14T04:59:48.000Z,2024-03-14,1710392388,Âge Moyen,0,12,26,141.36,2,0,1,35007,9.72,130.619091,-5.28,1,0
M00506,P00901,U00613,TX0060083,40.76,20240318192553,Montpellier,BANK_TRANSFER,Books,64,69684.17,Montpellier,Premium,"[""Home & Garden"",""Books""]",20230121,Essential Cookbook 901,Books,38.31,4.7,298,M00506,BookCorner 506,Books,Ile-de-France,0.0582,19,Lundi,Mars,0,Evening,0,2024-03-18T19:25:53.000Z,2024-03-18,1710789953,Âge Moyen,0,13,26,182.12,3,0,4,397565,110.43,130.044167,-68.66,0,0
M00145,P01173,U00613,TX0024877,10.22,20240319082339,Montpellier,BANK_TRANSFER,Food,64,69684.17,Montpellier,Premium,"[""Home & Garden"",""Books""]",20230121,Classic Cheese Platter 1173,Food,10.63,2.2,729,M00145,FoodHub 145,Food,Occitanie,0.0648,8,Mardi,Mars,0,Morning,0,2024-03-19T08:23:39.000Z,2024-03-19,1710836619,Âge Moyen,0,14,26,192.34,4,0,1,46666,12.96,123.176154,-91.70,0,0
M00496,P02819,U00613,TX0080943,100.18,20240324233257,Montpellier,BANK_TRANSFER,Health,64,69684.17,Montpellier,Premium,"[""Home & Garden"",""Books""]",20230121,Pro First Aid Kit 2819,Health,91.23,3.7,42,M00496,VitalShop 496,Health,Normandie,0.0934,23,Dimanche,Mars,1,Night,0,2024-03-24T23:32:57.000Z,2024-03-24,1711323177,Âge Moyen,0,15,26,151.16,3,0,5,486558,135.16,115.107857,-12.97,1,0
M00388,P00126,U00613,TX0136035,272.08,20240328165846,Montpellier,PAYPAL,Home & Garden,64,69684.17,Montpellier,Premium,"[""Home & Garden"",""Books""]",20230121,Pro Cookware Set 126,Home & Garden,268.99,1.7,73,M00388,HomeCenter 388,Home & Garden,Provence-Alpes-Côte d'Azur,0.0926,16,Jeudi,Mars,0,Afternoon,1,2024-03-28T16:58:46.000Z,2024-03-28,1711645126,Âge Moyen,0,16,26,372.26,2,0,4,321949,89.43,114.112667,138.43,0,0
M00002,P03321,U00613,TX0034365,28.91,20240330145450,Montpellier,BANK_TRANSFER,Books,64,69684.17,Montpellier,Premium,"[""Home & Garden"",""Books""]",20230121,Standard Atlas 3321,Books,27.83,2.6,933,M00002,BookCorner 2,Books,Nouvelle-Aquitaine,0.0615,14,Samedi,Mars,1,Afternoon,1,2024-03-30T14:54:50.000Z,2024-03-30,1711810490,Âge Moyen,0,17,26,401.17,3,0,2,165364,45.93,123.985625,-76.68,0,0
M00533,P04385,U00613,TX0083187,83.12,20250205140600,Montpellier,CRYPTO,Toys,64,69684.17,Montpellier,Premium,"[""Home & Garden"",""Books""]",20230121,Elite Building Blocks 4385,Toys,86.26,4.1,619,M00533,ToyLand 533,Toys,Hauts-de-France,0.0203,14,Mercredi,Février,0,Afternoon,1,2025-02-05T14:06:00.000Z,2025-02-05,1738764360,Âge Moyen,0,18,26,83.12,1,0,312,26953870,7487.19,118.392941,-29.79,1,0
M00311,P04733,U00613,TX0058491,144.63,20250216235542,Montpellier,BANK_TRANSFER,Beauty,64,69684.17,Montpellier,Premium,"[""Home & Garden"",""Books""]",20230121,Pro Nail Kit 4733,Beauty,80.3,3.6,36,M00311,CosmeticHub 311,Beauty,Hauts-de-France,0.0276,23,Dimanche,Février,1,Night,0,2025-02-16T23:55:42.000Z,2025-02-16,1739750142,Âge Moyen,0,19,26,144.63,1,0,11,985782,273.83,116.433333,24.22,1,0
M00396,P04493,U00613,TX0080298,55.44,20250221103413,Montpellier,BANK_TRANSFER,Books,64,69684.17,Montpellier,Premium,"[""Home & Garden"",""Books""]",20230121,Pro Atlas 4493,Books,52.12,3.9,801,M00396,BookHaven 396,Books,Nouvelle-Aquitaine,0.0702,10,Vendredi,Février,0,Morning,1,2025-02-21T10:34:13.000Z,2025-02-21,1740134053,Âge Moyen,0,20,26,200.07,2,0,5,383911,106.64,117.917368,-52.98,0,0
M00209,P02890,U00613,TX0072228,62.76,20250223100313,Montpellier,CASH,Books,64,69684.17,Montpellier,Premium,"[""Home & Garden"",""Books""]",20230121,Pro Atlas 2890,Books,33.64,3.7,905,M00209,BookHaven 209,Books,Occitanie,0.0472,10,Dimanche,Février,1,Morning,1,2025-02-23T10:03:13.000Z,2025-02-23,1740304993,Âge Moyen,0,21,26,262.83,3,0,2,170940,47.48,114.793500,-45.33,0,0
M00428,P04107,U00613,TX0006507,379.91,20250228164034,Montpellier,BANK_TRANSFER,Home & Garden,64,69684.17,Montpellier,Premium,"[""Home & Garden"",""Books""]",20230121,Pro Cookware Set 4107,Home & Garden,343.04,3.5,989,M00428,HomeCenter 428,Home & Garden,Nouvelle-Aquitaine,0.0486,16,Vendredi,Février,0,Afternoon,1,2025-02-28T16:40:34.000Z,2025-02-28,1740760834,Âge Moyen,0,22,26,442.67,2,0,5,455841,126.62,112.315714,238.25,0,0
M00484,P00132,U00613,TX0110579,687.82,20250604121638,Montpellier,CASH,Home & Garden,64,69684.17,Montpellier,Premium,"[""Home & Garden"",""Books""]",20230121,Elite Plant Pot 132,Home & Garden,671.09,4.4,490,M00484,DecorShop 484,Home & Garden,Auvergne-Rhône-Alpes,0.0304,12,Mercredi,Juin,0,Afternoon,1,2025-06-04T12:16:38.000Z,2025-06-04,1749039398,Âge Moyen,0,23,26,687.82,1,0,96,8278564,2299.6,124.479091,452.56,1,0
M00035,P02355,U00613,TX0032000,19.33,20250616173729,Montpellier,BANK_TRANSFER,Sports,64,69684.17,Montpellier,Premium,"[""Home & Garden"",""Books""]",20230121,Standard Running Shoes 2355,Sports,17.47,2.3,1127,M00035,ActiveWear 35,Sports,Hauts-de-France,0.0286,17,Lundi,Juin,0,Afternoon,1,2025-06-16T17:37:29.000Z,2025-06-16,1750095449,Âge Moyen,0,24,26,19.33,1,0,12,1056051,293.35,148.972174,-87.02,0,0
M00561,P03319,U00613,TX0136475,1164.44,20250624102516,Montpellier,CARD,Home & Garden,64,69684.17,Montpellier,Premium,"[""Home & Garden"",""Books""]",20230121,Elite Lamp 3319,Home & Garden,523.4,3.5,993,M00561,DecorShop 561,Home & Garden,Hauts-de-France,0.0282,10,Mardi,Juin,0,Morning,1,2025-06-24T10:25:16.000Z,2025-06-24,1750760716,Âge Moyen,0,25,26,1164.44,1,0,8,665267,184.8,143.570417,711.06,1,0
M00323,P03997,U00613,TX0027516,69.41,20250626111211,Montpellier,BANK_TRANSFER,Food,64,69684.17,Montpellier,Premium,"[""Home & Garden"",""Books""]",20230121,Premium Chocolate Box 3997,Food,70.0,3.5,392,M00323,GourmetShop 323,Food,Grand Est,0.0679,11,Jeudi,Juin,0,Morning,1,2025-06-26T11:12:11.000Z,2025-06-26,1750936331,Âge Moyen,0,26,26,1233.85,2,0,2,175615,48.78,184.405200,-62.36,0,0
M00316,P02886,U00618,TX0082394,72.81,20251204155304,Lyon,CARD,Food,39,41084.22,Lyon,Standard,"[""Food"",""Clothing"",""Sports""]",20231107,Essential Olive Oil 2886,Food,69.9,3.7,841,M00316,FreshMarket 316,Food,Grand Est,0.0124,15,Jeudi,Décembre,0,Afternoon,1,2025-12-04T15:53:04.000Z,2025-12-04,1764863584,Adulte,0,1,3,72.81,1,0,,,,,,0,0
M00037,P00957,U00618,TX0085934,9.85,20251213113118,Lyon,PAYPAL,Books,39,41084.22,Lyon,Standard,"[""Food"",""Clothing"",""Sports""]",20231107,Standard Comic Book 957,Books,9.84,2.9,514,M00037,ReadMore 37,Books,Auvergne-Rhône-Alpes,0.0929,11,Samedi,Décembre,1,Morning,1,2025-12-13T11:31:18.000Z,2025-12-13,1765625478,Adulte,0,2,3,9.85,1,0,9,761894,211.64,72.810000,-86.47,0,0
M00325,P04699,U00618,TX0038971,17.70,20251215185451,Lyon,CARD,Clothing,39,41084.22,Lyon,Standard,"[""Food"",""Clothing"",""Sports""]",20231107,Premium T-Shirt 4699,Clothing,15.83,2.5,205,M00325,StyleShop 325,Clothing,Ile-de-France,0.0138,18,Lundi,Décembre,0,Evening,0,2025-12-15T18:54:51.000Z,2025-12-15,1765824891,Adulte,0,3,3,27.55,2,0,2,199413,55.39,41.330000,-57.17,0,0
M00494,P02641,U00632,TX0001131,194.26,20251104052340,Montpellier,CASH,Books,32,21213.28,Montpellier,Budget,"[""Books""]",20250420,Pro Comic Book 2641,Books,58.94,4.0,282,M00494,ReadMore 494,Books,Occitanie,0.0946,5,Mardi,Novembre,0,Night,0,2025-11-04T05:23:40.000Z,2025-11-04,1762233820,Adulte,0,1,1,194.26,1,0,,,,,,1,0
M00382,P02386,U00636,TX0058837,219.27,20250410180936,Paris,CRYPTO,Automotive,60,32532.11,Paris,Standard,"[""Health""]",20250827,Pro Tyre Set 2386,Automotive,198.86,2.5,1175,M00382,AutoShop 382,Automotive,Nouvelle-Aquitaine,0.0389,18,Jeudi,Avril,0,Evening,0,2025-04-10T18:09:36.000Z,2025-04-10,1744308576,Âge Moyen,0,1,10,219.27,1,0,,,,,,1,0
M00320,P03546,U00636,TX0130866,172.95,20250425194041,Paris,CRYPTO,Health,60,32532.11,Paris,Standard,"[""Health""]",20250827,Pro Scale 3546,Health,191.68,3.9,248,M00320,HealthShop 320,Health,Auvergne-Rhône-Alpes,0.0775,19,Vendredi,Avril,0,Evening,0,2025-04-25T19:40:41.000Z,2025-04-25,1745610041,Âge Moyen,0,2,10,172.95,1,0,15,1301465,361.52,219.270000,-21.12,1,0
M00322,P03208,U00636,TX0059264,291.19,20250504212320,Paris,CRYPTO,Toys,60,32532.11,Paris,Standard,"[""Health""]",20250827,Standard Building Blocks 3208,Toys,132.03,4.2,519,M00322,ToyLand 322,Toys,Occitanie,0.0842,21,Dimanche,Mai,1,Evening,0,2025-05-04T21:23:20.000Z,2025-05-04,1746393800,Âge Moyen,0,3,10,291.19,1,0,9,783759,217.71,196.110000,48.48,1,0
M00514,P01295,U00636,TX0072748,56.52,20250512114533,Paris,CRYPTO,Health,60,32532.11,Paris,Standard,"[""Health""]",20250827,Premium First Aid Kit 1295,Health,51.2,3.7,157,M00514,WellnessStore 514,Health,Pays de la Loire,0.0147,11,Lundi,Mai,0,Morning,1,2025-05-12T11:45:33.000Z,2025-05-12,1747050333,Âge Moyen,0,4,10,56.52,1,0,8,656533,182.37,227.803333,-75.19,1,0
M00178,P03230,U00636,TX0097900,173.88,20250516124041,Paris,CRYPTO,Health,60,32532.11,Paris,Standard,"[""Health""]",20250827,Premium Massage Gun 3230,Health,159.02,2.5,1034,M00178,WellnessStore 178,Health,Ile-de-France,0.0595,12,Vendredi,Mai,0,Afternoon,1,2025-05-16T12:40:41.000Z,2025-05-16,1747399241,Âge Moyen,0,5,10,230.40,2,0,4,348908,96.92,184.982500,-6.00,1,0
M00242,P00930,U00636,TX0008619,385.88,20250530222404,Paris,CRYPTO,Sports,60,32532.11,Paris,Standard,"[""Health""]",20250827,Classic Running Shoes 930,Sports,414.26,4.6,39,M00242,FitnessShop 242,Sports,Occitanie,0.0672,22,Vendredi,Mai,0,Night,0,2025-05-30T22:24:04.000Z,2025-05-30,1748643844,Âge Moyen,0,6,10,385.88,1,0,14,1244603,345.72,182.762000,111.14,2,1
M00224,P04644,U00636,TX0094786,662.60,20251101112145,Paris,CASH,Automotive,60,32532.11,Paris,Standard,"[""Health""]",20250827,Pro Dash Cam 4644,Automotive,724.6,3.2,6,M00224,MotorHub 224,Automotive,Ile-de-France,0.0646,11,Samedi,Novembre,1,Morning,1,2025-11-01T11:21:45.000Z,2025-11-01,1761996105,Âge Moyen,0,7,10,662.60,1,0,155,13352261,3708.96,216.615000,205.89,0,0
M00144,P05668,U00636,TX0020087,137.45,20251116115302,Paris,CRYPTO,Health,60,32532.11,Paris,Standard,"[""Health""]",20250827,Pro Blood Monitor 5668,Health,124.76,3.1,189,M00144,HealthHub 144,Health,Occitanie,0.0224,11,Dimanche,Novembre,1,Morning,1,2025-11-16T11:53:02.000Z,2025-11-16,1763293982,Âge Moyen,0,8,10,137.45,1,0,15,1297877,360.52,280.327143,-50.97,1,0
M00496,P03535,U00636,TX0058635,118.13,20251121074137,Paris,CRYPTO,Health,60,32532.11,Paris,Standard,"[""Health""]",20250827,Classic First Aid Kit 3535,Health,108.07,3.8,965,M00496,VitalShop 496,Health,Normandie,0.0934,7,Vendredi,Novembre,0,Morning,0,2025-11-21T07:41:37.000Z,2025-11-21,1763710897,Âge Moyen,0,9,10,255.58,2,0,5,416915,115.81,262.467500,-54.99,1,0
M00198,P05462,U00636,TX0058914,437.14,20251124130511,Le Havre,CRYPTO,Sports,60,32532.11,Paris,Standard,"[""Health""]",20250827,Essential Backpack 5462,Sports,400.03,3.9,990,M00198,ActiveWear 198,Sports,Bretagne,0.0673,13,Lundi,Novembre,0,Afternoon,1,2025-11-24T13:05:11.000Z,2025-11-24,1763989511,Âge Moyen,0,10,10,555.27,2,0,3,278614,77.39,246.430000,77.39,1,0
M00310,P03892,U00642,TX0039096,509.27,20250708094145,Toulon,CARD,Home & Garden,55,48553.16,Toulon,Premium,"[""Home & Garden"",""Toys"",""Books""]",20250302,Elite Plant Pot 3892,Home & Garden,492.1,2.4,489,M00310,GardenWorld 310,Home & Garden,Occitanie,0.0808,9,Mardi,Juillet,0,Morning,1,2025-07-08T09:41:45.000Z,2025-07-08,1751967705,Âge Moyen,0,1,8,509.27,1,0,,,,,,0,0
M00440,P01166,U00642,TX0108899,272.18,20250708180627,Toulon,CARD,Clothing,55,48553.16,Toulon,Premium,"[""Home & Garden"",""Toys"",""Books""]",20250302,Premium Sneakers 1166,Clothing,302.13,4.9,561,M00440,ClothingHub 440,Clothing,Ile-de-France,0.0534,18,Mardi,Juillet,0,Evening,0,2025-07-08T18:06:27.000Z,2025-07-08,1751997987,Âge Moyen,0,2,8,781.45,1,0,0,30282,8.41,509.270000,-46.55,0,0
M00276,P02743,U00642,TX0031926,122.41,20250714090211,Toulon,CARD,Clothing,55,48553.16,Toulon,Premium,"[""Home & Garden"",""Toys"",""Books""]",20250302,Pro Sneakers 2743,Clothing,112.07,4.6,1000,M00276,StyleShop 276,Clothing,Ile-de-France,0.0275,9,Lundi,Juillet,0,Morning,1,2025-07-14T09:02:11.000Z,2025-07-14,1752483731,Âge Moyen,0,3,8,903.86,2,0,6,485744,134.93,390.725000,-68.67,0,0
M00516,P04229,U00642,TX0054201,13.16,20250716081109,Toulon,CARD,Toys,55,48553.16,Toulon,Premium,"[""Home & Garden"",""Toys"",""Books""]",20250302,Pro Puzzle 4229,Toys,14.28,2.1,1063,M00516,ToyLand 516,Toys,Hauts-de-France,0.0287,8,Mercredi,Juillet,0,Morning,0,2025-07-16T08:11:09.000Z,2025-07-16,1752653469,Âge Moyen,0,4,8,135.57,2,0,2,169738,47.15,301.286667,-95.63,0,0
M00299,P04765,U00642,TX0112403,67.96,20250722084955,Toulon,CARD,Books,55,48553.16,Toulon,Premium,"[""Home & Garden"",""Toys"",""Books""]",20250302,Classic Novel 4765,Books,64.58,3.4,564,M00299,ReadMore 299,Books,Ile-de-France,0.0918,8,Mardi,Juillet,0,Morning,0,2025-07-22T08:49:55.000Z,2025-07-22,1753174195,Âge Moyen,0,5,8,81.12,2,0,6,520726,144.65,229.255000,-70.36,0,0
M00374,P01281,U00642,TX0033655,517.69,20250801204905,Toulon,CARD,Home & Garden,55,48553.16,Toulon,Premium,"[""Home & Garden"",""Toys"",""Books""]",20250302,Essential Lamp 1281,Home & Garden,499.06,3.1,919,M00374,DecorShop 374,Home & Garden,Auvergne-Rhône-Alpes,0.0678,20,Vendredi,Août,0,Evening,0,2025-08-01T20:49:05.000Z,2025-08-01,1754081345,Âge Moyen,0,6,8,517.69,1,0,10,907150,251.99,196.996000,162.79,0,0
M00439,P01539,U00642,TX0064089,228.77,20250802180011,Toulon,CARD,Toys,55,48553.16,Toulon,Premium,"[""Home & Garden"",""Toys"",""Books""]",20250302,Classic Building Blocks 1539,Toys,104.61,2.9,450,M00439,ToyLand 439,Toys,Provence-Alpes-Côte d'Azur,0.0999,18,Samedi,Août,1,Evening,0,2025-08-02T18:00:11.000Z,2025-08-02,1754157611,Âge Moyen,0,7,8,746.46,2,0,1,76266,21.19,250.445000,-8.65,0,0
M00554,P01830,U00642,TX0127376,510.34,20250820153017,Toulon,CARD,Automotive,55,48553.16,Toulon,Premium,"[""Home & Garden"",""Toys"",""Books""]",20250302,Premium Dash Cam 1830,Automotive,556.02,3.4,1147,M00554,MotorHub 554,Automotive,Auvergne-Rhône-Alpes,0.0458,15,Mercredi,Août,0,Afternoon,1,2025-08-20T15:30:17.000Z,2025-08-20,1755703817,Âge Moyen,0,8,8,510.34,1,0,18,1546206,429.5,247.348571,106.32,0,0
M00166,P00195,U00649,TX0081818,239.27,20250206194335,Nantes,PAYPAL,Electronics,38,37240.57,Nantes,Standard,"[""Books""]",20240915,Standard Headphones 195,Electronics,228.26,2.1,231,M00166,TechStore 166,Electronics,Ile-de-France,0.0503,19,Jeudi,Février,0,Evening,0,2025-02-06T19:43:35.000Z,2025-02-06,1738871015,Adulte,0,1,2,239.27,1,0,,,,,,0,0
M00238,P00305,U00649,TX0021041,83.46,20250217093135,Nantes,PAYPAL,Books,38,37240.57,Nantes,Standard,"[""Books""]",20240915,Elite Comic Book 305,Books,43.28,5.0,351,M00238,ReadMore 238,Books,Ile-de-France,0.0973,9,Lundi,Février,0,Morning,1,2025-02-17T09:31:35.000Z,2025-02-17,1739784695,Adulte,0,2,2,83.46,1,0,11,913680,253.8,239.270000,-65.12,0,0
M00566,P02887,U00659,TX0117345,1464.32,20250501115325,Saint-Etienne,BANK_TRANSFER,Electronics,35,121223.19,Nantes,VIP,"[""Electronics"",""Toys""]",20240506,Essential Headphones 2887,Electronics,1370.26,3.0,378,M00566,DigitalHub 566,Electronics,Hauts-de-France,0.0772,11,Jeudi,Mai,0,Morning,1,2025-05-01T11:53:25.000Z,2025-05-01,1746100405,Adulte,0,1,36,1464.32,1,0,,,,,,0,0
M00225,P00945,U00659,TX0060876,2288.19,20250503130548,Nantes,CARD,Electronics,35,121223.19,Nantes,VIP,"[""Electronics"",""Toys""]",20240506,Elite Laptop 945,Electronics,2156.96,3.1,150,M00225,TechStore 225,Electronics,Grand Est,0.0755,13,Samedi,Mai,1,Afternoon,1,2025-05-03T13:05:48.000Z,2025-05-03,1746277548,Adulte,0,2,36,3752.51,2,0,2,177143,49.21,1464.320000,56.26,0,0
M00009,P03773,U00659,TX0107865,280.58,20250511133802,Nantes,PAYPAL,Health,35,121223.19,Nantes,VIP,"[""Electronics"",""Toys""]",20240506,Premium Massage Gun 3773,Health,88.79,3.7,1163,M00009,VitalShop 9,Health,Nouvelle-Aquitaine,0.0627,13,Dimanche,Mai,1,Afternoon,1,2025-05-11T13:38:02.000Z,2025-05-11,1746970682,Adulte,0,3,36,280.58,1,0,8,693134,192.54,1876.255000,-85.05,0,0
M00149,P03693,U00659,TX0064616,1452.24,20250523185402,Nantes,BANK_TRANSFER,Electronics,35,121223.19,Nantes,VIP,"[""Electronics"",""Toys""]",20240506,Classic Headphones 3693,Electronics,1457.58,2.9,762,M00149,DigitalHub 149,Electronics,Normandie,0.0608,18,Vendredi,Mai,0,Evening,0,2025-05-23T18:54:02.000Z,2025-05-23,1748026442,Adulte,0,4,36,1452.24,1,0,12,1055760,293.27,1344.363333,8.02,0,0
M00334,P05187,U00659,TX0117818,50.23,20250528100934,Nantes,BANK_TRANSFER,Beauty,35,121223.19,Nantes,VIP,"[""Electronics"",""Toys""]",20240506,Pro Lipstick 5187,Beauty,53.73,2.8,73,M00334,BeautyCorner 334,Beauty,Ile-de-France,0.0195,10,Mercredi,Mai,0,Morning,1,2025-05-28T10:09:34.000Z,2025-05-28,1748426974,Adulte,0,5,36,1502.47,2,0,5,400532,111.26,1371.332500,-96.34,0,0
M00033,P04199,U00659,TX0130922,1001.00,20250531153223,Nantes,BANK_TRANSFER,Electronics,35,121223.19,Nantes,VIP,"[""Electronics"",""Toys""]",20240506,Standard Tablet 4199,Electronics,1077.38,5.0,583,M00033,DigitalHub 33,Electronics,,0.0715,15,Samedi,Mai,1,Afternoon,1,2025-05-31T15:32:23.000Z,2025-05-31,1748705543,Adulte,0,6,36,1051.23,2,0,3,278569,77.38,1107.112000,-9.58,0,0
M00528,P03386,U00659,TX0128849,29.39,20250606103239,Nantes,PAYPAL,Toys,35,121223.19,Nantes,VIP,"[""Electronics"",""Toys""]",20240506,Pro Board Game 3386,Toys,29.48,2.6,433,M00528,ToyHub 528,Toys,Nouvelle-Aquitaine,0.0723,10,Vendredi,Juin,0,Morning,1,2025-06-06T10:32:39.000Z,2025-06-06,1749205959,Adulte,0,7,36,1030.39,2,0,6,500416,139.0,1089.426667,-97.30,0,0
M00329,P00875,U00659,TX0136319,699.00,20250609092852,Reims,BANK_TRANSFER,Electronics,35,121223.19,Nantes,VIP,"[""Electronics"",""Toys""]",20240506,Standard Laptop 875,Electronics,773.54,3.4,298,M00329,DigitalHub 329,Electronics,Pays de la Loire,0.0772,9,Lundi,Juin,0,Morning,1,2025-06-09T09:28:52.000Z,2025-06-09,1749461332,Adulte,0,8,36,728.39,2,0,3,255373,70.94,937.992857,-25.48,0,0
M00117,P01769,U00659,TX0024542,20.52,20250612182223,Nantes,BANK_TRANSFER,Toys,35,121223.19,Nantes,VIP,"[""Electronics"",""Toys""]",20240506,Classic Action Figure 1769,Toys,19.83,3.7,1064,M00117,ToyHub 117,Toys,Hauts-de-France,0.0833,18,Jeudi,Juin,0,Evening,0,2025-06-12T18:22:23.000Z,2025-06-12,1749752543,Adulte,0,9,36,748.91,3,0,3,291211,80.89,908.118750,-97.74,0,0
M00595,P01936,U00659,TX0011910,191.95,20250614231720,Nantes,PAYPAL,Health,35,121223.19,Nantes,VIP,"[""Electronics"",""Toys""]",20240506,Elite Scale 1936,Health,212.47,4.8,1138,M00595,HealthShop 595,Health,Ile-de-France,0.0372,23,Samedi,Juin,1,Night,0,2025-06-14T23:17:20.000Z,2025-06-14,1749943040,Adulte,0,10,36,911.47,3,0,2,190497,52.92,809.496667,-76.29,1,0
M00252,P04855,U00659,TX0061343,501.31,20250616141446,Nantes,BANK_TRANSFER,Home & Garden,35,121223.19,Nantes,VIP,"[""Electronics"",""Toys""]",20240506,Pro Plant Pot 4855,Home & Garden,450.64,4.0,282,M00252,DecorShop 252,Home & Garden,Provence-Alpes-Côte d'Azur,0.0944,14,Lundi,Juin,0,Afternoon,1,2025-06-16T14:14:46.000Z,2025-06-16,1750083286,Adulte,0,11,36,713.78,3,0,2,140246,38.96,747.742000,-32.96,0,0
M00173,P00060,U00659,TX0135551,108.07,20250622135350,Nantes,BANK_TRANSFER,Toys,35,121223.19,Nantes,VIP,"[""Electronics"",""Toys""]",20240506,Essential Puzzle 60,Toys,120.06,3.8,130,M00173,PlayShop 173,Toys,Auvergne-Rhône-Alpes,0.0114,13,Dimanche,Juin,1,Afternoon,1,2025-06-22T13:53:50.000Z,2025-06-22,1750600430,Adulte,0,12,36,609.38,2,0,6,517144,143.65,725.339091,-85.10,0,0
M00307,P04119,U00659,TX0125749,560.64,20250626120651,Nantes,BANK_TRANSFER,Sports,35,121223.19,Nantes,VIP,"[""Electronics"",""Toys""]",20240506,Essential Backpack 4119,Sports,509.0,4.0,506,M00307,SportZone 307,Sports,Bretagne,0.0933,12,Jeudi,Juin,0,Afternoon,1,2025-06-26T12:06:51.000Z,2025-06-26,1750939611,Adulte,0,13,36,668.71,2,0,4,339181,94.22,673.900000,-16.81,0,0
M00266,P01998,U00659,TX0124195,1230.43,20250629182415,Nantes,CARD,Electronics,35,121223.19,Nantes,VIP,"[""Electronics"",""Toys""]",20240506,Elite Smartphone 1998,Electronics,1360.11,4.4,781,M00266,ElectroWorld 266,Electronics,Normandie,0.0147,18,Dimanche,Juin,1,Evening,0,2025-06-29T18:24:15.000Z,2025-06-29,1751221455,Adulte,0,14,36,1791.07,2,0,3,281844,78.29,665.187692,84.97,0,0
M00197,P05789,U00659,TX0032738,750.55,20250907193838,Nantes,PAYPAL,Electronics,35,121223.19,Nantes,VIP,"[""Electronics"",""Toys""]",20240506,Classic Smartphone 5789,Electronics,743.43,4.7,866,M00197,TechStore 197,Electronics,Ile-de-France,0.0487,19,Dimanche,Septembre,1,Evening,0,2025-09-07T19:38:38.000Z,2025-09-07,1757273918,Adulte,0,15,36,750.55,1,0,70,6052463,1681.24,705.562143,6.38,0,0
M00072,P03116,U00659,TX0116375,371.90,20250909130903,Nantes,BANK_TRANSFER,Electronics,35,121223.19,Nantes,VIP,"[""Electronics"",""Toys""]",20240506,Premium Smartphone 3116,Electronics,336.18,2.3,945,M00072,TechStore 72,Electronics,Pays de la Loire,0.0935,13,Mardi,Septembre,0,Afternoon,1,2025-09-09T13:09:03.000Z,2025-09-09,1757423343,Adulte,0,16,36,1122.45,2,0,2,149425,41.51,708.561333,-47.51,0,0
M00194,P01974,U00659,TX0016255,70.67,20250913111319,Nantes,BANK_TRANSFER,Toys,35,121223.19,Nantes,VIP,"[""Electronics"",""Toys""]",20240506,Essential Puzzle 1974,Toys,69.73,2.8,337,M00194,ToyLand 194,Toys,Grand Est,0.0455,11,Samedi,Septembre,1,Morning,1,2025-09-13T11:13:19.000Z,2025-09-13,1757761999,Adulte,0,17,36,1193.12,3,0,4,338656,94.07,687.520000,-89.72,0,0
M00051,P00312,U00659,TX0129297,6.77,20250914133946,Nantes,PAYPAL,Toys,35,121223.19,Nantes,VIP,"[""Electronics"",""Toys""]",20240506,Pro Toy Car 312,Toys,6.19,2.2,122,M00051,ToyLand 51,Toys,Grand Est,0.0783,13,Dimanche,Septembre,1,Afternoon,1,2025-09-14T13:39:46.000Z,2025-09-14,1757857186,Adulte,0,18,36,1199.89,4,0,1,95187,26.44,651.234706,-98.96,0,0
M00533,P04397,U00659,TX0065194,64.55,20250917121307,Nantes,BANK_TRANSFER,Toys,35,121223.19,Nantes,VIP,"[""Electronics"",""Toys""]",20240506,Standard Puzzle 4397,Toys,67.62,4.0,172,M00533,ToyLand 533,Toys,Hauts-de-France,0.0203,12,Mercredi,Septembre,0,Afternoon,1,2025-09-17T12:13:07.000Z,2025-09-17,1758111187,Adulte,0,19,36,141.99,3,0,3,254001,70.56,615.431111,-89.51,0,0
M00556,P00811,U00659,TX0093615,1659.48,20250920152148,Nantes,BANK_TRANSFER,Electronics,35,121223.19,Nantes,VIP,"[""Electronics"",""Toys""]",20240506,Elite Smart TV 811,Electronics,1492.19,2.7,578,M00556,ElectroWorld 556,Electronics,Normandie,0.0204,15,Samedi,Septembre,1,Afternoon,1,2025-09-20T15:21:48.000Z,2025-09-20,1758381708,Adulte,0,20,36,1730.80,3,0,3,270521,75.14,586.437368,182.98,0,0
M00247,P01941,U00659,TX0129807,1155.13,20250924230700,Nantes,CASH,Electronics,35,121223.19,Nantes,VIP,"[""Electronics"",""Toys""]",20240506,Pro Camera 1941,Electronics,1119.48,4.7,803,M00247,GadgetShop 247,Electronics,Grand Est,0.0349,23,Mercredi,Septembre,0,Night,0,2025-09-24T23:07:00.000Z,2025-09-24,1758755220,Adulte,0,21,36,2814.61,2,0,4,373512,103.75,640.089500,80.46,1,0
M00257,P04020,U00659,TX0029502,136.53,20251014175747,Nantes,BANK_TRANSFER,Toys,35,121223.19,Nantes,VIP,"[""Electronics"",""Toys""]",20240506,Pro Action Figure 4020,Toys,145.03,5.0,741,M00257,KidsWorld 257,Toys,Auvergne-Rhône-Alpes,0.0369,17,Mardi,Octobre,0,Afternoon,1,2025-10-14T17:57:47.000Z,2025-10-14,1760464667,Adulte,0,22,36,136.53,1,0,20,1709447,474.85,664.615238,-79.46,0,0
M00158,P05618,U00659,TX0096873,1584.84,20251015102350,Nantes,BANK_TRANSFER,Electronics,35,121223.19,Nantes,VIP,"[""Electronics"",""Toys""]",20240506,Essential Smartphone 5618,Electronics,1448.89,3.3,291,M00158,ElectroWorld 158,Electronics,Nouvelle-Aquitaine,0.0131,10,Mercredi,Octobre,0,Morning,1,2025-10-15T10:23:50.000Z,2025-10-15,1760523830,Adulte,0,23,36,1721.37,2,0,1,59163,16.43,640.611364,147.39,0,0
M00138,P00703,U00659,TX0002162,15.63,20251016153704,Nantes,BANK_TRANSFER,Toys,35,121223.19,Nantes,VIP,"[""Electronics"",""Toys""]",20240506,Elite Puzzle 703,Toys,14.01,4.8,926,M00138,PlayShop 138,Toys,Provence-Alpes-Côte d'Azur,0.0972,15,Jeudi,Octobre,0,Afternoon,1,2025-10-16T15:37:04.000Z,2025-10-16,1760629024,Adulte,0,24,36,1737.00,3,0,1,105194,29.22,681.664783,-97.71,0,0
M00555,P04942,U00659,TX0044615,1945.55,20251016162839,Nantes,BANK_TRANSFER,Electronics,35,121223.19,Nantes,VIP,"[""Electronics"",""Toys""]",20240506,Elite Tablet 4942,Electronics,1871.8,5.0,649,M00555,DigitalHub 555,Electronics,Normandie,0.0174,16,Jeudi,Octobre,0,Afternoon,1,2025-10-16T16:28:39.000Z,2025-10-16,1760632119,Adulte,0,25,36,3682.55,3,0,0,3095,0.86,653.913333,197.52,0,0
M00047,P04349,U00659,TX0132915,74.69,20251017094359,Nantes,CARD,Food,35,121223.19,Nantes,VIP,"[""Electronics"",""Toys""]",20240506,Classic Chocolate Box 4349,Food,68.42,3.0,719,M00047,FoodMart 47,Food,Pays de la Loire,0.0417,9,Vendredi,Octobre,0,Morning,1,2025-10-17T09:43:59.000Z,2025-10-17,1760694239,Adulte,0,26,36,3757.24,4,0,1,62120,17.26,705.578800,-89.41,0,0
M00168,P04430,U00659,TX0017548,861.68,20251019223310,Nantes,PAYPAL,Electronics,35,121223.19,Nantes,VIP,"[""Electronics"",""Toys""]",20240506,Pro Camera 4430,Electronics,392.8,2.0,1168,M00168,TechStore 168,Electronics,Ile-de-France,0.0182,22,Dimanche,Octobre,1,Night,0,2025-10-19T22:33:10.000Z,2025-10-19,1760913190,Adulte,0,27,36,4618.92,5,1,2,218951,60.82,681.313846,26.47,1,0
M00195,P03495,U00659,TX0132749,182.11,20251023185315,Marseille,BANK_TRANSFER,Sports,35,121223.19,Nantes,VIP,"[""Electronics"",""Toys""]",20240506,Pro Running Shoes 3495,Sports,166.38,3.0,325,M00195,SportHub 195,Sports,Hauts-de-France,0.044,18,Jeudi,Octobre,0,Evening,0,2025-10-23T18:53:15.000Z,2025-10-23,1761245595,Adulte,0,28,36,1118.48,3,0,4,332405,92.33,687.994074,-73.53,0,0
M00240,P02312,U00659,TX0066821,19.88,20251024185559,Nantes,CARD,Health,35,121223.19,Nantes,VIP,"[""Electronics"",""Toys""]",20240506,Premium Massage Gun 2312,Health,20.35,2.0,1195,M00240,WellnessStore 240,Health,Nouvelle-Aquitaine,0.0235,18,Vendredi,Octobre,0,Evening,0,2025-10-24T18:55:59.000Z,2025-10-24,1761332159,Adulte,0,29,36,1063.67,3,0,1,86564,24.05,669.926786,-97.03,0,0
M00180,P01110,U00659,TX0068209,37.11,20251111204345,Nantes,BANK_TRANSFER,Toys,35,121223.19,Nantes,VIP,"[""Electronics"",""Toys""]",20240506,Essential Building Blocks 1110,Toys,16.58,3.1,721,M00180,ToyHub 180,Toys,Bretagne,0.0175,20,Mardi,Novembre,0,Evening,0,2025-11-11T20:43:45.000Z,2025-11-11,1762893825,Adulte,0,30,36,37.11,1,0,18,1561666,433.8,647.511379,-94.27,0,0
M00133,P00470,U00659,TX0034021,610.20,20251115105645,Nantes,BANK_TRANSFER,Home & Garden,35,121223.19,Nantes,VIP,"[""Electronics"",""Toys""]",20240506,Classic Cookware Set 470,Home & Garden,567.98,3.8,46,M00133,DecorShop 133,Home & Garden,Ile-de-France,0.0107,10,Samedi,Novembre,1,Morning,1,2025-11-15T10:56:45.000Z,2025-11-15,1763204205,Adulte,0,31,36,647.31,2,0,4,310380,86.22,627.164667,-2.70,0,0
M00345,P02095,U00659,TX0012969,326.08,20251116164751,Nantes,BANK_TRANSFER,Electronics,35,121223.19,Nantes,VIP,"[""Electronics"",""Toys""]",20240506,Classic Laptop 2095,Electronics,324.89,2.0,1015,M00345,GadgetShop 345,Electronics,Normandie,0.0358,16,Dimanche,Novembre,1,Afternoon,1,2025-11-16T16:47:51.000Z,2025-11-16,1763311671,Adulte,0,32,36,973.39,3,0,1,107466,29.85,626.617419,-47.96,0,0
M00446,P04952,U00659,TX0137157,338.59,20251116232917,Nantes,PAYPAL,Home & Garden,35,121223.19,Nantes,VIP,"[""Electronics"",""Toys""]",20240506,Standard Plant Pot 4952,Home & Garden,161.03,3.2,721,M00446,DecorShop 446,Home & Garden,Normandie,0.0539,23,Dimanche,Novembre,1,Night,0,2025-11-16T23:29:17.000Z,2025-11-16,1763335757,Adulte,0,33,36,1311.98,3,0,0,24086,6.69,617.225625,-45.14,1,0
M00168,P04430,U00659,TX0000761,385.92,20251128222837,Nantes,PAYPAL,Electronics,35,121223.19,Nantes,VIP,"[""Electronics"",""Toys""]",20240506,Pro Camera 4430,Electronics,392.8,2.0,1168,M00168,TechStore 168,Electronics,Ile-de-France,0.0182,22,Vendredi,Novembre,0,Night,0,2025-11-28T22:28:37.000Z,2025-11-28,1764368917,Adulte,0,34,36,385.92,1,0,12,1033160,286.99,608.782121,-36.61,1,0
M00097,P05651,U00659,TX0013327,203.85,20251130145349,Nantes,BANK_TRANSFER,Toys,35,121223.19,Nantes,VIP,"[""Electronics"",""Toys""]",20240506,Pro Action Figure 5651,Toys,92.62,3.9,1111,M00097,ToyLand 97,Toys,Occitanie,0.061,14,Dimanche,Novembre,1,Afternoon,1,2025-11-30T14:53:49.000Z,2025-11-30,1764514429,Adulte,0,35,36,589.77,2,0,2,145512,40.42,602.227353,-66.15,0,0
M00166,P05628,U00659,TX0061261,929.32,20251130180138,Nantes,BANK_TRANSFER,Electronics,35,121223.19,Nantes,VIP,"[""Electronics"",""Toys""]",20240506,Elite Smart TV 5628,Electronics,881.65,3.5,861,M00166,TechStore 166,Electronics,Ile-de-France,0.0503,18,Dimanche,Novembre,1,Evening,0,2025-11-30T18:01:38.000Z,2025-11-30,1764525698,Adulte,0,36,36,1519.09,2,0,0,11269,3.13,590.845143,57.29,0,0
M00284,P05305,U00669,TX0041490,3704.96,20240602223851,Saint-Etienne,CARD,Electronics,58,58622.59,Saint-Etienne,Premium,"[""Electronics""]",20231129,Elite Laptop 5305,Electronics,1336.73,3.3,854,M00284,GadgetShop 284,Electronics,Hauts-de-France,0.0346,22,Dimanche,Juin,1,Night,0,2024-06-02T22:38:51.000Z,2024-06-02,1717367931,Âge Moyen,0,1,16,3704.96,1,0,,,,,,1,0
M00563,P02036,U00669,TX0034701,114.86,20240611125426,Reims,CARD,Toys,58,58622.59,Saint-Etienne,Premium,"[""Electronics""]",20231129,Classic Puzzle 2036,Toys,59.89,3.5,851,M00563,ToyLand 563,Toys,,0.0811,12,Mardi,Juin,0,Afternoon,1,2024-06-11T12:54:26.000Z,2024-06-11,1718110466,Âge Moyen,0,2,16,114.86,1,0,9,742535,206.26,3704.960000,-96.90,0,0
M00298,P05285,U00669,TX0097240,1546.06,20240613164805,Saint-Etienne,BANK_TRANSFER,Electronics,58,58622.59,Saint-Etienne,Premium,"[""Electronics""]",20231129,Essential Smart TV 5285,Electronics,1676.98,3.0,393,M00298,GadgetShop 298,Electronics,Nouvelle-Aquitaine,0.078,16,Jeudi,Juin,0,Afternoon,1,2024-06-13T16:48:05.000Z,2024-06-13,1718297285,Âge Moyen,0,3,16,1660.92,2,0,2,186819,51.89,1909.910000,-19.05,0,0
M00198,P03025,U00669,TX0135549,277.61,20240713132650,Saint-Etienne,CRYPTO,Sports,58,58622.59,Saint-Etienne,Premium,"[""Electronics""]",20231129,Pro Tennis Racket 3025,Sports,249.62,3.2,221,M00198,ActiveWear 198,Sports,Bretagne,0.0673,13,Samedi,Juillet,1,Afternoon,1,2024-07-13T13:26:50.000Z,2024-07-13,1720877210,Âge Moyen,0,4,16,277.61,1,0,30,2579925,716.65,1788.626667,-84.48,1,0
M00557,P03120,U00669,TX0021577,790.89,20240719022157,Dijon,CARD,Electronics,58,58622.59,Saint-Etienne,Premium,"[""Electronics""]",20231129,Elite Smart TV 3120,Electronics,860.58,2.8,286,M00557,GadgetShop 557,Electronics,Normandie,0.067,2,Vendredi,Juillet,0,Night,0,2024-07-19T02:21:57.000Z,2024-07-19,1721355717,Âge Moyen,0,5,16,1068.50,2,0,6,478507,132.92,1410.872500,-43.94,1,0
M00399,P03160,U00669,TX0059223,27.46,20240725194542,Saint-Etienne,CARD,Beauty,58,58622.59,Saint-Etienne,Premium,"[""Electronics""]",20231129,Standard Serum 3160,Beauty,28.72,2.9,161,M00399,BeautyWorld 399,Beauty,Hauts-de-France,0.0398,19,Jeudi,Juillet,0,Evening,0,2024-07-25T19:45:42.000Z,2024-07-25,1721936742,Âge Moyen,0,6,16,818.35,2,0,6,581025,161.4,1286.876000,-97.87,0,0
M00266,P02319,U00669,TX0125814,800.69,20240805150315,Saint-Etienne,CARD,Electronics,58,58622.59,Saint-Etienne,Premium,"[""Electronics""]",20231129,Pro Smart TV 2319,Electronics,847.13,3.7,725,M00266,ElectroWorld 266,Electronics,Normandie,0.0147,15,Lundi,Août,0,Afternoon,1,2024-08-05T15:03:15.000Z,2024-08-05,1722870195,Âge Moyen,0,7,16,800.69,1,0,11,933453,259.29,1076.973333,-25.65,0,0
M00463,P04409,U00669,TX0022848,1592.23,20240809003928,Le Havre,CARD,Electronics,58,58622.59,Saint-Etienne,Premium,"[""Electronics""]",20231129,Classic Laptop 4409,Electronics,1543.7,4.2,1010,M00463,ElectroWorld 463,Electronics,Auvergne-Rhône-Alpes,0.0446,0,Vendredi,Août,0,Night,0,2024-08-09T00:39:28.000Z,2024-08-09,1723163968,Âge Moyen,0,8,16,2392.92,2,0,4,293773,81.6,1037.504286,53.47,1,0
M00197,P01883,U00669,TX0086274,1747.51,20240817124400,Saint-Etienne,CARD,Electronics,58,58622.59,Saint-Etienne,Premium,"[""Electronics""]",20231129,Classic Laptop 1883,Electronics,1677.36,2.8,743,M00197,TechStore 197,Electronics,Ile-de-France,0.0487,12,Samedi,Août,1,Afternoon,1,2024-08-17T12:44:00.000Z,2024-08-17,1723898640,Âge Moyen,0,9,16,1747.51,1,0,8,734672,204.08,1106.845000,57.88,0,0
M00033,P03863,U00669,TX0013359,1584.82,20240821170136,Saint-Etienne,CARD,Electronics,58,58622.59,Saint-Etienne,Premium,"[""Electronics""]",20231129,Classic Camera 3863,Electronics,1622.6,3.8,72,M00033,DigitalHub 33,Electronics,,0.0715,17,Mercredi,Août,0,Afternoon,1,2024-08-21T17:01:36.000Z,2024-08-21,1724259696,Âge Moyen,0,10,16,3332.33,2,0,4,361056,100.29,1178.030000,34.53,0,0
M00545,P05081,U00669,TX0012114,794.36,20240828143848,Saint-Etienne,CARD,Electronics,58,58622.59,Saint-Etienne,Premium,"[""Electronics""]",20231129,Classic Laptop 5081,Electronics,796.2,4.2,93,M00545,GadgetShop 545,Electronics,Auvergne-Rhône-Alpes,0.0731,14,Mercredi,Août,0,Afternoon,1,2024-08-28T14:38:48.000Z,2024-08-28,1724855928,Âge Moyen,0,11,16,2379.18,2,0,7,596232,165.62,1218.709000,-34.82,0,0
M00033,P05837,U00669,TX0120360,1317.34,20240830003357,Saint-Etienne,CARD,Electronics,58,58622.59,Saint-Etienne,Premium,"[""Electronics""]",20231129,Classic Laptop 5837,Electronics,1216.02,3.8,830,M00033,DigitalHub 33,Electronics,,0.0715,0,Vendredi,Août,0,Night,0,2024-08-30T00:33:57.000Z,2024-08-30,1724978037,Âge Moyen,0,12,16,2111.70,2,0,2,122109,33.92,1180.131818,11.63,1,0
M00199,P00203,U00669,TX0096454,1125.31,20251102122738,Saint-Etienne,CARD,Electronics,58,58622.59,Saint-Etienne,Premium,"[""Electronics""]",20231129,Standard Tablet 203,Electronics,1063.09,4.4,1149,M00199,GadgetShop 199,Electronics,Pays de la Loire,0.0562,12,Dimanche,Novembre,1,Afternoon,1,2025-11-02T12:27:38.000Z,2025-11-02,1762086458,Âge Moyen,0,13,16,1125.31,1,0,429,37108421,10307.89,1191.565833,-5.56,0,0
M00340,P00467,U00669,TX0054298,55.56,20251116150344,Rennes,CARD,Sports,58,58622.59,Saint-Etienne,Premium,"[""Electronics""]",20231129,Premium Tennis Racket 467,Sports,52.55,2.6,580,M00340,SportZone 340,Sports,Ile-de-France,0.0293,15,Dimanche,Novembre,1,Afternoon,1,2025-11-16T15:03:44.000Z,2025-11-16,1763305424,Âge Moyen,0,14,16,55.56,1,0,14,1218966,338.6,1186.469231,-95.32,0,0
M00147,P03102,U00669,TX0005658,8.83,20251123164512,Saint-Etienne,CARD,Books,58,58622.59,Saint-Etienne,Premium,"[""Electronics""]",20231129,Essential Comic Book 3102,Books,9.0,3.6,320,M00147,ReadMore 147,Books,Nouvelle-Aquitaine,0.0843,16,Dimanche,Novembre,1,Afternoon,1,2025-11-23T16:45:12.000Z,2025-11-23,1763916312,Âge Moyen,0,15,16,8.83,1,0,7,610888,169.69,1105.690000,-99.20,0,0
M00258,P02038,U00669,TX0001557,1216.89,20251128135802,Saint-Etienne,CASH,Electronics,58,58622.59,Saint-Etienne,Premium,"[""Electronics""]",20231129,Standard Camera 2038,Electronics,1133.17,2.9,781,M00258,DigitalHub 258,Electronics,Provence-Alpes-Côte d'Azur,0.0181,13,Vendredi,Novembre,0,Afternoon,1,2025-11-28T13:58:02.000Z,2025-11-28,1764338282,Âge Moyen,0,16,16,1225.72,2,0,5,421970,117.21,1032.566000,17.85,0,0
M00039,P00191,U00716,TX0027487,36.75,20250504013136,Marseille,CARD,Health,32,25655.49,Marseille,Budget,"[""Health""]",20230811,Standard Vitamins 191,Health,32.86,1.9,264,M00039,HealthShop 39,Health,Grand Est,0.0297,1,Dimanche,Mai,1,Night,0,2025-05-04T01:31:36.000Z,2025-05-04,1746322296,Adulte,0,1,5,36.75,1,0,,,,,,1,0
M00560,P01597,U00716,TX0120259,212.01,20250706194430,Marseille,PAYPAL,Health,32,25655.49,Marseille,Budget,"[""Health""]",20230811,Standard First Aid Kit 1597,Health,206.05,4.1,176,M00560,VitalShop 560,Health,Ile-de-France,0.0903,19,Dimanche,Juillet,1,Evening,0,2025-07-06T19:44:30.000Z,2025-07-06,1751831070,Adulte,0,2,5,212.01,1,0,63,5508774,1530.22,36.750000,476.90,1,0
M00412,P05979,U00716,TX0024586,175.83,20250722101949,Marseille,CASH,Health,32,25655.49,Marseille,Budget,"[""Health""]",20230811,Essential Vitamins 5979,Health,168.77,3.9,290,M00412,HealthShop 412,Health,Auvergne-Rhône-Alpes,0.0125,10,Mardi,Juillet,0,Morning,1,2025-07-22T10:19:49.000Z,2025-07-22,1753179589,Adulte,0,3,5,175.83,1,0,16,1348519,374.59,124.380000,41.37,0,0
M00046,P03836,U00716,TX0100900,93.35,20250722175755,Montpellier,CARD,Health,32,25655.49,Marseille,Budget,"[""Health""]",20230811,Elite Vitamins 3836,Health,98.88,2.6,720,M00046,HealthHub 46,Health,Hauts-de-France,0.085,17,Mardi,Juillet,0,Afternoon,1,2025-07-22T17:57:55.000Z,2025-07-22,1753207075,Adulte,0,4,5,269.18,1,0,0,27486,7.64,141.530000,-34.04,0,0
M00560,P04358,U00716,TX0011452,84.30,20250817202848,Marseille,CARD,Health,32,25655.49,Marseille,Budget,"[""Health""]",20230811,Premium Vitamins 4358,Health,84.0,3.5,1069,M00560,VitalShop 560,Health,Ile-de-France,0.0903,20,Dimanche,Août,1,Evening,0,2025-08-17T20:28:48.000Z,2025-08-17,1755462528,Adulte,0,5,5,84.30,1,0,26,2255453,626.51,129.485000,-34.90,0,0
M00422,P01048,U00726,TX0110207,73.64,20250525070244,Marseille,CARD,Food,55,30923.99,Marseille,Budget,"[""Food""]",20231008,Premium Olive Oil 1048,Food,66.06,2.4,556,M00422,FoodMart 422,Food,Occitanie,0.0342,7,Dimanche,Mai,1,Morning,0,2025-05-25T07:02:44.000Z,2025-05-25,1748156564,Âge Moyen,0,1,2,73.64,1,0,,,,,,0,0
M00030,P01985,U00726,TX0106926,33.78,20250531113315,Marseille,CARD,Food,55,30923.99,Marseille,Budget,"[""Food""]",20231008,Pro Pasta Box 1985,Food,33.64,3.2,594,M00030,FreshMarket 30,Food,Nouvelle-Aquitaine,0.0827,11,Samedi,Mai,1,Morning,1,2025-05-31T11:33:15.000Z,2025-05-31,1748691195,Âge Moyen,0,2,2,107.42,2,0,6,534631,148.51,73.640000,-54.13,0,0
M00522,P02290,U00734,TX0003721,1702.17,20251101123401,Paris,BANK_TRANSFER,Home & Garden,42,115441.28,Paris,VIP,"[""Health""]",20230516,Premium Rug 2290,Home & Garden,837.33,4.2,557,M00522,GardenWorld 522,Home & Garden,Auvergne-Rhône-Alpes,0.0203,12,Samedi,Novembre,1,Afternoon,1,2025-11-01T12:34:01.000Z,2025-11-01,1762000441,Adulte,0,1,13,1702.17,1,0,,,,,,0,0
M00516,P01929,U00734,TX0082333,75.38,20251112185850,Paris,CASH,Toys,42,115441.28,Paris,VIP,"[""Health""]",20230516,Premium Puzzle 1929,Toys,81.11,2.8,597,M00516,ToyLand 516,Toys,Hauts-de-France,0.0287,18,Mercredi,Novembre,0,Evening,0,2025-11-12T18:58:50.000Z,2025-11-12,1762973930,Adulte,0,2,13,75.38,1,0,11,973489,270.41,1702.170000,-95.57,0,0
M00039,P03791,U00734,TX0115970,158.23,20251115035559,Paris,CRYPTO,Health,42,115441.28,Paris,VIP,"[""Health""]",20230516,Essential Scale 3791,Health,151.07,2.2,449,M00039,HealthShop 39,Health,Grand Est,0.0297,3,Samedi,Novembre,1,Night,0,2025-11-15T03:55:59.000Z,2025-11-15,1763178959,Adulte,0,3,13,233.61,2,0,3,205029,56.95,888.775000,-82.20,2,1
M00263,P01371,U00734,TX0079410,134.70,20251124201534,Paris,CASH,Health,42,115441.28,Paris,VIP,"[""Health""]",20230516,Premium Thermometer 1371,Health,123.19,2.6,542,M00263,VitalShop 263,Health,Grand Est,0.0408,20,Lundi,Novembre,0,Evening,0,2025-11-24T20:15:34.000Z,2025-11-24,1764015334,Adulte,0,4,13,134.70,1,0,9,836375,232.33,645.260000,-79.12,0,0
M00108,P00485,U00734,TX0064412,348.00,20251125105454,Paris,CASH,Health,42,115441.28,Paris,VIP,"[""Health""]",20230516,Classic Thermometer 485,Health,105.87,3.5,134,M00108,HealthHub 108,Health,Ile-de-France,0.0723,10,Mardi,Novembre,0,Morning,1,2025-11-25T10:54:54.000Z,2025-11-25,1764068094,Adulte,0,5,13,482.70,2,0,1,52760,14.66,517.620000,-32.77,0,0
M00530,P01483,U00734,TX0032487,163.36,20251205061307,Paris,PAYPAL,Health,42,115441.28,Paris,VIP,"[""Health""]",20230516,Essential Thermometer 1483,Health,147.76,5.0,1044,M00530,VitalShop 530,Health,Provence-Alpes-Côte d'Azur,0.0533,6,Vendredi,Décembre,0,Morning,0,2025-12-05T06:13:07.000Z,2025-12-05,1764915187,Adulte,0,6,13,163.36,1,0,10,847093,235.3,483.696000,-66.23,0,0
M00514,P02509,U00734,TX0137411,939.82,20251207044500,Villeurbanne,CRYPTO,Health,42,115441.28,Paris,VIP,"[""Health""]",20230516,Pro Vitamins 2509,Health,168.85,4.4,914,M00514,WellnessStore 514,Health,Pays de la Loire,0.0147,4,Dimanche,Décembre,1,Night,0,2025-12-07T04:45:00.000Z,2025-12-07,1765082700,Adulte,0,7,13,1103.18,2,0,2,167513,46.53,430.306667,118.41,2,1
M00013,P05512,U00734,TX0098511,485.87,20251207135536,Paris,CASH,Clothing,42,115441.28,Paris,VIP,"[""Health""]",20230516,Classic Scarf 5512,Clothing,242.29,4.7,955,M00013,ClothingHub 13,Clothing,Bretagne,0.0571,13,Dimanche,Décembre,1,Afternoon,1,2025-12-07T13:55:36.000Z,2025-12-07,1765115736,Adulte,0,8,13,1589.05,2,0,0,33036,9.18,503.094286,-3.42,0,0
M00514,P02509,U00734,TX0044513,175.67,20251207174140,Paris,BANK_TRANSFER,Health,42,115441.28,Paris,VIP,"[""Health""]",20230516,Pro Vitamins 2509,Health,168.85,4.4,914,M00514,WellnessStore 514,Health,Pays de la Loire,0.0147,17,Dimanche,Décembre,1,Afternoon,1,2025-12-07T17:41:40.000Z,2025-12-07,1765129300,Adulte,0,9,13,1764.72,2,0,0,13564,3.77,500.941250,-64.93,0,0
M00144,P05872,U00734,TX0073492,221.44,20251214154429,Paris,CRYPTO,Health,42,115441.28,Paris,VIP,"[""Health""]",20230516,Elite Scale 5872,Health,214.72,4.5,397,M00144,HealthHub 144,Health,Occitanie,0.0224,15,Dimanche,Décembre,1,Afternoon,1,2025-12-14T15:44:29.000Z,2025-12-14,1765727069,Adulte,0,10,13,397.11,2,0,7,597769,166.05,464.800000,-52.36,1,0
M00205,P04247,U00734,TX0062575,213.17,20251222193902,Paris,CRYPTO,Toys,42,115441.28,Paris,VIP,"[""Health""]",20230516,Elite Board Game 4247,Toys,105.68,2.5,166,M00205,PlayShop 205,Toys,Occitanie,0.0271,19,Lundi,Décembre,0,Evening,0,2025-12-22T19:39:02.000Z,2025-12-22,1766432342,Adulte,0,11,13,213.17,1,0,8,705273,195.91,440.464000,-51.60,1,0
M00108,P02924,U00734,TX0089919,128.24,20251223115900,Paris,CASH,Health,42,115441.28,Paris,VIP,"[""Health""]",20230516,Classic Vitamins 2924,Health,118.24,4.0,556,M00108,HealthHub 108,Health,Ile-de-France,0.0723,11,Mardi,Décembre,0,Morning,1,2025-12-23T11:59:00.000Z,2025-12-23,1766491140,Adulte,0,12,13,341.41,2,0,1,58798,16.33,419.800909,-69.45,0,0
M00013,P03629,U00734,TX0112349,538.23,20251228211654,Paris,CASH,Clothing,42,115441.28,Paris,VIP,"[""Health""]",20230516,Elite Sneakers 3629,Clothing,246.32,2.1,1187,M00013,ClothingHub 13,Clothing,Bretagne,0.0571,21,Dimanche,Décembre,1,Evening,0,2025-12-28T21:16:54.000Z,2025-12-28,1766956614,Adulte,0,13,13,879.64,3,0,5,465474,129.3,395.504167,36.09,0,0
M00352,P02463,U00746,TX0087342,1759.31,20241120130444,Le Havre,CASH,Home & Garden,48,35443.98,Le Havre,Budget,"[""Home & Garden""]",20250330,Essential Garden Chair 2463,Home & Garden,810.18,3.3,416,M00352,HomeStyle 352,Home & Garden,Hauts-de-France,0.0143,13,Mercredi,Novembre,0,Afternoon,1,2024-11-20T13:04:44.000Z,2024-11-20,1732107884,Âge Moyen,0,1,6,1759.31,1,0,,,,,,0,0
M00537,P01599,U00746,TX0031565,132.42,20241122162616,Grenoble,BANK_TRANSFER,Home & Garden,48,35443.98,Le Havre,Budget,"[""Home & Garden""]",20250330,Pro Lamp 1599,Home & Garden,146.62,3.2,949,M00537,GardenWorld 537,Home & Garden,Bretagne,0.0776,16,Vendredi,Novembre,0,Afternoon,1,2024-11-22T16:26:16.000Z,2024-11-22,1732292776,Âge Moyen,0,2,6,1891.73,2,0,2,184892,51.36,1759.310000,-92.47,0,0
M00406,P00867,U00746,TX0126988,682.90,20241123174249,Le Havre,BANK_TRANSFER,Home & Garden,48,35443.98,Le Havre,Budget,"[""Home & Garden""]",20250330,Premium Rug 867,Home & Garden,747.75,5.0,989,M00406,HomeStyle 406,Home & Garden,Provence-Alpes-Côte d'Azur,0.0263,17,Samedi,Novembre,1,Afternoon,1,2024-11-23T17:42:49.000Z,2024-11-23,1732383769,Âge Moyen,0,3,6,2574.63,3,0,1,90993,25.28,945.865000,-27.80,0,0
M00283,P01643,U00746,TX0022140,1162.84,20250902063809,Le Havre,BANK_TRANSFER,Home & Garden,48,35443.98,Le Havre,Budget,"[""Home & Garden""]",20250330,Premium Rug 1643,Home & Garden,374.31,4.8,432,M00283,HomeCenter 283,Home & Garden,Auvergne-Rhône-Alpes,0.0706,6,Mardi,Septembre,0,Morning,0,2025-09-02T06:38:09.000Z,2025-09-02,1756795089,Âge Moyen,0,4,6,1162.84,1,0,283,24411320,6780.92,858.210000,35.50,0,0
M00522,P02851,U00746,TX0057427,330.44,20250907071843,Le Havre,BANK_TRANSFER,Home & Garden,48,35443.98,Le Havre,Budget,"[""Home & Garden""]",20250330,Essential Garden Chair 2851,Home & Garden,308.26,3.6,64,M00522,GardenWorld 522,Home & Garden,Auvergne-Rhône-Alpes,0.0203,7,Dimanche,Septembre,1,Morning,0,2025-09-07T07:18:43.000Z,2025-09-07,1757229523,Âge Moyen,0,5,6,1493.28,2,0,5,434434,120.68,934.367500,-64.63,0,0
M00600,P03211,U00746,TX0126969,14.80,20250916170819,Le Havre,BANK_TRANSFER,Beauty,48,35443.98,Le Havre,Budget,"[""Home & Garden""]",20250330,Standard Face Cream 3211,Beauty,13.74,2.5,679,M00600,BeautyWorld 600,Beauty,Nouvelle-Aquitaine,0.0397,17,Mardi,Septembre,0,Afternoon,1,2025-09-16T17:08:19.000Z,2025-09-16,1758042499,Âge Moyen,0,6,6,14.80,1,0,9,812976,225.83,813.582000,-98.18,0,0
M00406,P05845,U00764,TX0137682,27.20,20251129053140,Bordeaux,CARD,Home & Garden,26,53608.08,Paris,Standard,"[""Sports""]",20240709,Elite Rug 5845,Home & Garden,25.01,2.5,70,M00406,HomeStyle 406,Home & Garden,Provence-Alpes-Côte d'Azur,0.0263,5,Samedi,Novembre,1,Night,0,2025-11-29T05:31:40.000Z,2025-11-29,1764394300,Adulte,0,1,1,27.20,1,0,,,,,,1,0
M00321,P05909,U00793,TX0053635,42.80,20241201111747,Toulon,BANK_TRANSFER,Food,38,22832.14,Toulon,Budget,"[""Beauty""]",20240101,Standard Chocolate Box 5909,Food,45.2,3.9,1193,M00321,FreshMarket 321,Food,Nouvelle-Aquitaine,0.0428,11,Dimanche,Décembre,1,Morning,1,2024-12-01T11:17:47.000Z,2024-12-01,1733051867,Adulte,0,1,5,42.80,1,0,,,,,,0,0
M00503,P04043,U00793,TX0003091,468.51,20241202075737,Toulon,BANK_TRANSFER,Clothing,38,22832.14,Toulon,Budget,"[""Beauty""]",20240101,Classic Sneakers 4043,Clothing,163.49,3.9,143,M00503,ClothingHub 503,Clothing,Occitanie,0.0787,7,Lundi,Décembre,0,Morning,0,2024-12-02T07:57:37.000Z,2024-12-02,1733126257,Adulte,0,2,5,511.31,2,0,1,74390,20.66,42.800000,994.65,1,0
M00198,P02311,U00793,TX0109370,15.30,20241219180713,Toulon,BANK_TRANSFER,Sports,38,22832.14,Toulon,Budget,"[""Beauty""]",20240101,Essential Dumbbells 2311,Sports,15.77,2.9,852,M00198,ActiveWear 198,Sports,Bretagne,0.0673,18,Jeudi,Décembre,0,Evening,0,2024-12-19T18:07:13.000Z,2024-12-19,1734631633,Adulte,0,3,5,15.30,1,0,17,1505376,418.16,255.655000,-94.02,0,0
M00557,P03040,U00793,TX0060841,1461.47,20241226195701,Toulon,BANK_TRANSFER,Electronics,38,22832.14,Toulon,Budget,"[""Beauty""]",20240101,Standard Smart TV 3040,Electronics,1347.76,3.6,1095,M00557,GadgetShop 557,Electronics,Normandie,0.067,19,Jeudi,Décembre,0,Evening,0,2024-12-26T19:57:01.000Z,2024-12-26,1735243021,Adulte,0,4,5,1461.47,1,0,7,611388,169.83,175.536667,732.57,1,0
M00186,P02351,U00793,TX0089185,27.79,20250324150354,Toulon,CARD,Beauty,38,22832.14,Toulon,Budget,"[""Beauty""]",20240101,Premium Nail Kit 2351,Beauty,25.4,1.5,238,M00186,GlowShop 186,Beauty,Nouvelle-Aquitaine,0.0327,15,Lundi,Mars,0,Afternoon,1,2025-03-24T15:03:54.000Z,2025-03-24,1742828634,Adulte,0,5,5,27.79,1,0,88,7585613,2107.11,497.020000,-94.41,0,0
M00305,P02358,U00796,TX0018348,46.52,20240906193714,Marseille,CARD,Food,58,60540.13,Marseille,Premium,"[""Food""]",20250822,Essential Chocolate Box 2358,Food,45.0,3.8,930,M00305,GourmetShop 305,Food,Occitanie,0.0211,19,Vendredi,Septembre,0,Evening,0,2024-09-06T19:37:14.000Z,2024-09-06,1725651434,Âge Moyen,0,1,27,46.52,1,0,,,,,,0,0
M00052,P00917,U00796,TX0015937,63.19,20240907074911,Marseille,BANK_TRANSFER,Food,58,60540.13,Marseille,Premium,"[""Food""]",20250822,Standard Cheese Platter 917,Food,68.17,2.6,323,M00052,FoodMart 52,Food,Auvergne-Rhône-Alpes,0.0629,7,Samedi,Septembre,1,Morning,0,2024-09-07T07:49:11.000Z,2024-09-07,1725695351,Âge Moyen,0,2,27,109.71,2,0,1,43917,12.2,46.520000,35.83,0,0
M00193,P04687,U00796,TX0040222,56.01,20240914132113,Marseille,BANK_TRANSFER,Toys,58,60540.13,Marseille,Premium,"[""Food""]",20250822,Standard Doll 4687,Toys,53.33,2.8,1153,M00193,ToyLand 193,Toys,Ile-de-France,0.0191,13,Samedi,Septembre,1,Afternoon,1,2024-09-14T13:21:13.000Z,2024-09-14,1726320073,Âge Moyen,0,3,27,56.01,1,0,7,624722,173.53,54.855000,2.11,0,0
M00162,P01136,U00796,TX0047226,221.33,20240918085704,Marseille,CASH,Clothing,58,60540.13,Marseille,Premium,"[""Food""]",20250822,Standard Jeans 1136,Clothing,201.71,2.7,94,M00162,TrendyWear 162,Clothing,Ile-de-France,0.0465,8,Mercredi,Septembre,0,Morning,0,2024-09-18T08:57:04.000Z,2024-09-18,1726649824,Âge Moyen,0,4,27,277.34,2,0,4,329751,91.6,55.240000,300.67,1,0
M00272,P00065,U00796,TX0048641,93.31,20240926103756,Marseille,CARD,Food,58,60540.13,Marseille,Premium,"[""Food""]",20250822,Essential Tea Set 65,Food,83.9,5.0,1086,M00272,FoodHub 272,Food,Ile-de-France,0.0776,10,Jeudi,Septembre,0,Morning,1,2024-09-26T10:37:56.000Z,2024-09-26,1727347076,Âge Moyen,0,5,27,93.31,1,0,8,697252,193.68,96.762500,-3.57,0,0
M00145,P01173,U00796,TX0017585,19.29,20250108102434,Marseille,BANK_TRANSFER,Food,58,60540.13,Marseille,Premium,"[""Food""]",20250822,Classic Cheese Platter 1173,Food,10.63,2.2,729,M00145,FoodHub 145,Food,Occitanie,0.0648,10,Mercredi,Janvier,0,Morning,1,2025-01-08T10:24:34.000Z,2025-01-08,1736331874,Âge Moyen,0,6,27,19.29,1,0,104,8984798,2495.78,96.072000,-79.92,0,0
M00259,P03184,U00796,TX0105687,318.40,20250110132018,Marseille,BANK_TRANSFER,Clothing,58,60540.13,Marseille,Premium,"[""Food""]",20250822,Elite T-Shirt 3184,Clothing,170.38,3.3,708,M00259,ClothingHub 259,Clothing,Ile-de-France,0.0986,13,Vendredi,Janvier,0,Afternoon,1,2025-01-10T13:20:18.000Z,2025-01-10,1736515218,Âge Moyen,0,7,27,337.69,2,0,2,183344,50.93,83.275000,282.35,0,0
M00259,P00178,U00796,TX0023299,773.81,20250110132146,Marseille,CRYPTO,Clothing,58,60540.13,Marseille,Premium,"[""Food""]",20250822,Pro Doll 178,Toys,56.5,2.8,534,M00081,ClothingHub 259,Clothing,Ile-de-France,0.0986,13,Vendredi,Janvier,0,Afternoon,1,2025-01-10T13:21:46.000Z,2025-01-10,1736515306,Âge Moyen,1,8,27,1111.50,2,0,0,88,0.02,116.864286,562.14,3,1
M00599,P00706,U00796,TX0099473,182.41,20250129081717,Marseille,BANK_TRANSFER,Food,58,60540.13,Marseille,Premium,"[""Food""]",20250822,Premium Cheese Platter 706,Food,85.02,4.4,602,M00599,GourmetShop 599,Food,Provence-Alpes-Côte d'Azur,0.0134,8,Mercredi,Janvier,0,Morning,0,2025-01-29T08:17:17.000Z,2025-01-29,1738138637,Âge Moyen,0,9,27,182.41,1,0,19,1623331,450.93,198.982500,-8.33,0,0
M00185,P02062,U00796,TX0119037,7.88,20250129194203,Marseille,CARD,Food,58,60540.13,Marseille,Premium,"[""Food""]",20250822,Classic Pasta Box 2062,Food,8.12,2.8,875,M00185,GourmetShop 185,Food,Ile-de-France,0.0104,19,Mercredi,Janvier,0,Evening,0,2025-01-29T19:42:03.000Z,2025-01-29,1738179723,Âge Moyen,0,10,27,190.29,1,0,0,41086,11.41,197.141111,-96.00,0,0
M00300,P02882,U00796,TX0016796,48.85,20250130140957,Marseille,BANK_TRANSFER,Food,58,60540.13,Marseille,Premium,"[""Food""]",20250822,Standard Cheese Platter 2882,Food,26.96,3.5,168,M00300,FoodHub 300,Food,Ile-de-France,0.0998,14,Jeudi,Janvier,0,Afternoon,1,2025-01-30T14:09:57.000Z,2025-01-30,1738246197,Âge Moyen,0,11,27,239.14,2,0,1,66474,18.47,178.215000,-72.59,0,0
M00137,P02666,U00796,TX0021147,558.73,20250131144330,Marseille,PAYPAL,Home & Garden,58,60540.13,Marseille,Premium,"[""Food""]",20250822,Elite Cookware Set 2666,Home & Garden,519.9,3.8,488,M00137,DecorShop 137,Home & Garden,Bretagne,0.048,14,Vendredi,Janvier,0,Afternoon,1,2025-01-31T14:43:30.000Z,2025-01-31,1738334610,Âge Moyen,0,12,27,797.87,3,0,1,88413,24.56,166.454545,235.67,0,0
M00505,P00032,U00796,TX0093616,863.36,20250313160613,Marseille,BANK_TRANSFER,Automotive,58,60540.13,Marseille,Premium,"[""Food""]",20250822,Pro Dash Cam 32,Automotive,907.98,1.7,1119,M00505,MotorHub 505,Automotive,Ile-de-France,0.0936,16,Jeudi,Mars,0,Afternoon,1,2025-03-13T16:06:13.000Z,2025-03-13,1741881973,Âge Moyen,0,13,27,863.36,1,0,41,3547363,985.38,199.144167,333.54,1,0
M00274,P00310,U00796,TX0078908,152.81,20250326175503,Marseille,CARD,Toys,58,60540.13,Marseille,Premium,"[""Food""]",20250822,Classic Toy Car 310,Toys,138.63,4.9,473,M00274,PlayShop 274,Toys,Normandie,0.0647,17,Mercredi,Mars,0,Afternoon,1,2025-03-26T17:55:03.000Z,2025-03-26,1743011703,Âge Moyen,0,14,27,152.81,1,0,13,1129730,313.81,250.237692,-38.93,0,0
M00332,P04611,U00796,TX0001436,27.93,20250326192013,Marseille,CASH,Food,58,60540.13,Marseille,Premium,"[""Food""]",20250822,Essential Coffee Pack 4611,Food,25.02,2.8,401,M00332,FreshMarket 332,Food,,0.0429,19,Mercredi,Mars,0,Evening,0,2025-03-26T19:20:13.000Z,2025-03-26,1743016813,Âge Moyen,0,15,27,180.74,1,0,0,5110,1.42,243.278571,-88.52,0,0
M00536,P01482,U00796,TX0118300,67.33,20250331180324,Marseille,BANK_TRANSFER,Food,58,60540.13,Marseille,Premium,"[""Food""]",20250822,Premium Chocolate Box 1482,Food,68.41,4.8,55,M00536,FreshMarket 536,Food,Ile-de-France,0.0248,18,Lundi,Mars,0,Evening,0,2025-03-31T18:03:24.000Z,2025-03-31,1743444204,Âge Moyen,0,16,27,248.07,2,0,5,427391,118.72,228.922000,-70.59,0,0
M00323,P01669,U00796,TX0098646,118.41,20250331222035,Marseille,BANK_TRANSFER,Food,58,60540.13,Marseille,Premium,"[""Food""]",20250822,Premium Olive Oil 1669,Food,59.0,4.1,456,M00323,GourmetShop 323,Food,Grand Est,0.0679,22,Lundi,Mars,0,Night,0,2025-03-31T22:20:35.000Z,2025-03-31,1743459635,Âge Moyen,0,17,27,366.48,2,0,0,15431,4.29,218.822500,-45.89,1,0
M00432,P00220,U00796,TX0059038,159.19,20250503144751,Marseille,BANK_TRANSFER,Automotive,58,60540.13,Marseille,Premium,"[""Food""]",20250822,Classic Tyre Set 220,Automotive,173.23,3.6,675,M00432,MotorHub 432,Automotive,Occitanie,0.054,14,Samedi,Mai,1,Afternoon,1,2025-05-03T14:47:51.000Z,2025-05-03,1746283671,Âge Moyen,0,18,27,159.19,1,0,33,2824036,784.45,212.915882,-25.23,0,0
M00141,P00529,U00796,TX0028760,45.50,20250521184007,Marseille,BANK_TRANSFER,Food,58,60540.13,Marseille,Premium,"[""Food""]",20250822,Elite Tea Set 529,Food,47.4,3.6,425,M00141,FoodMart 141,Food,Auvergne-Rhône-Alpes,0.049,18,Mercredi,Mai,0,Evening,0,2025-05-21T18:40:07.000Z,2025-05-21,1747852807,Âge Moyen,0,19,27,45.50,1,0,18,1569136,435.87,209.931111,-78.33,0,0
M00380,P01927,U00796,TX0138014,10.85,20250522144846,Marseille,CARD,Food,58,60540.13,Marseille,Premium,"[""Food""]",20250822,Standard Cheese Platter 1927,Food,4.87,2.2,781,M00380,FreshMarket 380,Food,Ile-de-France,0.0698,14,Jeudi,Mai,0,Afternoon,1,2025-05-22T14:48:46.000Z,2025-05-22,1747925326,Âge Moyen,0,20,27,56.35,2,0,1,72519,20.14,201.276842,-94.61,0,0
